0	54.5168704296281
5.00000000000000e-05	38.7800140401123
0.000100000000000000	24.8923990830590
0.000150000000000000	46.7023489378282
0.000200000000000000	72.6719066997122
0.000250000000000000	-4.49191637092160
0.000300000000000000	-6.57381455333224
0.000350000000000000	27.9649676535235
0.000400000000000000	77.4405732345472
0.000450000000000000	-1.37457421344109
0.000500000000000000	57.3909282001167
0.000550000000000000	63.6668574637213
0.000600000000000000	65.5955551680276
0.000650000000000000	71.2073762062777
0.000700000000000000	17.6940495104215
0.000750000000000000	24.7602522003556
0.000800000000000000	63.7785716792154
0.000850000000000000	60.6487861087841
0.000900000000000000	-29.9955894697682
0.000950000000000000	29.5979089604085
0.00100000000000000	14.2798891695810
0.00105000000000000	17.7928790532062
0.00110000000000000	6.24338412739399
0.00115000000000000	3.31259309898449
0.00120000000000000	56.9159930164937
0.00125000000000000	24.9912681357535
0.00130000000000000	40.4578041227591
0.00135000000000000	21.7321999882366
0.00140000000000000	30.8206249189030
0.00145000000000000	29.8674997193182
0.00150000000000000	76.2849286737263
0.00155000000000000	24.8785608578691
0.00160000000000000	49.2074020366849
0.00165000000000000	0.164981332513403
0.00170000000000000	31.8310515066939
0.00175000000000000	45.8010933653369
0.00180000000000000	26.5475394801949
0.00185000000000000	-42.5197944773090
0.00190000000000000	-8.24480301935464
0.00195000000000000	22.0824476111952
0.00200000000000000	-5.64200745105265
0.00205000000000000	18.3944531138766
0.00210000000000000	-14.9730216005995
0.00215000000000000	5.60550767071134
0.00220000000000000	38.5343801638209
0.00225000000000000	17.0086872261650
0.00230000000000000	-25.9180105261574
0.00235000000000000	37.0381905646498
0.00240000000000000	61.7697376082529
0.00245000000000000	-14.0915437974716
0.00250000000000000	-32.6836061754604
0.00255000000000000	-38.1016452138163
0.00260000000000000	-12.5983182658438
0.00265000000000000	-25.4800169575900
0.00270000000000000	-9.96078669679942
0.00275000000000000	11.8315697063609
0.00280000000000000	25.8336211926512
0.00285000000000000	62.8182242802778
0.00290000000000000	-21.7343807502376
0.00295000000000000	12.0398786217538
0.00300000000000000	-20.6561091109142
0.00305000000000000	-54.2801482134979
0.00310000000000000	39.6801442124410
0.00315000000000000	-7.87737496626838
0.00320000000000000	14.6134897746484
0.00325000000000000	29.3207824950829
0.00330000000000000	-23.9303985108826
0.00335000000000000	10.3667245824251
0.00340000000000000	27.1136039898772
0.00345000000000000	48.4596769627620
0.00350000000000000	-9.73281536767275
0.00355000000000000	96.5019029545090
0.00360000000000000	24.3247301823336
0.00365000000000000	36.3020685425927
0.00370000000000000	-22.9094274497890
0.00375000000000000	41.0428969423706
0.00380000000000000	32.1769559245762
0.00385000000000000	64.3137082447700
0.00390000000000000	37.7720228850635
0.00395000000000000	38.4379290786564
0.00400000000000000	10.2262407292714
0.00405000000000000	28.5527509107889
0.00410000000000000	3.11621492206417
0.00415000000000000	-68.1057053402931
0.00420000000000000	64.8553668028659
0.00425000000000000	-14.6092869797527
0.00430000000000000	44.0794304927193
0.00435000000000000	48.0590215810191
0.00440000000000000	-19.6865504129637
0.00445000000000000	24.0810966349257
0.00450000000000000	60.3968509933791
0.00455000000000000	29.4928575336728
0.00460000000000000	8.68155922982101
0.00465000000000000	12.1629974946112
0.00470000000000000	48.4479876111907
0.00475000000000000	47.8098690049419
0.00480000000000000	30.6228745054847
0.00485000000000000	51.6716867360400
0.00490000000000000	26.3261911046605
0.00495000000000000	54.1880141177012
0.00500000000000000	41.9574981996135
0.00505000000000000	78.1002420361667
0.00510000000000000	-3.79049425451844
0.00515000000000000	65.4797350811571
0.00520000000000000	-5.70114115516288
0.00525000000000000	17.1851068524738
0.00530000000000000	110.557429215637
0.00535000000000000	-1.89090020441478
0.00540000000000000	47.6533559996266
0.00545000000000000	41.4575795979701
0.00550000000000000	1.19393300626963
0.00555000000000000	-16.0417037622998
0.00560000000000000	20.0215532998700
0.00565000000000000	31.4130811524238
0.00570000000000000	14.8341035060214
0.00575000000000000	7.05157535811673
0.00580000000000000	-75.5393989517445
0.00585000000000000	3.66363664308992
0.00590000000000000	87.5681797020301
0.00595000000000000	8.74070262729321
0.00600000000000000	-0.0649750023098292
0.00605000000000000	20.2154170195633
0.00610000000000000	49.2340859837268
0.00615000000000000	-2.76027556629639
0.00620000000000000	45.7893257368460
0.00625000000000000	28.7730616107604
0.00630000000000000	5.15866941460485
0.00635000000000000	0.330825098684505
0.00640000000000000	32.3999700579238
0.00645000000000000	-42.7158326862007
0.00650000000000000	-41.2730615943680
0.00655000000000000	-4.46044827763951
0.00660000000000000	2.84848251400059
0.00665000000000000	18.3522822548303
0.00670000000000000	1.91205421493245
0.00675000000000000	10.0309097624285
0.00680000000000000	51.4689378961690
0.00685000000000000	-38.7062924162565
0.00690000000000000	-22.3711830852736
0.00695000000000000	1.94311333422580
0.00700000000000000	9.81363256620056
0.00705000000000000	43.5937441903213
0.00710000000000000	-20.4603139258249
0.00715000000000000	26.3365623665459
0.00720000000000000	9.92289621919660
0.00725000000000000	-39.3750509828719
0.00730000000000000	-12.2879439032492
0.00735000000000000	14.9699379858658
0.00740000000000000	11.0050148105010
0.00745000000000000	12.0964238061302
0.00750000000000000	9.89965814008241
0.00755000000000000	4.76239593235026
0.00760000000000000	7.14858350190713
0.00765000000000000	68.8948957104035
0.00770000000000000	19.2646574754290
0.00775000000000000	43.0131428640825
0.00780000000000000	-3.93403456868192
0.00785000000000000	38.1438136530941
0.00790000000000000	-17.0626413652682
0.00795000000000000	18.0037663119522
0.00800000000000000	36.1359779449174
0.00805000000000000	-4.46143363665826
0.00810000000000000	25.4368871333973
0.00815000000000000	31.1801845579583
0.00820000000000000	34.2280696583488
0.00825000000000000	18.3667005949515
0.00830000000000000	23.7045157931557
0.00835000000000000	31.0642686449291
0.00840000000000000	20.6620794804771
0.00845000000000000	-6.60257463536602
0.00850000000000000	25.6944075367496
0.00855000000000000	1.89469546496681
0.00860000000000000	1.92346752456649
0.00865000000000000	34.0392559959824
0.00870000000000000	29.0533310915315
0.00875000000000000	47.6520769909352
0.00880000000000000	74.5049387168003
0.00885000000000000	8.92057751511043
0.00890000000000000	134.938323835455
0.00895000000000000	27.2213507083029
0.00900000000000000	16.4669625795825
0.00905000000000000	-22.5653008975520
0.00910000000000000	78.7332553187173
0.00915000000000000	69.2044936607796
0.00920000000000000	76.2660151124599
0.00925000000000000	8.19032851461036
0.00930000000000000	62.6575116692959
0.00935000000000000	2.18343678924862
0.00940000000000000	41.8670826519356
0.00945000000000000	26.4155652553751
0.00950000000000000	26.7194496224007
0.00955000000000000	43.3438635451284
0.00960000000000000	21.0151307588874
0.00965000000000000	31.6451798442669
0.00970000000000000	13.4087802409433
0.00975000000000000	21.8987976512813
0.00980000000000000	15.8703018263430
0.00985000000000000	-41.6349056180874
0.00990000000000000	-91.3331764385386
0.00995000000000000	41.7943198641763
0.0100000000000000	-78.2336799948349
0.0100500000000000	89.8270422893556
0.0101000000000000	4.06487402194679
0.0101500000000000	37.3291479009206
0.0102000000000000	-31.0858884402193
0.0102500000000000	-54.4755256373915
0.0103000000000000	1.82872699727011
0.0103500000000000	22.6486734055636
0.0104000000000000	-24.5115779101469
0.0104500000000000	-8.88297842137050
0.0105000000000000	-25.1567034911585
0.0105500000000000	4.03066086429521
0.0106000000000000	43.4894993766109
0.0106500000000000	0.495738508116880
0.0107000000000000	-7.09474728126036
0.0107500000000000	11.6301545700473
0.0108000000000000	-27.2578271623661
0.0108500000000000	-21.0460840289925
0.0109000000000000	7.73956374566098
0.0109500000000000	15.2011360806779
0.0110000000000000	-21.9639506051095
0.0110500000000000	-2.10510732020132
0.0111000000000000	-4.20117353816652
0.0111500000000000	-34.5078229078780
0.0112000000000000	11.2987411063861
0.0112500000000000	-0.105866355127414
0.0113000000000000	-36.3537556310251
0.0113500000000000	59.7449864041278
0.0114000000000000	20.9531117849072
0.0114500000000000	16.2094429043586
0.0115000000000000	-33.4314635949072
0.0115500000000000	0.878421866224782
0.0116000000000000	66.5003526443125
0.0116500000000000	-30.7667942530227
0.0117000000000000	63.1783480610984
0.0117500000000000	58.3444628756183
0.0118000000000000	-12.5794546797541
0.0118500000000000	-6.75956813560205
0.0119000000000000	-3.10269392927991
0.0119500000000000	-16.2898448788415
0.0120000000000000	-42.4489780251846
0.0120500000000000	10.0179511612025
0.0121000000000000	19.4907604235603
0.0121500000000000	45.9911924075990
0.0122000000000000	77.4837808195583
0.0122500000000000	-1.00403522194749
0.0123000000000000	79.2476243612774
0.0123500000000000	82.5040158570971
0.0124000000000000	6.74279074717560
0.0124500000000000	14.3982019146714
0.0125000000000000	9.07379156081053
0.0125500000000000	59.5950600667144
0.0126000000000000	-8.16071886846327
0.0126500000000000	83.3308408261330
0.0127000000000000	-18.1683536221934
0.0127500000000000	36.7676301753050
0.0128000000000000	5.87856965810254
0.0128500000000000	28.2307645926395
0.0129000000000000	33.4356020737670
0.0129500000000000	31.7830400387654
0.0130000000000000	3.39512322321416
0.0130500000000000	58.4679517396694
0.0131000000000000	44.3545157288312
0.0131500000000000	67.4180874613807
0.0132000000000000	81.2354289042539
0.0132500000000000	-21.2334754090354
0.0133000000000000	19.9450417808135
0.0133500000000000	-9.27767333472417
0.0134000000000000	24.7532425358821
0.0134500000000000	9.79029159463306
0.0135000000000000	-9.01825021685286
0.0135500000000000	44.8139813880969
0.0136000000000000	37.8313003458438
0.0136500000000000	4.15154477241543
0.0137000000000000	-18.2306841680185
0.0137500000000000	8.82485288681122
0.0138000000000000	7.74381154318893
0.0138500000000000	44.7981833394771
0.0139000000000000	1.71389454570849
0.0139500000000000	-3.43999506706567
0.0140000000000000	-45.4856391286916
0.0140500000000000	18.3690293698500
0.0141000000000000	20.9009598330454
0.0141500000000000	-31.5368926000159
0.0142000000000000	-20.0896047048447
0.0142500000000000	-27.3176124113179
0.0143000000000000	21.6612915283167
0.0143500000000000	-11.5262132697392
0.0144000000000000	0.760472196592563
0.0144500000000000	-2.36698209436583
0.0145000000000000	44.3601932639285
0.0145500000000000	-17.4320286621734
0.0146000000000000	-69.1627249611785
0.0146500000000000	65.5549550666672
0.0147000000000000	-46.6939983781047
0.0147500000000000	37.0532099916393
0.0148000000000000	25.8052852144110
0.0148500000000000	-7.78814348696414
0.0149000000000000	21.5452115139513
0.0149500000000000	-45.8385518785841
0.0150000000000000	-0.248480872702448
0.0150500000000000	-14.3016104893202
0.0151000000000000	50.1077336350986
0.0151500000000000	-35.9127743030877
0.0152000000000000	61.0321932847402
0.0152500000000000	24.0251022947151
0.0153000000000000	36.3183826225120
0.0153500000000000	14.2624728812365
0.0154000000000000	7.28602436412173
0.0154500000000000	46.1477090346269
0.0155000000000000	-8.66319189987682
0.0155500000000000	-5.32491920561089
0.0156000000000000	-30.4869094190830
0.0156500000000000	28.9469117122784
0.0157000000000000	-15.8672137649135
0.0157500000000000	43.8064085082372
0.0158000000000000	47.3359525393442
0.0158500000000000	19.0703270423017
0.0159000000000000	55.1395930878437
0.0159500000000000	5.24360483092623
0.0160000000000000	-1.56395640242370
0.0160500000000000	-12.6420797558470
0.0161000000000000	35.6432832578634
0.0161500000000000	31.2604007261121
0.0162000000000000	76.6905042529771
0.0162500000000000	41.4827635185787
0.0163000000000000	15.9761751099237
0.0163500000000000	13.1766823524393
0.0164000000000000	80.3964566579263
0.0164500000000000	35.7431877706796
0.0165000000000000	62.3248629928740
0.0165500000000000	49.0264564158710
0.0166000000000000	22.5886379308491
0.0166500000000000	52.2572461424683
0.0167000000000000	54.8520188341300
0.0167500000000000	0.113927835021492
0.0168000000000000	25.0128223815468
0.0168500000000000	29.3827940750324
0.0169000000000000	29.2695780693054
0.0169500000000000	-40.0206376076839
0.0170000000000000	47.5057924322923
0.0170500000000000	42.1690140688968
0.0171000000000000	1.58187754618437
0.0171500000000000	29.5527448022940
0.0172000000000000	46.8865426170620
0.0172500000000000	76.4603555620827
0.0173000000000000	50.4633510776128
0.0173500000000000	22.4190793477508
0.0174000000000000	-8.68652347912420
0.0174500000000000	-47.2281846764295
0.0175000000000000	-47.2257919864054
0.0175500000000000	-58.9339725765272
0.0176000000000000	-38.0345535286322
0.0176500000000000	57.4247872912207
0.0177000000000000	6.75136543150489
0.0177500000000000	1.50621372940911
0.0178000000000000	83.1895849835659
0.0178500000000000	29.5884880557297
0.0179000000000000	1.66560966901204
0.0179500000000000	-23.5450161746889
0.0180000000000000	-15.5353849249147
0.0180500000000000	13.5991938278439
0.0181000000000000	23.5548087128874
0.0181500000000000	16.8705877981779
0.0182000000000000	31.5840772381509
0.0182500000000000	-10.5802749347188
0.0183000000000000	56.6430563633455
0.0183500000000000	-17.3628006372280
0.0184000000000000	0.728533444433278
0.0184500000000000	-15.3343213980441
0.0185000000000000	4.30421950909921
0.0185500000000000	-14.4016651774213
0.0186000000000000	5.26064140966746
0.0186500000000000	-4.38179774276023
0.0187000000000000	50.5710379198881
0.0187500000000000	-28.5122618892914
0.0188000000000000	-74.6580361564661
0.0188500000000000	-8.65832962587913
0.0189000000000000	-2.03109752175686
0.0189500000000000	14.8461830158606
0.0190000000000000	25.1064401493665
0.0190500000000000	-31.5572212692630
0.0191000000000000	69.8009107328956
0.0191500000000000	35.0105883736564
0.0192000000000000	-16.6073711806319
0.0192500000000000	-13.3357168892681
0.0193000000000000	-6.70378135092565
0.0193500000000000	40.1871067144285
0.0194000000000000	-36.9487848840618
0.0194500000000000	0.293141404926551
0.0195000000000000	9.67261735447474
0.0195500000000000	-30.9502683039151
0.0196000000000000	31.5558217360502
0.0196500000000000	61.5472925741540
0.0197000000000000	37.5440148629603
0.0197500000000000	26.5737637680290
0.0198000000000000	76.1877230697714
0.0198500000000000	-4.95379686073549
0.0199000000000000	40.3676969941720
0.0199500000000000	76.1331110024141
0.0200000000000000	43.5497673051568
0.0200500000000000	61.9608506293371
0.0201000000000000	4.32206609637548
0.0201500000000000	9.62392113605361
0.0202000000000000	34.5928965217701
0.0202500000000000	5.94262421731922
0.0203000000000000	26.8186042646936
0.0203500000000000	64.7561283825723
0.0204000000000000	81.1124845329906
0.0204500000000000	26.7184110169712
0.0205000000000000	23.3405492196285
0.0205500000000000	58.2833170689727
0.0206000000000000	77.1774101737940
0.0206500000000000	48.0633909670092
0.0207000000000000	15.5129475385666
0.0207500000000000	61.2837542750657
0.0208000000000000	16.9127140746834
0.0208500000000000	64.2561125232359
0.0209000000000000	83.4190518304098
0.0209500000000000	18.8871388303827
0.0210000000000000	27.2952096885398
0.0210500000000000	33.8510449000112
0.0211000000000000	68.9996731297883
0.0211500000000000	0.242090361738132
0.0212000000000000	103.515150953352
0.0212500000000000	14.3765400144477
0.0213000000000000	-11.4873661926565
0.0213500000000000	7.98118137320254
0.0214000000000000	59.1936377889938
0.0214500000000000	-23.9887889725960
0.0215000000000000	-26.6673782572895
0.0215500000000000	27.6771364902587
0.0216000000000000	6.59236083595240
0.0216500000000000	3.09985227288131
0.0217000000000000	65.5548866963603
0.0217500000000000	-18.2348679618357
0.0218000000000000	36.6751598168149
0.0218500000000000	41.1251160270817
0.0219000000000000	4.69385464881013
0.0219500000000000	-26.3664776874434
0.0220000000000000	2.00053144735556
0.0220500000000000	35.2293132114477
0.0221000000000000	-49.7975622634858
0.0221500000000000	-21.1283983521541
0.0222000000000000	0.840534837993367
0.0222500000000000	20.9930802119679
0.0223000000000000	-3.21233261404353
0.0223500000000000	-15.0983059043763
0.0224000000000000	-8.91795377952737
0.0224500000000000	14.8199814988105
0.0225000000000000	-8.70377039606477
0.0225500000000000	17.2963950829078
0.0226000000000000	-54.9919522360715
0.0226500000000000	-22.1334132984575
0.0227000000000000	-56.0325318298647
0.0227500000000000	-43.9514575095628
0.0228000000000000	-23.3705988122515
0.0228500000000000	-38.9498616078557
0.0229000000000000	5.30761141059547
0.0229500000000000	-45.1879439706188
0.0230000000000000	-3.63973004373144
0.0230500000000000	1.90939066742429
0.0231000000000000	-52.3555078230581
0.0231500000000000	-74.1247842156675
0.0232000000000000	22.2792286213915
0.0232500000000000	-19.6595927200598
0.0233000000000000	-31.1519746459812
0.0233500000000000	-36.8915530704902
0.0234000000000000	-69.3722177680421
0.0234500000000000	31.9015283083851
0.0235000000000000	16.6785062434563
0.0235500000000000	-4.61612271726050
0.0236000000000000	20.2787725279013
0.0236500000000000	18.5782621696913
0.0237000000000000	36.8684060405451
0.0237500000000000	22.1066762246923
0.0238000000000000	-30.9816941528969
0.0238500000000000	-41.2570305434850
0.0239000000000000	37.6183895480204
0.0239500000000000	47.4335248100078
0.0240000000000000	5.46965431045521
0.0240500000000000	27.9697109665539
0.0241000000000000	38.8143284932105
0.0241500000000000	45.1147101867594
0.0242000000000000	71.7107672988487
0.0242500000000000	88.4560209820809
0.0243000000000000	33.4351653730406
0.0243500000000000	44.0829465275285
0.0244000000000000	34.7405791998808
0.0244500000000000	55.9089502126841
0.0245000000000000	-21.8220322534113
0.0245500000000000	38.3001707832367
0.0246000000000000	-1.58979399991182
0.0246500000000000	52.1176156071469
0.0247000000000000	72.7189016221332
0.0247500000000000	16.7960139767858
0.0248000000000000	8.21184808366106
0.0248500000000000	36.2679338679895
0.0249000000000000	43.7423011831241
0.0249500000000000	100.734165626169
0.0250000000000000	63.4699928551805
0.0250500000000000	68.0763495481017
0.0251000000000000	-17.0040110865003
0.0251500000000000	15.4926761585016
0.0252000000000000	-33.9489399629578
0.0252500000000000	37.4502806263050
0.0253000000000000	55.4198960550634
0.0253500000000000	61.8948422408345
0.0254000000000000	-18.4933052657564
0.0254500000000000	35.7207911481751
0.0255000000000000	-29.1477084626724
0.0255500000000000	51.4148113609000
0.0256000000000000	0.541045261398358
0.0256500000000000	62.6185910275677
0.0257000000000000	29.9041950450458
0.0257500000000000	6.25911816340040
0.0258000000000000	58.3464065994864
0.0258500000000000	-12.4105321252884
0.0259000000000000	-1.46597955011812
0.0259500000000000	26.2591215057537
0.0260000000000000	-4.97910278436072
0.0260500000000000	-44.8673002218885
0.0261000000000000	-14.8336593911190
0.0261500000000000	-33.3894263433569
0.0262000000000000	34.5667919987687
0.0262500000000000	14.4089170530753
0.0263000000000000	49.0720599850286
0.0263500000000000	62.1790990028417
0.0264000000000000	4.66643947362693
0.0264500000000000	-7.36895180216302
0.0265000000000000	-19.5046937417557
0.0265500000000000	-21.1176300900239
0.0266000000000000	11.7093140491790
0.0266500000000000	0.231911594480465
0.0267000000000000	-26.1678504170362
0.0267500000000000	-10.3542665218989
0.0268000000000000	-6.96876578555828
0.0268500000000000	38.1998858678765
0.0269000000000000	-24.9186229094601
0.0269500000000000	24.7297475184614
0.0270000000000000	10.0512742262113
0.0270500000000000	-62.3768293045474
0.0271000000000000	16.5493196219094
0.0271500000000000	-35.7927879199763
0.0272000000000000	-35.2390559833750
0.0272500000000000	18.0015587869892
0.0273000000000000	23.9386894369238
0.0273500000000000	0.554083239625131
0.0274000000000000	-49.4912226358581
0.0274500000000000	0.0837483825864496
0.0275000000000000	16.5752597160894
0.0275500000000000	13.9946739177935
0.0276000000000000	12.3316666066992
0.0276500000000000	34.3103699435998
0.0277000000000000	8.71694900607788
0.0277500000000000	19.1614993682864
0.0278000000000000	65.3497035136152
0.0278500000000000	23.3374482910413
0.0279000000000000	34.8882977164403
0.0279500000000000	27.6047274935854
0.0280000000000000	-20.1787499311381
0.0280500000000000	27.6589789614905
0.0281000000000000	90.0596329699609
0.0281500000000000	5.04570154288964
0.0282000000000000	64.7084277489030
0.0282500000000000	14.7641368681498
0.0283000000000000	39.1490992824553
0.0283500000000000	71.6579460456563
0.0284000000000000	13.6970268601860
0.0284500000000000	-32.4129081263931
0.0285000000000000	22.1239435392160
0.0285500000000000	76.3936559793729
0.0286000000000000	-0.804246784499501
0.0286500000000000	22.2693833192225
0.0287000000000000	-6.01438129877787
0.0287500000000000	51.1657058755323
0.0288000000000000	37.2144716024555
0.0288500000000000	14.3339849599332
0.0289000000000000	25.9062703771768
0.0289500000000000	-8.37934577147357
0.0290000000000000	46.3412715295148
0.0290500000000000	36.9447742954423
0.0291000000000000	70.0577445681909
0.0291500000000000	47.3613622549228
0.0292000000000000	8.62383595314859
0.0292500000000000	9.41618682527248
0.0293000000000000	22.1933251375121
0.0293500000000000	-9.05471138230171
0.0294000000000000	-1.95840740268310
0.0294500000000000	14.4573878009631
0.0295000000000000	31.9831312679671
0.0295500000000000	26.3105332331539
0.0296000000000000	-1.44414813347858
0.0296500000000000	40.3890552077456
0.0297000000000000	-1.83445095825007
0.0297500000000000	33.3963338130740
0.0298000000000000	19.3641278236597
0.0298500000000000	3.20967926938519
0.0299000000000000	37.1916197962451
0.0299500000000000	-3.13094834927348
0.0300000000000000	40.9136131746823
0.0300500000000000	12.8054620794588
0.0301000000000000	-24.7533942163916
0.0301500000000000	-7.26021117203944
0.0302000000000000	-59.8625661353988
0.0302500000000000	8.41505335433072
0.0303000000000000	1.35432511043731
0.0303500000000000	20.4338192336175
0.0304000000000000	-29.8770253657754
0.0304500000000000	-15.0952425314739
0.0305000000000000	-61.1069293333448
0.0305500000000000	-1.15175615643273
0.0306000000000000	47.4359303772067
0.0306500000000000	-59.2285689325480
0.0307000000000000	-12.3424195933306
0.0307500000000000	-7.25198975255853
0.0308000000000000	-36.6198019323218
0.0308500000000000	24.6731603385929
0.0309000000000000	-34.0420158998520
0.0309500000000000	44.6161750078489
0.0310000000000000	-23.8758833277110
0.0310500000000000	-15.9964591564837
0.0311000000000000	-72.7694497710612
0.0311500000000000	29.7458119329833
0.0312000000000000	38.9183678437592
0.0312500000000000	1.66130981527893
0.0313000000000000	-6.39040639904312
0.0313500000000000	18.2460666328468
0.0314000000000000	16.5861343071953
0.0314500000000000	-20.4942081681892
0.0315000000000000	25.7538518816928
0.0315500000000000	-28.2573348684430
0.0316000000000000	11.3046410787929
0.0316500000000000	68.3057226742660
0.0317000000000000	32.9763593182380
0.0317500000000000	56.1450724231450
0.0318000000000000	3.74859637915863
0.0318500000000000	11.6242876461739
0.0319000000000000	49.0225640197466
0.0319500000000000	34.7122549811762
0.0320000000000000	22.2200921069958
0.0320500000000000	5.19833189636088
0.0321000000000000	-24.3476564038110
0.0321500000000000	52.4961106372108
0.0322000000000000	45.1114582066831
0.0322500000000000	118.652529208349
0.0323000000000000	24.7417480147566
0.0323500000000000	68.5635496881877
0.0324000000000000	111.273788162441
0.0324500000000000	36.1293550315905
0.0325000000000000	16.2678173169971
0.0325500000000000	-38.3515241628197
0.0326000000000000	-20.8175174696281
0.0326500000000000	72.7423252394393
0.0327000000000000	16.3704624603174
0.0327500000000000	-1.03778677180216
0.0328000000000000	47.8077042556077
0.0328500000000000	41.4779606893967
0.0329000000000000	51.1712575269224
0.0329500000000000	27.1697417760381
0.0330000000000000	3.51985341516529
0.0330500000000000	33.6945469219669
0.0331000000000000	51.7939270696713
0.0331500000000000	11.5597246287226
0.0332000000000000	0.0356752368020157
0.0332500000000000	7.69992599016427
0.0333000000000000	47.7252419644212
0.0333500000000000	-24.6416110749953
0.0334000000000000	32.2021520888905
0.0334500000000000	10.4103172438805
0.0335000000000000	-23.4217701017084
0.0335500000000000	21.4622398817622
0.0336000000000000	40.8318060829502
0.0336500000000000	25.6413777940882
0.0337000000000000	70.5061682361819
0.0337500000000000	35.0293424083853
0.0338000000000000	8.08820656888766
0.0338500000000000	31.2227644227047
0.0339000000000000	-28.7512732842718
0.0339500000000000	-34.7727173417949
0.0340000000000000	-16.8056555523350
0.0340500000000000	44.4127614104226
0.0341000000000000	67.2474322651270
0.0341500000000000	36.7275017988229
0.0342000000000000	12.3822122107032
0.0342500000000000	-10.7564088945380
0.0343000000000000	-2.69786023309968
0.0343500000000000	6.39807736924744
0.0344000000000000	31.5919266323046
0.0344500000000000	0.193073944759323
0.0345000000000000	0.371592332796004
0.0345500000000000	34.5453944335911
0.0346000000000000	16.7840174891911
0.0346500000000000	48.0148553780983
0.0347000000000000	19.8215620201788
0.0347500000000000	-20.3161688067840
0.0348000000000000	-13.3533142615768
0.0348500000000000	-18.3202940773614
0.0349000000000000	-47.0865908585453
0.0349500000000000	35.0126183640898
0.0350000000000000	1.70376057973995
0.0350500000000000	52.6599866342140
0.0351000000000000	-29.8857420604669
0.0351500000000000	27.9030737844038
0.0352000000000000	-18.5653206411524
0.0352500000000000	67.8653980174972
0.0353000000000000	-28.2052279122891
0.0353500000000000	19.5433323038443
0.0354000000000000	48.6439263260475
0.0354500000000000	-7.66554774467193
0.0355000000000000	2.88356499996866
0.0355500000000000	17.8035957889897
0.0356000000000000	14.3664360187982
0.0356500000000000	51.0303030256594
0.0357000000000000	4.63290870778112
0.0357500000000000	-10.0038930857990
0.0358000000000000	25.2303441551085
0.0358500000000000	62.0840000134659
0.0359000000000000	-13.9448163445394
0.0359500000000000	8.15361466969601
0.0360000000000000	74.4142939198340
0.0360500000000000	-20.6552444871988
0.0361000000000000	44.1365858924848
0.0361500000000000	90.2307083640202
0.0362000000000000	20.3545432507785
0.0362500000000000	93.6873982380778
0.0363000000000000	37.0595340600250
0.0363500000000000	46.4030107828261
0.0364000000000000	39.2348862077611
0.0364500000000000	24.0616578158781
0.0365000000000000	65.3062975231675
0.0365500000000000	32.5109803522779
0.0366000000000000	81.0065451117843
0.0366500000000000	34.0853417924239
0.0367000000000000	51.0096292169018
0.0367500000000000	2.15212683465965
0.0368000000000000	26.9334215651207
0.0368500000000000	44.1885485054337
0.0369000000000000	64.9815937016764
0.0369500000000000	40.4084314625241
0.0370000000000000	20.4115452511506
0.0370500000000000	1.82860095739967
0.0371000000000000	-9.67984195427211
0.0371500000000000	-8.80928631919829
0.0372000000000000	23.8669664938744
0.0372500000000000	23.6391800360380
0.0373000000000000	17.4243357692880
0.0373500000000000	8.20163145559195
0.0374000000000000	17.1540683926722
0.0374500000000000	15.1082418622703
0.0375000000000000	54.6938830838678
0.0375500000000000	120.034582484891
0.0376000000000000	-32.8053078014326
0.0376500000000000	77.0511380576482
0.0377000000000000	5.24763851426343
0.0377500000000000	-8.09095670514989
0.0378000000000000	-20.1377764243270
0.0378500000000000	31.5047100805720
0.0379000000000000	14.3973200403698
0.0379500000000000	11.6448481789518
0.0380000000000000	43.8821218342455
0.0380500000000000	9.02116659477660
0.0381000000000000	11.9332625936667
0.0381500000000000	9.77663252380936
0.0382000000000000	-36.0500042831895
0.0382500000000000	6.87841844077024
0.0383000000000000	-46.2899000340226
0.0383500000000000	3.38482918591779
0.0384000000000000	15.2773138305076
0.0384500000000000	-14.1587193547429
0.0385000000000000	-2.73740475555467
0.0385500000000000	1.70687320184517
0.0386000000000000	25.8280900461870
0.0386500000000000	-7.94643158921774
0.0387000000000000	-23.5588245878421
0.0387500000000000	2.30257106426773
0.0388000000000000	-29.7038743508171
0.0388500000000000	-37.7786007515579
0.0389000000000000	14.5901462858027
0.0389500000000000	21.9654065911913
0.0390000000000000	56.3821356760394
0.0390500000000000	-47.3645906672430
0.0391000000000000	-43.4701692454590
0.0391500000000000	36.5177834777229
0.0392000000000000	28.1360220491549
0.0392500000000000	27.5913194112939
0.0393000000000000	16.8474474012372
0.0393500000000000	5.79147161378515
0.0394000000000000	-29.1258195832591
0.0394500000000000	60.6785020149335
0.0395000000000000	-66.6882518854456
0.0395500000000000	34.0096701094870
0.0396000000000000	53.9105290041493
0.0396500000000000	63.8364525448453
0.0397000000000000	17.3478326281760
0.0397500000000000	36.2570543609795
0.0398000000000000	52.9970704123941
0.0398500000000000	29.5963943342007
0.0399000000000000	55.0269007560630
0.0399500000000000	-14.0776236766846
0.0400000000000000	4.67894349936175
0.0400500000000000	88.0017278039287
0.0401000000000000	57.7439091592795
0.0401500000000000	47.3537029768760
0.0402000000000000	33.3217622768439
0.0402500000000000	-21.6089657464037
0.0403000000000000	65.0147987686738
0.0403500000000000	14.8789351789177
0.0404000000000000	-13.8538350501500
0.0404500000000000	62.2840101173517
0.0405000000000000	6.45882396339314
0.0405500000000000	47.8808853633526
0.0406000000000000	46.1296088847593
0.0406500000000000	20.7166204155845
0.0407000000000000	-5.19770326037465
0.0407500000000000	61.0403309017405
0.0408000000000000	47.3002952568138
0.0408500000000000	30.6184595674454
0.0409000000000000	49.7678798159712
0.0409500000000000	27.0440816838563
0.0410000000000000	60.8726876430022
0.0410500000000000	-5.93655805920317
0.0411000000000000	23.1557680076114
0.0411500000000000	82.4041299409072
0.0412000000000000	5.34255633026560
0.0412500000000000	49.9225284609673
0.0413000000000000	65.2275180621209
0.0413500000000000	60.0493266757346
0.0414000000000000	62.8107358321714
0.0414500000000000	-19.1612145630484
0.0415000000000000	17.4385746638545
0.0415500000000000	-39.6313370755835
0.0416000000000000	-1.89110581783837
0.0416500000000000	17.4785072531886
0.0417000000000000	4.45604028794915
0.0417500000000000	23.5271591983497
0.0418000000000000	3.14088975771526
0.0418500000000000	44.3490519556784
0.0419000000000000	24.2152822881987
0.0419500000000000	-11.2521308813640
0.0420000000000000	2.21971027967412
0.0420500000000000	20.4232034049577
0.0421000000000000	30.7243730772034
0.0421500000000000	13.3521387588288
0.0422000000000000	17.7795126724035
0.0422500000000000	13.8375652188675
0.0423000000000000	-37.2850884852046
0.0423500000000000	-13.1002856954320
0.0424000000000000	-14.9835802065428
0.0424500000000000	10.9009044549805
0.0425000000000000	32.0724960461144
0.0425500000000000	0.601177034198223
0.0426000000000000	-20.0208122030996
0.0426500000000000	-59.6949812317205
0.0427000000000000	-0.742799930609980
0.0427500000000000	-63.1118054592791
0.0428000000000000	20.0997853677832
0.0428500000000000	13.5724448285916
0.0429000000000000	-6.14333133877122
0.0429500000000000	-23.6725124985478
0.0430000000000000	18.8822889072100
0.0430500000000000	2.11248385568524
0.0431000000000000	28.4633468380837
0.0431500000000000	-39.8895072371270
0.0432000000000000	-6.39637663716132
0.0432500000000000	16.7349134127067
0.0433000000000000	28.1112831951587
0.0433500000000000	19.4935893934171
0.0434000000000000	-44.6426892360499
0.0434500000000000	7.87745353122183
0.0435000000000000	-14.6519528156324
0.0435500000000000	17.7599037403027
0.0436000000000000	-4.35064314560331
0.0436500000000000	9.07820686350861
0.0437000000000000	-2.21480688913129
0.0437500000000000	8.15269058756521
0.0438000000000000	92.1025944137624
0.0438500000000000	17.0224941953610
0.0439000000000000	-11.4667127360677
0.0439500000000000	56.8358673194207
0.0440000000000000	6.58583725525956
0.0440500000000000	77.4316952802409
0.0441000000000000	15.2876639863711
0.0441500000000000	44.3803609161155
0.0442000000000000	-3.47333912623251
0.0442500000000000	35.1182168931780
0.0443000000000000	-24.9106054555680
0.0443500000000000	-22.0776577715188
0.0444000000000000	40.4703661743760
0.0444500000000000	-19.1827092347379
0.0445000000000000	6.25294294175217
0.0445500000000000	91.9708990395133
0.0446000000000000	57.0440275040097
0.0446500000000000	-9.15506595564257
0.0447000000000000	79.3725503715337
0.0447500000000000	40.7405228631130
0.0448000000000000	-15.5521189047648
0.0448500000000000	26.8654129838959
0.0449000000000000	-24.7624453133713
0.0449500000000000	13.0423036260870
0.0450000000000000	35.8080193486257
0.0450500000000000	-11.4241231705175
0.0451000000000000	22.1154828527162
0.0451500000000000	90.4050810631124
0.0452000000000000	20.6394965426662
0.0452500000000000	2.81560032329579
0.0453000000000000	0.243146111931395
0.0453500000000000	23.0271713902951
0.0454000000000000	8.21070153895087
0.0454500000000000	69.4567021785377
0.0455000000000000	60.7200039756496
0.0455500000000000	-37.8069430373379
0.0456000000000000	44.3093371520716
0.0456500000000000	91.4274306487776
0.0457000000000000	-18.0463976718064
0.0457500000000000	-9.10992720003712
0.0458000000000000	22.1375609400536
0.0458500000000000	27.6900942524064
0.0459000000000000	-25.5485075870965
0.0459500000000000	-15.9655166663170
0.0460000000000000	-42.8158386648997
0.0460500000000000	-13.7011927325850
0.0461000000000000	58.9333871144143
0.0461500000000000	10.1823722006222
0.0462000000000000	-29.1127533060828
0.0462500000000000	37.6452967792652
0.0463000000000000	9.37294835135885
0.0463500000000000	-20.1248539355663
0.0464000000000000	-28.0707807548983
0.0464500000000000	26.7228357697401
0.0465000000000000	-3.02161975506274
0.0465500000000000	24.7277210096763
0.0466000000000000	-29.8751105753698
0.0466500000000000	-10.2879139493075
0.0467000000000000	38.2737065846595
0.0467500000000000	-14.6656079530443
0.0468000000000000	-41.3844657270804
0.0468500000000000	-2.73585062621368
0.0469000000000000	-40.3403453427557
0.0469500000000000	8.03174119061642
0.0470000000000000	0.292132115136623
0.0470500000000000	4.72260251253445
0.0471000000000000	-47.9638272390281
0.0471500000000000	54.0446082370945
0.0472000000000000	-19.2068019957348
0.0472500000000000	-28.9508283547901
0.0473000000000000	-6.50275578796465
0.0473500000000000	30.3323777389194
0.0474000000000000	7.68795166285874
0.0474500000000000	0.237609667614912
0.0475000000000000	-14.9301214080333
0.0475500000000000	7.91412983964638
0.0476000000000000	17.6452168296882
0.0476500000000000	4.76247334006353
0.0477000000000000	-2.64708756946540
0.0477500000000000	46.2688766791350
0.0478000000000000	35.6215388349195
0.0478500000000000	-28.9763047376848
0.0479000000000000	-41.8779402060886
0.0479500000000000	63.3975616035929
0.0480000000000000	37.0494471759695
0.0480500000000000	22.2169595882859
0.0481000000000000	53.9435245126952
0.0481500000000000	-39.6268563127934
0.0482000000000000	17.4588249641505
0.0482500000000000	45.1258731532502
0.0483000000000000	18.9455622971996
0.0483500000000000	43.4980824337815
0.0484000000000000	73.5785276883605
0.0484500000000000	35.4578521757396
0.0485000000000000	0.554598443167006
0.0485500000000000	50.6851710343678
0.0486000000000000	87.5377724125046
0.0486500000000000	16.9328949187871
0.0487000000000000	15.8594383520793
0.0487500000000000	12.7873658039339
0.0488000000000000	27.4254694132702
0.0488500000000000	50.6290786132884
0.0489000000000000	103.485417298653
0.0489500000000000	9.22428686081356
0.0490000000000000	64.5269837641765
0.0490500000000000	47.9269213386795
0.0491000000000000	15.6506034234779
0.0491500000000000	-0.868803987873793
0.0492000000000000	98.8193269419698
0.0492500000000000	98.7188498257631
0.0493000000000000	51.0445814919182
0.0493500000000000	8.05582513338061
0.0494000000000000	65.3707277368131
0.0494500000000000	65.9762107008617
0.0495000000000000	5.75197561753122
0.0495500000000000	26.6374983310253
0.0496000000000000	-35.2418953024807
0.0496500000000000	-2.91195430210631
0.0497000000000000	29.1794850519214
0.0497500000000000	24.9849966688518
0.0498000000000000	-14.4847192096435
0.0498500000000000	33.1085655968850
0.0499000000000000	-30.5761102481677
0.0499500000000000	39.0781554535381
0.0500000000000000	16.4997660969452
0.0500500000000000	-8.30093964690736
0.0501000000000000	-9.71824926237029
0.0501500000000000	-20.7238908234950
0.0502000000000000	-19.3916837406768
0.0502500000000000	23.7948690266838
0.0503000000000000	66.5270126985294
0.0503500000000000	42.7882496609389
0.0504000000000000	0.733446591297398
0.0504500000000000	-41.1977823890299
0.0505000000000000	-42.7962952932092
0.0505500000000000	-34.0557057658043
0.0506000000000000	-38.2972909273902
0.0506500000000000	-15.9213259514566
0.0507000000000000	-5.46006937011116
0.0507500000000000	-37.6355654482270
0.0508000000000000	-21.4301641720998
0.0508500000000000	20.7994554024663
0.0509000000000000	7.30426640551558
0.0509500000000000	75.0147815650284
0.0510000000000000	-9.45472403924006
0.0510500000000000	2.03998421652466
0.0511000000000000	3.69172360291727
0.0511500000000000	77.3377365379167
0.0512000000000000	-34.7272575641641
0.0512500000000000	-31.1550978921125
0.0513000000000000	40.2253349456860
0.0513500000000000	18.1857720414881
0.0514000000000000	-4.32106418940392
0.0514500000000000	-30.3430306224982
0.0515000000000000	14.2144454681172
0.0515500000000000	68.7349659168593
0.0516000000000000	-26.3922559831595
0.0516500000000000	-12.7183737839865
0.0517000000000000	40.1787487449677
0.0517500000000000	-17.7897425112865
0.0518000000000000	1.66070825581866
0.0518500000000000	31.1273376634354
0.0519000000000000	28.7367128597571
0.0519500000000000	10.0262219663840
0.0520000000000000	28.7616959885589
0.0520500000000000	2.29812688552188
0.0521000000000000	-10.5988978782270
0.0521500000000000	65.1273032730572
0.0522000000000000	33.3719125213515
0.0522500000000000	20.4424747105688
0.0523000000000000	92.9297387071020
0.0523500000000000	83.6419860279511
0.0524000000000000	75.6787013594504
0.0524500000000000	26.2137802696760
0.0525000000000000	-63.1743380620864
0.0525500000000000	51.2001339497370
0.0526000000000000	59.2732804162124
0.0526500000000000	47.0501905272048
0.0527000000000000	50.1038010474006
0.0527500000000000	14.4942332652530
0.0528000000000000	46.5356061859663
0.0528500000000000	19.0923134383935
0.0529000000000000	27.7661635634443
0.0529500000000000	-31.8873332101432
0.0530000000000000	49.7682132587350
0.0530500000000000	25.6734553260860
0.0531000000000000	19.1623874547395
0.0531500000000000	28.3927974413303
0.0532000000000000	27.2105073533123
0.0532500000000000	-32.3927807256928
0.0533000000000000	25.1755819399635
0.0533500000000000	66.9249683862012
0.0534000000000000	23.1926859324752
0.0534500000000000	39.3479232706313
0.0535000000000000	38.6945990922657
0.0535500000000000	-2.22913443466546
0.0536000000000000	13.9839753685519
0.0536500000000000	1.47181999084473
0.0537000000000000	17.8911533311882
0.0537500000000000	14.8219882421506
0.0538000000000000	13.9439336175877
0.0538500000000000	-23.6839969881459
0.0539000000000000	18.1687379627338
0.0539500000000000	45.2122341703154
0.0540000000000000	22.7781881918994
0.0540500000000000	36.3446848633814
0.0541000000000000	47.3710856367729
0.0541500000000000	18.5096228543472
0.0542000000000000	-26.2406743818560
0.0542500000000000	-18.9012179189582
0.0543000000000000	-34.3269694725829
0.0543500000000000	-29.7795696289733
0.0544000000000000	23.9239516007481
0.0544500000000000	-15.6945970566507
0.0545000000000000	-3.37950234529301
0.0545500000000000	-3.53313213998313
0.0546000000000000	1.46375173334076
0.0546500000000000	-39.6065859982132
0.0547000000000000	3.98462405615812
0.0547500000000000	5.88217687494249
0.0548000000000000	-19.9892222015325
0.0548500000000000	51.8044362581602
0.0549000000000000	-16.7412256773019
0.0549500000000000	-9.09101263111215
0.0550000000000000	-8.01534970265588
0.0550500000000000	31.3497086946536
0.0551000000000000	-53.1421744384312
0.0551500000000000	33.6197801757973
0.0552000000000000	23.1312586483353
0.0552500000000000	-64.0776701136103
0.0553000000000000	27.2258874464952
0.0553500000000000	6.99569551564622
0.0554000000000000	37.4254053597797
0.0554500000000000	15.4379962789276
0.0555000000000000	-24.9227451790681
0.0555500000000000	-21.5462008188439
0.0556000000000000	82.0809784558521
0.0556500000000000	15.4123599205193
0.0557000000000000	-10.8742745331832
0.0557500000000000	-1.21549541078548
0.0558000000000000	56.0407683318349
0.0558500000000000	-23.8851317736562
0.0559000000000000	-1.32632660928019
0.0559500000000000	1.63069098821147
0.0560000000000000	38.0737454899566
0.0560500000000000	24.5764071420628
0.0561000000000000	8.04466887173574
0.0561500000000000	36.2229833877810
0.0562000000000000	68.3967808861180
0.0562500000000000	45.3941331606865
0.0563000000000000	31.6147659569498
0.0563500000000000	2.54024138826330
0.0564000000000000	9.52185580894511
0.0564500000000000	39.6944587024768
0.0565000000000000	32.9525788683417
0.0565500000000000	86.1177171046558
0.0566000000000000	51.7038569813956
0.0566500000000000	64.3776044906746
0.0567000000000000	-0.507588474354591
0.0567500000000000	39.6603963395056
0.0568000000000000	69.5486899705163
0.0568500000000000	34.0315940953823
0.0569000000000000	25.2699980580268
0.0569500000000000	32.8782545252761
0.0570000000000000	24.0129859742453
0.0570500000000000	4.58683054055188
0.0571000000000000	35.5941870880471
0.0571500000000000	78.8854130327253
0.0572000000000000	44.3696090340850
0.0572500000000000	-7.46367813835312
0.0573000000000000	69.0982054195268
0.0573500000000000	55.8286014106828
0.0574000000000000	15.2855666237975
0.0574500000000000	44.4855953194018
0.0575000000000000	12.3188156187564
0.0575500000000000	7.57722192839631
0.0576000000000000	14.9083646243040
0.0576500000000000	38.0393165356782
0.0577000000000000	-4.28982957774948
0.0577500000000000	58.0431245111986
0.0578000000000000	-13.8809363344837
0.0578500000000000	59.6746925781677
0.0579000000000000	-6.68910600535053
0.0579500000000000	31.7175185265613
0.0580000000000000	-30.0527606403625
0.0580500000000000	53.1494534326846
0.0581000000000000	11.7071937155750
0.0581500000000000	-1.02989326079551
0.0582000000000000	21.2922928562041
0.0582500000000000	20.3782022113133
0.0583000000000000	-39.8730611218172
0.0583500000000000	-15.5167194711392
0.0584000000000000	-37.4762065588418
0.0584500000000000	2.47641703139107
0.0585000000000000	-20.2020955248550
0.0585500000000000	-25.1502826836982
0.0586000000000000	38.8848952216372
0.0586500000000000	-0.175937695119980
0.0587000000000000	-1.31892611826892
0.0587500000000000	-46.4184615179070
0.0588000000000000	6.66937061985100
0.0588500000000000	-20.7052584474471
0.0589000000000000	53.4243561764434
0.0589500000000000	15.1564837276858
0.0590000000000000	10.2055392451673
0.0590500000000000	55.0033737764766
0.0591000000000000	-51.4612083811519
0.0591500000000000	-4.26979314616490
0.0592000000000000	45.1994176771365
0.0592500000000000	-20.2179999898725
0.0593000000000000	-19.0160683338131
0.0593500000000000	-38.8063615513581
0.0594000000000000	22.1883406333446
0.0594500000000000	-1.86451256235508
0.0595000000000000	20.6708692241226
0.0595500000000000	36.5537877369258
0.0596000000000000	33.3771194054547
0.0596500000000000	-24.3237218483235
0.0597000000000000	92.9709644820113
0.0597500000000000	55.1922023005908
0.0598000000000000	71.6233886157289
0.0598500000000000	32.7107498900954
0.0599000000000000	55.6409383102458
0.0599500000000000	60.2585864277735
0.0600000000000000	16.9485986598921
0.0600500000000000	44.1074562664159
0.0601000000000000	-30.1052131052888
0.0601500000000000	32.2264358265506
0.0602000000000000	11.1952494683518
0.0602500000000000	42.4215281955479
0.0603000000000000	23.4135839481173
0.0603500000000000	21.1622080973439
0.0604000000000000	-2.76603754495318
0.0604500000000000	-36.8407467751275
0.0605000000000000	24.8240431676530
0.0605500000000000	27.4304069237227
0.0606000000000000	26.1197717669405
0.0606500000000000	-5.14277959768547
0.0607000000000000	-9.22498469259801
0.0607500000000000	64.1906387519594
0.0608000000000000	-28.7062598381937
0.0608500000000000	11.6838922284336
0.0609000000000000	-59.8230722038929
0.0609500000000000	90.2743216415004
0.0610000000000000	-10.6942108041302
0.0610500000000000	17.8267964645312
0.0611000000000000	35.9185552425975
0.0611500000000000	62.1785717727442
0.0612000000000000	42.9676717939152
0.0612500000000000	72.4748581983688
0.0613000000000000	23.0368710328100
0.0613500000000000	51.3362508918940
0.0614000000000000	14.4924249656696
0.0614500000000000	-10.9353031006539
0.0615000000000000	-24.3589318085125
0.0615500000000000	13.7248505103703
0.0616000000000000	22.5018528676110
0.0616500000000000	-9.38850339741218
0.0617000000000000	-3.91256083619104
0.0617500000000000	-8.31894437750673
0.0618000000000000	-43.4137392472491
0.0618500000000000	-25.0384430096344
0.0619000000000000	-24.7628907088495
0.0619500000000000	-30.9364395902382
0.0620000000000000	-17.3140112817394
0.0620500000000000	-16.1072261889652
0.0621000000000000	21.4660756304796
0.0621500000000000	21.0912817839208
0.0622000000000000	12.7732781648065
0.0622500000000000	-22.9761443948340
0.0623000000000000	23.5970410798001
0.0623500000000000	17.8277727181738
0.0624000000000000	8.53055151247642
0.0624500000000000	-79.8738816442522
0.0625000000000000	30.6331424914513
0.0625500000000000	-52.2153402953041
0.0626000000000000	-8.11910605115626
0.0626500000000000	2.36416174825819
0.0627000000000000	61.3232996597230
0.0627500000000000	-39.1167797847407
0.0628000000000000	24.0907476951243
0.0628500000000000	-40.7164422620820
0.0629000000000000	-2.87718109787861
0.0629500000000000	-5.89603432478236
0.0630000000000000	-7.54666323312412
0.0630500000000000	-2.97318962683450
0.0631000000000000	-13.1916114283309
0.0631500000000000	19.0226160750684
0.0632000000000000	-21.2286026140471
0.0632500000000000	18.5311212920780
0.0633000000000000	-75.3802195793609
0.0633500000000000	-1.11161267693068
0.0634000000000000	50.0084282176931
0.0634500000000000	-6.99755857611785
0.0635000000000000	9.83840797529104
0.0635500000000000	-5.43861995638162
0.0636000000000000	18.8034152182048
0.0636500000000000	6.71710620230638
0.0637000000000000	-51.4659223552143
0.0637500000000000	-30.8641076007196
0.0638000000000000	-24.1617837669022
0.0638500000000000	13.0369693450819
0.0639000000000000	45.9016453321093
0.0639500000000000	20.4300937340539
0.0640000000000000	-7.81329900244167
0.0640500000000000	-29.3244772050069
0.0641000000000000	84.9369866240603
0.0641500000000000	13.3523513609336
0.0642000000000000	52.3539991910911
0.0642500000000000	42.8977182794782
0.0643000000000000	-6.39320501292335
0.0643500000000000	36.2567092229369
0.0644000000000000	67.1018530049629
0.0644500000000000	56.2845542472362
0.0645000000000000	56.1364622955813
0.0645500000000000	14.1064044451635
0.0646000000000000	30.5259790146913
0.0646500000000000	-12.6525587737915
0.0647000000000000	23.4886018174002
0.0647500000000000	4.31443015481852
0.0648000000000000	34.1499373778614
0.0648500000000000	41.2304684097287
0.0649000000000000	25.0203413893622
0.0649500000000000	52.7495239745339
0.0650000000000000	31.3383417839272
0.0650500000000000	36.7507882872443
0.0651000000000000	27.8251311910389
0.0651500000000000	22.7069829686262
0.0652000000000000	66.3748610991405
0.0652500000000000	16.7714093055856
0.0653000000000000	18.4958090275080
0.0653500000000000	8.06357406726048
0.0654000000000000	21.4109999258411
0.0654500000000000	-3.12587584236342
0.0655000000000000	29.6200495924115
0.0655500000000000	33.2273924767270
0.0656000000000000	24.0339233805520
0.0656500000000000	-20.2103183691735
0.0657000000000000	-35.0472559089357
0.0657500000000000	16.5916683051144
0.0658000000000000	3.92714268551412
0.0658500000000000	-12.7236988789161
0.0659000000000000	19.9791589476372
0.0659500000000000	33.9589474488617
0.0660000000000000	-45.1566200122410
0.0660500000000000	0.283001799039443
0.0661000000000000	58.0983326461190
0.0661500000000000	23.8816500033133
0.0662000000000000	37.8280676228962
0.0662500000000000	-27.5504010582902
0.0663000000000000	2.93013312430842
0.0663500000000000	-31.2803583292905
0.0664000000000000	-1.33941476063071
0.0664500000000000	12.9778681517542
0.0665000000000000	89.5141316935827
0.0665500000000000	-50.1886142327638
0.0666000000000000	-33.4095666740735
0.0666500000000000	-30.1524073954305
0.0667000000000000	-0.0981798708431629
0.0667500000000000	44.3179248798704
0.0668000000000000	44.6218934244712
0.0668500000000000	37.1569409507712
0.0669000000000000	23.6273629311807
0.0669500000000000	-14.7898120078274
0.0670000000000000	29.9859195206929
0.0670500000000000	-21.2744446846582
0.0671000000000000	-23.7324523296464
0.0671500000000000	-2.19713797328113
0.0672000000000000	48.4278292221029
0.0672500000000000	52.5790016900199
0.0673000000000000	12.9591780807998
0.0673500000000000	14.4319063680707
0.0674000000000000	15.9843452811618
0.0674500000000000	20.3974115512234
0.0675000000000000	26.1095114122515
0.0675500000000000	-0.343078047364745
0.0676000000000000	46.3451200270363
0.0676500000000000	45.4791091358446
0.0677000000000000	-16.9149057761536
0.0677500000000000	5.76671164141179
0.0678000000000000	-33.6663683116887
0.0678500000000000	-26.1711450568122
0.0679000000000000	6.99110922488449
0.0679500000000000	48.5489634019217
0.0680000000000000	-17.5719570537204
0.0680500000000000	70.8863377947890
0.0681000000000000	11.4848390861819
0.0681500000000000	8.79972111305581
0.0682000000000000	67.3701810384124
0.0682500000000000	28.6427765179021
0.0683000000000000	45.2865552552537
0.0683500000000000	51.9580067581465
0.0684000000000000	63.7050252166137
0.0684500000000000	40.2715905942789
0.0685000000000000	-8.96094776419465
0.0685500000000000	56.6940190600507
0.0686000000000000	63.0184235090928
0.0686500000000000	67.5434615885291
0.0687000000000000	-9.31272745775727
0.0687500000000000	17.0320462610467
0.0688000000000000	23.0912723138461
0.0688500000000000	47.2139136447992
0.0689000000000000	9.92851408665877
0.0689500000000000	55.5428660394167
0.0690000000000000	20.5729138632278
0.0690500000000000	63.7595126353113
0.0691000000000000	25.9627427185251
0.0691500000000000	22.3636233209661
0.0692000000000000	-10.6605048995498
0.0692500000000000	-27.9277828798787
0.0693000000000000	0.529217453255566
0.0693500000000000	-5.87826601606655
0.0694000000000000	-34.0922336667043
0.0694500000000000	84.0607890235707
0.0695000000000000	26.6136560862196
0.0695500000000000	-25.2725911364352
0.0696000000000000	-46.7571946307249
0.0696500000000000	20.0830448590134
0.0697000000000000	28.8933240107027
0.0697500000000000	16.4063932146014
0.0698000000000000	17.9724325650309
0.0698500000000000	-23.8135513651011
0.0699000000000000	-9.26407696562910
0.0699500000000000	27.0293681355783
0.0700000000000000	21.4461256558583
0.0700500000000000	-31.0865456556843
0.0701000000000000	-40.0463081649801
0.0701500000000000	69.3551579993689
0.0702000000000000	58.3113490807014
0.0702500000000000	6.26914476054863
0.0703000000000000	-31.6737123217127
0.0703500000000000	-55.5478561783904
0.0704000000000000	28.7042741639202
0.0704500000000000	45.7887040020564
0.0705000000000000	-66.2131912547315
0.0705500000000000	62.5868634846657
0.0706000000000000	-52.8022431341462
0.0706500000000000	-13.4436608096738
0.0707000000000000	-18.2170373996364
0.0707500000000000	-9.83053518636060
0.0708000000000000	1.83304653367543
0.0708500000000000	-22.2781794156802
0.0709000000000000	-53.5250974606475
0.0709500000000000	60.3861336501807
0.0710000000000000	11.9717595860587
0.0710500000000000	7.27511636062757
0.0711000000000000	44.3233745033778
0.0711500000000000	13.1848784605213
0.0712000000000000	23.7687330273063
0.0712500000000000	39.1286439129024
0.0713000000000000	15.3212057166745
0.0713500000000000	35.1816204395690
0.0714000000000000	-26.4619774107560
0.0714500000000000	70.5027539403177
0.0715000000000000	18.6491628441175
0.0715500000000000	22.4185811118391
0.0716000000000000	-14.2950713088289
0.0716500000000000	15.3059313781705
0.0717000000000000	21.1598237000456
0.0717500000000000	30.1913168016680
0.0718000000000000	28.6481754245024
0.0718500000000000	58.1643187401345
0.0719000000000000	81.6969694577283
0.0719500000000000	10.0697269801681
0.0720000000000000	1.08935128582670
0.0720500000000000	-2.18353760154156
0.0721000000000000	2.32979888762839
0.0721500000000000	-0.550249578367843
0.0722000000000000	46.5410726430837
0.0722500000000000	20.7712064397454
0.0723000000000000	-12.4194156678020
0.0723500000000000	25.2259163158983
0.0724000000000000	-16.3762179830753
0.0724500000000000	31.1534688959878
0.0725000000000000	3.18595787131515
0.0725500000000000	49.8671402577533
0.0726000000000000	60.4335477926591
0.0726500000000000	28.6245876097758
0.0727000000000000	35.6804828619588
0.0727500000000000	42.6953990836766
0.0728000000000000	2.62667382562811
0.0728500000000000	-26.6800881954342
0.0729000000000000	-49.3894186956061
0.0729500000000000	58.2761265464806
0.0730000000000000	-27.1992148392270
0.0730500000000000	30.2303952155889
0.0731000000000000	26.6852291246785
0.0731500000000000	-24.7445943774578
0.0732000000000000	72.1153874179454
0.0732500000000000	38.3013584056012
0.0733000000000000	59.8830889010747
0.0733500000000000	39.3938585340411
0.0734000000000000	31.0998506933710
0.0734500000000000	11.8799197376466
0.0735000000000000	22.1606639407771
0.0735500000000000	-60.5560110108241
0.0736000000000000	-74.3250657147304
0.0736500000000000	77.0603927120988
0.0737000000000000	-14.1161099412298
0.0737500000000000	38.4922731519895
0.0738000000000000	6.36875075953558
0.0738500000000000	10.1556144656003
0.0739000000000000	15.5750336103496
0.0739500000000000	17.7532304944429
0.0740000000000000	73.1443287290009
0.0740500000000000	26.1524881962834
0.0741000000000000	35.3412757437233
0.0741500000000000	-8.19697721230053
0.0742000000000000	-18.4977494506265
0.0742500000000000	-24.8892857464135
0.0743000000000000	-36.3967167088707
0.0743500000000000	38.7402371508917
0.0744000000000000	15.7720153899477
0.0744500000000000	4.00490336626292
0.0745000000000000	5.55513290404320
0.0745500000000000	-9.48128845353127
0.0746000000000000	2.51308973748676
0.0746500000000000	51.5098178510191
0.0747000000000000	-39.5731915054003
0.0747500000000000	13.4058476464656
0.0748000000000000	36.1601667916315
0.0748500000000000	-58.1801661701831
0.0749000000000000	-56.6667955543327
0.0749500000000000	29.3340417495487
0.0750000000000000	-33.6888269317610
0.0750500000000000	8.41119617195606
0.0751000000000000	10.1975589300244
0.0751500000000000	36.8606874124035
0.0752000000000000	-9.84908932318183
0.0752500000000000	12.6658524565237
0.0753000000000000	44.9363511677660
0.0753500000000000	-23.2656615614054
0.0754000000000000	11.8633177768065
0.0754500000000000	75.6006873651244
0.0755000000000000	14.8327536314793
0.0755500000000000	2.29433629326564
0.0756000000000000	-7.54764835686498
0.0756500000000000	21.3021602734352
0.0757000000000000	6.25972915059692
0.0757500000000000	53.8411746117846
0.0758000000000000	52.5857021620889
0.0758500000000000	67.1003420730545
0.0759000000000000	46.3922960037810
0.0759500000000000	53.6483477303907
0.0760000000000000	20.7894691925092
0.0760500000000000	22.6211493624500
0.0761000000000000	32.6874102085696
0.0761500000000000	17.7036559642713
0.0762000000000000	30.5588639419405
0.0762500000000000	58.5021621351029
0.0763000000000000	39.5778894331400
0.0763500000000000	30.9987750340642
0.0764000000000000	60.1377764036540
0.0764500000000000	43.3811393539222
0.0765000000000000	47.7247516297705
0.0765500000000000	-20.7000437829381
0.0766000000000000	56.3808340967848
0.0766500000000000	22.0773299029759
0.0767000000000000	38.2271670929315
0.0767500000000000	-6.32097424290049
0.0768000000000000	61.5655675021559
0.0768500000000000	33.3604703641541
0.0769000000000000	61.6260218367817
0.0769500000000000	39.0586828841907
0.0770000000000000	36.8465884955951
0.0770500000000000	45.7918342648556
0.0771000000000000	23.8241630755802
0.0771500000000000	87.2484111998935
0.0772000000000000	7.83443974849688
0.0772500000000000	18.1751881783158
0.0773000000000000	77.6848550460956
0.0773500000000000	-47.4291518454452
0.0774000000000000	20.6220654833018
0.0774500000000000	67.3243225991330
0.0775000000000000	45.3313983540775
0.0775500000000000	-5.53313980916174
0.0776000000000000	12.1979350963515
0.0776500000000000	70.0785791386079
0.0777000000000000	-21.3095720818147
0.0777500000000000	-9.70020909966841
0.0778000000000000	6.00768050118986
0.0778500000000000	-20.2198639065861
0.0779000000000000	15.0870220002525
0.0779500000000000	54.4885686239954
0.0780000000000000	17.8159913681032
0.0780500000000000	30.8350668811078
0.0781000000000000	-52.4072478435582
0.0781500000000000	22.8606974763341
0.0782000000000000	-6.80152973851535
0.0782500000000000	16.7226887730212
0.0783000000000000	-3.72835371001677
0.0783500000000000	-22.1566968663738
0.0784000000000000	-18.1907395989452
0.0784500000000000	18.8930515262774
0.0785000000000000	5.82808649431565
0.0785500000000000	-62.7722326905650
0.0786000000000000	-12.2609515497232
0.0786500000000000	7.54307102565887
0.0787000000000000	27.6875275051327
0.0787500000000000	-3.82119672469608
0.0788000000000000	-18.9665146553600
0.0788500000000000	55.7974567802312
0.0789000000000000	-17.8739681213122
0.0789500000000000	7.53227721826887
0.0790000000000000	-19.0940477638985
0.0790500000000000	-10.5763412388900
0.0791000000000000	-20.2868964746634
0.0791500000000000	51.3370779396417
0.0792000000000000	-43.0833564752075
0.0792500000000000	2.62360585089187
0.0793000000000000	9.99155224409509
0.0793500000000000	7.13954341033944
0.0794000000000000	3.74545315133824
0.0794500000000000	29.8287331624895
0.0795000000000000	-15.9500653405662
0.0795500000000000	8.30605067485206
0.0796000000000000	-21.0112563661737
0.0796500000000000	-31.5123252712583
0.0797000000000000	1.08963585236272
0.0797500000000000	41.5080953581585
0.0798000000000000	11.1364824602477
0.0798500000000000	-33.0779785419854
0.0799000000000000	64.8675531011288
0.0799500000000000	60.5143255908999
0.0800000000000000	17.8483460112192
0.0800500000000000	0.288638606252828
0.0801000000000000	39.5451468787072
0.0801500000000000	45.3273025653255
0.0802000000000000	45.2587963320771
0.0802500000000000	73.3388674496640
0.0803000000000000	31.2016362270758
0.0803500000000000	5.70257676446404
0.0804000000000000	6.69058930534032
0.0804500000000000	37.4592583265723
0.0805000000000000	27.3574219224513
0.0805500000000000	-18.7594043578743
0.0806000000000000	55.6498398367057
0.0806500000000000	40.1527039325776
0.0807000000000000	17.7032781528661
0.0807500000000000	8.47370555403154
0.0808000000000000	28.5435119958799
0.0808500000000000	65.9472185856357
0.0809000000000000	71.9621830869162
0.0809500000000000	29.6607807944461
0.0810000000000000	-34.1481491758122
0.0810500000000000	11.9922768228408
0.0811000000000000	22.5400992955035
0.0811500000000000	32.0190842012469
0.0812000000000000	23.0279051645144
0.0812500000000000	34.0426009343821
0.0813000000000000	-1.66175154955801
0.0813500000000000	74.2211867423567
0.0814000000000000	34.2000843748782
0.0814500000000000	3.56032057087320
0.0815000000000000	18.0446944341739
0.0815500000000000	37.5010617420762
0.0816000000000000	-7.76254111013822
0.0816500000000000	13.9894216923232
0.0817000000000000	50.2920109987288
0.0817500000000000	-12.4352634303659
0.0818000000000000	45.5515554630797
0.0818500000000000	-4.11048838368361
0.0819000000000000	6.80322471996125
0.0819500000000000	-47.2392964493613
0.0820000000000000	-69.4696876000664
0.0820500000000000	65.5125867732358
0.0821000000000000	-28.0028872783610
0.0821500000000000	-27.2367524369038
0.0822000000000000	40.9953347764647
0.0822500000000000	-10.5433732732797
0.0823000000000000	21.2720305334281
0.0823500000000000	-11.7307301311662
0.0824000000000000	-3.53012926200800
0.0824500000000000	-17.8926163712059
0.0825000000000000	-91.8976998725557
0.0825500000000000	1.54262103386970
0.0826000000000000	-34.3689711013004
0.0826500000000000	-36.7124342262203
0.0827000000000000	21.5072244183603
0.0827500000000000	6.21506442915104
0.0828000000000000	-50.7124128147023
0.0828500000000000	-13.0862577197068
0.0829000000000000	21.2879262101278
0.0829500000000000	19.6922378130052
0.0830000000000000	-34.5909453991986
0.0830500000000000	7.28163087730677
0.0831000000000000	9.98980003994184
0.0831500000000000	43.0892622183328
0.0832000000000000	-25.5512202669243
0.0832500000000000	34.5917009224889
0.0833000000000000	4.63701520261858
0.0833500000000000	49.0568661332946
0.0834000000000000	39.3245417615851
0.0834500000000000	-20.0082666594925
0.0835000000000000	-33.2202326048816
0.0835500000000000	-25.2333230417721
0.0836000000000000	5.72637726587172
0.0836500000000000	4.14503390214345
0.0837000000000000	59.0415731869173
0.0837500000000000	23.8884437913422
0.0838000000000000	-16.8881123095312
0.0838500000000000	42.4499620902481
0.0839000000000000	86.5722067434278
0.0839500000000000	19.6544315949165
0.0840000000000000	6.12148280886726
0.0840500000000000	-18.1240028908031
0.0841000000000000	50.0890820956653
0.0841500000000000	70.1806436444502
0.0842000000000000	111.857404647013
0.0842500000000000	-17.2296328521252
0.0843000000000000	47.7360173276456
0.0843500000000000	18.7529011914389
0.0844000000000000	55.3144311026416
0.0844500000000000	61.4837491066192
0.0845000000000000	37.8402438485585
0.0845500000000000	52.1018280005833
0.0846000000000000	34.5408479969999
0.0846500000000000	71.8481001474744
0.0847000000000000	56.0148072811817
0.0847500000000000	21.1640343479580
0.0848000000000000	26.1126801223176
0.0848500000000000	79.2266236343851
0.0849000000000000	6.14818566583082
0.0849500000000000	-21.4740751590456
0.0850000000000000	38.0259352420857
0.0850500000000000	6.46318629098370
0.0851000000000000	-8.27382542284155
0.0851500000000000	19.6438727306267
0.0852000000000000	75.5576217008785
0.0852500000000000	88.4940581385564
0.0853000000000000	46.8672808129318
0.0853500000000000	10.6411156723459
0.0854000000000000	-20.1715845786121
0.0854500000000000	-22.5514656232135
0.0855000000000000	14.9968252454326
0.0855500000000000	36.3322248451947
0.0856000000000000	19.9954248367176
0.0856500000000000	47.6829738317851
0.0857000000000000	72.1636300572265
0.0857500000000000	13.7635836915382
0.0858000000000000	0.583517454394526
0.0858500000000000	6.02389299779681
0.0859000000000000	-17.2315936933266
0.0859500000000000	47.4318705099302
0.0860000000000000	-19.7304220438663
0.0860500000000000	19.4169563658659
0.0861000000000000	45.0822989240146
0.0861500000000000	-27.3763467664972
0.0862000000000000	24.0648713085351
0.0862500000000000	-10.1574603178924
0.0863000000000000	-19.7182617137306
0.0863500000000000	-15.4631768937446
0.0864000000000000	19.0616479872958
0.0864500000000000	-18.8894459558965
0.0865000000000000	-4.97578171461865
0.0865500000000000	-77.8459777629176
0.0866000000000000	-11.0002192521981
0.0866500000000000	-19.1282887826468
0.0867000000000000	16.1290740197932
0.0867500000000000	-86.2625693352445
0.0868000000000000	-14.6215988077541
0.0868500000000000	-73.3296801304979
0.0869000000000000	-12.3689111883033
0.0869500000000000	13.1866764321723
0.0870000000000000	-1.43834769239639
0.0870500000000000	-31.0501056659938
0.0871000000000000	-31.5376098321697
0.0871500000000000	-15.0239943528895
0.0872000000000000	84.4582665931987
0.0872500000000000	-14.5917248677204
0.0873000000000000	50.6239913381870
0.0873500000000000	28.0463385604369
0.0874000000000000	-15.5282825570239
0.0874500000000000	19.4626176300627
0.0875000000000000	7.15510553269443
0.0875500000000000	54.6022160756048
0.0876000000000000	20.9422148521869
0.0876500000000000	27.0759672345465
0.0877000000000000	-4.74725591458828
0.0877500000000000	36.3576043159021
0.0878000000000000	37.6312891527775
0.0878500000000000	23.4645578534304
0.0879000000000000	14.8380547809538
0.0879500000000000	15.2479047491784
0.0880000000000000	4.43537534151974
0.0880500000000000	34.2196719319984
0.0881000000000000	-53.8281243808436
0.0881500000000000	45.7350314571885
0.0882000000000000	22.0280295374970
0.0882500000000000	50.4083204671680
0.0883000000000000	67.1773929752866
0.0883500000000000	-17.7386881302149
0.0884000000000000	111.734914565898
0.0884500000000000	-4.47863868046410
0.0885000000000000	16.6579794930448
0.0885500000000000	-40.4515521483742
0.0886000000000000	57.6033507083702
0.0886500000000000	8.58546663955545
0.0887000000000000	37.6564829317929
0.0887500000000000	62.0573449756892
0.0888000000000000	5.09756047496910
0.0888500000000000	40.7400471545280
0.0889000000000000	3.29576603694652
0.0889500000000000	22.4415360169311
0.0890000000000000	40.2632047240569
0.0890500000000000	-37.3172486759655
0.0891000000000000	-32.0871659533323
0.0891500000000000	44.6961570059429
0.0892000000000000	84.3394011968366
0.0892500000000000	66.5424344844329
0.0893000000000000	9.25304171277863
0.0893500000000000	38.5398709650102
0.0894000000000000	-22.1345614996331
0.0894500000000000	27.4706728404161
0.0895000000000000	30.3323774286033
0.0895500000000000	77.5594702090581
0.0896000000000000	7.11990453742061
0.0896500000000000	33.6765617751731
0.0897000000000000	57.7479095193009
0.0897500000000000	41.1433172751154
0.0898000000000000	-12.8959579026335
0.0898500000000000	-39.0341448282056
0.0899000000000000	-14.8245093302918
0.0899500000000000	-25.2223567149986
0.0900000000000000	26.2900829132355
0.0900500000000000	10.8163699010811
0.0901000000000000	28.5722923001678
0.0901500000000000	-37.9451099698306
0.0902000000000000	-41.9697273582990
0.0902500000000000	-14.4509806755122
0.0903000000000000	-36.4466861810042
0.0903500000000000	-15.3392704775577
0.0904000000000000	-4.25513420140741
0.0904500000000000	16.5323963167936
0.0905000000000000	9.74827202476094
0.0905500000000000	-30.9981705363612
0.0906000000000000	29.7629438018050
0.0906500000000000	36.0180273952146
0.0907000000000000	-15.9548188465118
0.0907500000000000	-54.7348847822426
0.0908000000000000	16.8222135098274
0.0908500000000000	2.75913174693641
0.0909000000000000	33.9067094632299
0.0909500000000000	-25.7470147785902
0.0910000000000000	54.9016159233345
0.0910500000000000	31.8876530852261
0.0911000000000000	-17.5435558487009
0.0911500000000000	49.0088473867803
0.0912000000000000	-21.8733177299796
0.0912500000000000	-38.1011616157500
0.0913000000000000	-57.8368927176081
0.0913500000000000	36.7901954623020
0.0914000000000000	-10.6454369827808
0.0914500000000000	36.2082070244266
0.0915000000000000	-19.0558886329503
0.0915500000000000	11.6528957584152
0.0916000000000000	-3.82642357231056
0.0916500000000000	63.7227619349543
0.0917000000000000	31.3440188200379
0.0917500000000000	76.2030411514989
0.0918000000000000	53.0340370515627
0.0918500000000000	47.7394915306543
0.0919000000000000	-28.6939661551870
0.0919500000000000	50.5044732016671
0.0920000000000000	37.1462520410472
0.0920500000000000	17.6261810337678
0.0921000000000000	47.2696914903806
0.0921500000000000	108.794045130545
0.0922000000000000	43.0579762171895
0.0922500000000000	90.9809221619169
0.0923000000000000	40.5821910501865
0.0923500000000000	19.2562129787633
0.0924000000000000	-18.8191935196738
0.0924500000000000	70.4346236727538
0.0925000000000000	18.8787785619846
0.0925500000000000	54.2242286709461
0.0926000000000000	18.6049692998882
0.0926500000000000	48.5353996470568
0.0927000000000000	22.7806317499954
0.0927500000000000	18.3326119852646
0.0928000000000000	92.0257701855546
0.0928500000000000	41.5491019417559
0.0929000000000000	20.9340594553466
0.0929500000000000	36.2221757410567
0.0930000000000000	35.9778219895617
0.0930500000000000	54.0131490824391
0.0931000000000000	11.3770705214891
0.0931500000000000	16.8577149059421
0.0932000000000000	14.9473729789054
0.0932500000000000	29.2890090784077
0.0933000000000000	51.0882696552760
0.0933500000000000	-0.152539891172626
0.0934000000000000	-37.7139482926805
0.0934500000000000	-17.1399058473738
0.0935000000000000	20.9874673868353
0.0935500000000000	70.8295500437803
0.0936000000000000	-20.4286123098731
0.0936500000000000	17.5579801975524
0.0937000000000000	57.6453432421917
0.0937500000000000	31.1400980526712
0.0938000000000000	-58.8278319456524
0.0938500000000000	-11.4250710658461
0.0939000000000000	40.9245526007209
0.0939500000000000	-11.0968106128870
0.0940000000000000	-0.675912905784719
0.0940500000000000	61.5278082730015
0.0941000000000000	-34.2992460895440
0.0941500000000000	5.69428258730459
0.0942000000000000	-62.7779351444762
0.0942500000000000	-41.2045276330226
0.0943000000000000	27.6489177030613
0.0943500000000000	-24.7420404121291
0.0944000000000000	6.55522830401845
0.0944500000000000	-5.45740921931315
0.0945000000000000	-15.5480083057178
0.0945500000000000	16.0847473301740
0.0946000000000000	19.9806115320733
0.0946500000000000	-23.6683029243237
0.0947000000000000	-15.5665473471802
0.0947500000000000	5.32309461562428
0.0948000000000000	-19.8826983565402
0.0948500000000000	-23.3353875674100
0.0949000000000000	-3.86571558607983
0.0949500000000000	-74.4267564369659
0.0950000000000000	11.4033362363570
0.0950500000000000	42.5087578313969
0.0951000000000000	17.4723127612178
0.0951500000000000	21.6304671402661
0.0952000000000000	-6.39861252141228
0.0952500000000000	45.0732596438185
0.0953000000000000	15.9791544186360
0.0953500000000000	-21.3629027458982
0.0954000000000000	-24.9304904819163
0.0954500000000000	40.3768743601486
0.0955000000000000	44.0261872732362
0.0955500000000000	44.5850599506562
0.0956000000000000	14.7329361228011
0.0956500000000000	22.8709474852056
0.0957000000000000	46.2623612393139
0.0957500000000000	-1.71699266818829
0.0958000000000000	8.93519125378086
0.0958500000000000	4.94041140281278
0.0959000000000000	-17.9806821634468
0.0959500000000000	-40.7616545536095
0.0960000000000000	-23.2878016400939
0.0960500000000000	29.2926955927988
0.0961000000000000	68.6985849014197
0.0961500000000000	42.1316708906530
0.0962000000000000	9.31442301540280
0.0962500000000000	-39.7330552570264
0.0963000000000000	73.6934701695282
0.0963500000000000	31.8829584981050
0.0964000000000000	25.6188442034433
0.0964500000000000	57.1102403730737
0.0965000000000000	51.3633577231058
0.0965500000000000	24.1444772176254
0.0966000000000000	20.1420328294805
0.0966500000000000	37.2200847235442
0.0967000000000000	24.2420465606021
0.0967500000000000	66.6684331243740
0.0968000000000000	13.8878328057869
0.0968500000000000	-18.2474757802890
0.0969000000000000	7.71163093717950
0.0969500000000000	45.4109017525791
0.0970000000000000	42.4243700624304
0.0970500000000000	38.5206764292679
0.0971000000000000	-5.60978363956953
0.0971500000000000	48.1494811040051
0.0972000000000000	9.99509774114241
0.0972500000000000	34.9075163228833
0.0973000000000000	-35.2335524856134
0.0973500000000000	20.6454618998225
0.0974000000000000	64.0512527767608
0.0974500000000000	33.4897703292317
0.0975000000000000	9.68373583223424
0.0975500000000000	3.51736269340998
0.0976000000000000	-5.58267393806873
0.0976500000000000	-27.7328481447195
0.0977000000000000	-21.9538183322431
0.0977500000000000	-21.0356306265008
0.0978000000000000	17.4371093943516
0.0978500000000000	58.0600242394104
0.0979000000000000	3.25883231947810
0.0979500000000000	18.0884277505291
0.0980000000000000	37.9655832387220
0.0980500000000000	-16.8358603852526
0.0981000000000000	-22.9141643094634
0.0981500000000000	-12.9726386816250
0.0982000000000000	-13.1445719817917
0.0982500000000000	-23.9650092972163
0.0983000000000000	-17.7778511491344
0.0983500000000000	4.70353068758617
0.0984000000000000	8.26373988432614
0.0984500000000000	65.7167655510389
0.0985000000000000	34.0225408524252
0.0985500000000000	21.9825286036285
0.0986000000000000	-8.18749487346236
0.0986500000000000	58.8784267984348
0.0987000000000000	-8.91774552518538
0.0987500000000000	-24.7232757412144
0.0988000000000000	9.17257042797932
0.0988500000000000	-28.4227735365510
0.0989000000000000	-50.1491159856760
0.0989500000000000	-45.3101397717615
0.0990000000000000	-48.2618102460134
0.0990500000000000	36.0919434504671
0.0991000000000000	22.9626803701731
0.0991500000000000	34.7234902043381
0.0992000000000000	-10.0789048899888
0.0992500000000000	33.8990150353696
0.0993000000000000	37.6592266928323
0.0993500000000000	-28.4133250489604
0.0994000000000000	-1.03075361980423
0.0994500000000000	34.2703393429582
0.0995000000000000	20.9068000328530
0.0995500000000000	28.0360348611440
0.0996000000000000	70.6727141617294
0.0996500000000000	-22.8010527501894
0.0997000000000000	-8.71752794829967
0.0997500000000000	-12.2870493682763
0.0998000000000000	-31.2035959257932
0.0998500000000000	49.1630439949075
0.0999000000000000	68.0352758340519
0.0999500000000000	32.2687705883102
0.100000000000000	83.6548850585016
0.100050000000000	52.0808686250574
0.100100000000000	43.4454756843626
0.100150000000000	36.8734352907586
0.100200000000000	43.3128148644306
0.100250000000000	8.99115119343012
0.100300000000000	15.7768944384014
0.100350000000000	55.5768907013465
0.100400000000000	14.9788872664505
0.100450000000000	22.0043652738361
0.100500000000000	33.5032720741126
0.100550000000000	65.3459380796957
0.100600000000000	39.8251570827773
0.100650000000000	8.09810522705437
0.100700000000000	97.5952943848531
0.100750000000000	44.4468530565717
0.100800000000000	73.7539497527786
0.100850000000000	-20.7500477237956
0.100900000000000	60.5104264277642
0.100950000000000	25.1209642704451
0.101000000000000	59.5508590340595
0.101050000000000	49.9068540069434
0.101100000000000	57.1565905168499
0.101150000000000	46.9007468803175
0.101200000000000	11.4746874741464
0.101250000000000	16.6966940760880
0.101300000000000	13.4843731344831
0.101350000000000	-18.4025647566756
0.101400000000000	45.5390163741364
0.101450000000000	-17.4092571933781
0.101500000000000	25.6243556715799
0.101550000000000	40.6488811061328
0.101600000000000	66.4139385619597
0.101650000000000	9.77834766977636
0.101700000000000	0.294866432583214
0.101750000000000	31.1312317425114
0.101800000000000	6.28023232160523
0.101850000000000	2.30135576305046
0.101900000000000	74.5701021913125
0.101950000000000	-50.1123938087768
0.102000000000000	-5.55030357043904
0.102050000000000	-11.9817936434978
0.102100000000000	-40.0360006941936
0.102150000000000	-31.4508181382245
0.102200000000000	13.4860668905606
0.102250000000000	-0.745651499499914
0.102300000000000	-11.4182493768454
0.102350000000000	-20.3307277153580
0.102400000000000	-62.1528200343829
0.102450000000000	15.0063037437200
0.102500000000000	5.30678216376886
0.102550000000000	15.3942026885108
0.102600000000000	-12.0902341367558
0.102650000000000	-37.8952276480013
0.102700000000000	18.6819612833324
0.102750000000000	-17.9247823868474
0.102800000000000	15.4096686579716
0.102850000000000	-54.3907479669491
0.102900000000000	9.47432540706527
0.102950000000000	15.9508476968663
0.103000000000000	20.4437031177290
0.103050000000000	41.0855149692835
0.103100000000000	37.5740419974203
0.103150000000000	-33.9669114153587
0.103200000000000	-14.7264522102541
0.103250000000000	29.2258151531394
0.103300000000000	11.8047707037259
0.103350000000000	-7.44224569619450
0.103400000000000	-7.18275715953216
0.103450000000000	-76.6383437736309
0.103500000000000	29.3762394499664
0.103550000000000	-54.9121382185091
0.103600000000000	3.76042703801092
0.103650000000000	29.4374870643469
0.103700000000000	7.87797556536261
0.103750000000000	1.32384304235291
0.103800000000000	27.7283815970772
0.103850000000000	24.2984653963471
0.103900000000000	26.6552242925055
0.103950000000000	16.5629191746383
0.104000000000000	6.99239650107485
0.104050000000000	40.4266427955946
0.104100000000000	21.0356103730704
0.104150000000000	13.4426537470289
0.104200000000000	33.1296924909084
0.104250000000000	32.0270635424160
0.104300000000000	50.3954032819714
0.104350000000000	36.8787768461229
0.104400000000000	-3.49772569145392
0.104450000000000	27.2227973930156
0.104500000000000	25.5422704781249
0.104550000000000	56.6050435455969
0.104600000000000	55.2745210277149
0.104650000000000	30.2052646680444
0.104700000000000	-2.58398973736622
0.104750000000000	26.5398566127820
0.104800000000000	86.6030076511394
0.104850000000000	35.6385845124079
0.104900000000000	-4.13571043797901
0.104950000000000	6.41322886885218
0.105000000000000	62.7757415210395
0.105050000000000	20.5519344851832
0.105100000000000	21.2430124551467
0.105150000000000	59.5529094454617
0.105200000000000	35.0880644999522
0.105250000000000	27.8740124442823
0.105300000000000	7.36520788895302
0.105350000000000	56.3737587840289
0.105400000000000	30.4469500805981
0.105450000000000	-18.4087626129273
0.105500000000000	43.7446665529235
0.105550000000000	54.0548901640443
0.105600000000000	-9.43671423528133
0.105650000000000	31.0533200525531
0.105700000000000	18.4697416533649
0.105750000000000	15.0215834200654
0.105800000000000	80.9992470873140
0.105850000000000	-2.76508529164696
0.105900000000000	30.2214908508864
0.105950000000000	33.8500182697493
0.106000000000000	15.3054919814301
0.106050000000000	-8.48238597942800
0.106100000000000	-50.5186337684351
0.106150000000000	53.1815531964712
0.106200000000000	-18.9289890593351
0.106250000000000	-7.03163814639981
0.106300000000000	-7.42646969532827
0.106350000000000	29.2443827984687
0.106400000000000	-3.18613894540567
0.106450000000000	-20.1187794851799
0.106500000000000	6.27062713615400
0.106550000000000	-21.3531132402177
0.106600000000000	-3.61342827930962
0.106650000000000	-71.4725722455180
0.106700000000000	-27.9148408596685
0.106750000000000	16.4032358457250
0.106800000000000	-46.0452451411722
0.106850000000000	20.7106037962562
0.106900000000000	41.2730993077905
0.106950000000000	-44.7888053503817
0.107000000000000	-11.4556755276141
0.107050000000000	30.3231290212240
0.107100000000000	-26.7102620839964
0.107150000000000	51.0049216316693
0.107200000000000	-32.9848529052171
0.107250000000000	67.2642665247115
0.107300000000000	32.3414572120973
0.107350000000000	-5.19745699495010
0.107400000000000	13.2858929537865
0.107450000000000	-47.3804069520332
0.107500000000000	29.6969937864707
0.107550000000000	5.67736207831173
0.107600000000000	22.9944592925890
0.107650000000000	-48.3748931132423
0.107700000000000	61.9760471232732
0.107750000000000	51.9922535803953
0.107800000000000	33.5789171805086
0.107850000000000	23.4535239066505
0.107900000000000	-21.9522476374744
0.107950000000000	20.4395119734820
0.108000000000000	50.6773193721269
0.108050000000000	33.3673752230412
0.108100000000000	85.1459348614234
0.108150000000000	30.9355437467651
0.108200000000000	7.13682880144486
0.108250000000000	44.6628517475113
0.108300000000000	88.1783100204327
0.108350000000000	36.2645026996424
0.108400000000000	40.0538604786759
0.108450000000000	52.3912775402935
0.108500000000000	8.12354163838993
0.108550000000000	11.1526097946107
0.108600000000000	24.2602554338176
0.108650000000000	10.3921162096022
0.108700000000000	44.3160487551363
0.108750000000000	45.1187484834017
0.108800000000000	-1.56756533284981
0.108850000000000	-0.929590877049524
0.108900000000000	-22.9455542653974
0.108950000000000	61.8373147689239
0.109000000000000	31.8736241759226
0.109050000000000	36.4827884848655
0.109100000000000	18.6701281164594
0.109150000000000	0.436793901317035
0.109200000000000	49.5865620912263
0.109250000000000	5.01503697819344
0.109300000000000	-19.8900220362434
0.109350000000000	-0.0944970849009366
0.109400000000000	-15.8501961288794
0.109450000000000	45.0426794070905
0.109500000000000	18.6703315953254
0.109550000000000	-37.3803609710596
0.109600000000000	45.8833470438811
0.109650000000000	-1.76515002097667
0.109700000000000	5.36592048048926
0.109750000000000	4.53479418530959
0.109800000000000	0.190327710944141
0.109850000000000	59.5240429664379
0.109900000000000	24.2488384008742
0.109950000000000	34.0185509393260
0.110000000000000	15.3379947470305
0.110050000000000	29.8259696493383
0.110100000000000	-71.5555330290075
0.110150000000000	-44.0812336156010
0.110200000000000	-40.7014832721596
0.110250000000000	-38.8709511825981
0.110300000000000	69.3169533184432
0.110350000000000	46.2316776357117
0.110400000000000	61.2963039571957
0.110450000000000	18.7361142543111
0.110500000000000	-39.4337384022512
0.110550000000000	7.23232254312847
0.110600000000000	-25.8151728401114
0.110650000000000	26.8906388410937
0.110700000000000	-7.47862239537126
0.110750000000000	23.1137462202495
0.110800000000000	-12.3375408849027
0.110850000000000	34.8755426485125
0.110900000000000	-54.8740506874742
0.110950000000000	38.7485840171336
0.111000000000000	3.04612590746659
0.111050000000000	-28.6621801437760
0.111100000000000	-23.9571668966303
0.111150000000000	-24.5877019008231
0.111200000000000	36.4584778722595
0.111250000000000	11.0594667398119
0.111300000000000	4.45496010699912
0.111350000000000	-5.19689699524720
0.111400000000000	-11.5901015050576
0.111450000000000	-1.32624234020163
0.111500000000000	53.0140156873301
0.111550000000000	15.6491908736834
0.111600000000000	-19.9549334977355
0.111650000000000	-30.8982291501225
0.111700000000000	-6.01443293569269
0.111750000000000	55.5736828711128
0.111800000000000	7.84917192175912
0.111850000000000	35.0889812491881
0.111900000000000	63.5058276783129
0.111950000000000	16.4963840490675
0.112000000000000	32.8003124510843
0.112050000000000	-18.6295936458336
0.112100000000000	97.1726842349979
0.112150000000000	57.8396531660596
0.112200000000000	42.7496838480133
0.112250000000000	17.9938522902600
0.112300000000000	28.3587237544633
0.112350000000000	-27.4434745362155
0.112400000000000	-8.54804133368319
0.112450000000000	23.3343216341190
0.112500000000000	58.2392515509781
0.112550000000000	73.6458130572314
0.112600000000000	-6.67397523969951
0.112650000000000	9.44078117343692
0.112700000000000	-16.6321333379440
0.112750000000000	69.3867327914506
0.112800000000000	64.6517172105922
0.112850000000000	59.6905560949586
0.112900000000000	-1.25876843786411
0.112950000000000	47.0048314847291
0.113000000000000	16.0140367948124
0.113050000000000	-13.7301599974782
0.113100000000000	78.5263129418740
0.113150000000000	21.1200285056619
0.113200000000000	-9.05819631556746
0.113250000000000	53.3429404273926
0.113300000000000	8.37619742980260
0.113350000000000	3.13136839839937
0.113400000000000	58.2233536526114
0.113450000000000	22.3884460516844
0.113500000000000	40.5255839917438
0.113550000000000	26.0550238918506
0.113600000000000	15.4667137150216
0.113650000000000	-10.3074261465676
0.113700000000000	47.0301787898801
0.113750000000000	-40.2650472541148
0.113800000000000	-16.7105322352091
0.113850000000000	11.9282940214695
0.113900000000000	16.2423966222114
0.113950000000000	-35.6477198277353
0.114000000000000	-14.5865844254005
0.114050000000000	-10.4392978596794
0.114100000000000	19.3998593858065
0.114150000000000	12.7660339834747
0.114200000000000	1.81286105695613
0.114250000000000	-26.4559956307683
0.114300000000000	56.5911155901465
0.114350000000000	7.12526117849548
0.114400000000000	5.96478120637692
0.114450000000000	70.4009773673238
0.114500000000000	2.88545167510353
0.114550000000000	-5.19254412865116
0.114600000000000	-5.01747554279074
0.114650000000000	-81.0846576199255
0.114700000000000	8.30684739834147
0.114750000000000	-39.0565745818806
0.114800000000000	27.9577771893872
0.114850000000000	-27.2149924698551
0.114900000000000	6.88599268093284
0.114950000000000	6.14645291583486
0.115000000000000	-28.7323400165885
0.115050000000000	15.4546548884064
0.115100000000000	54.8804331011583
0.115150000000000	3.13327204401440
0.115200000000000	-6.60043748349183
0.115250000000000	-6.43139872708402
0.115300000000000	50.4445762490376
0.115350000000000	33.9182769385334
0.115400000000000	21.5046133951502
0.115450000000000	20.8245212214564
0.115500000000000	37.9602098513179
0.115550000000000	48.3819586059702
0.115600000000000	12.0244015339024
0.115650000000000	-35.2288431725025
0.115700000000000	62.3381696861181
0.115750000000000	-22.0921025771743
0.115800000000000	-11.6044770433123
0.115850000000000	22.6908489107866
0.115900000000000	45.9835080477059
0.115950000000000	89.1118956286083
0.116000000000000	-8.73205933267356
0.116050000000000	55.6850877716949
0.116100000000000	-30.5664593917029
0.116150000000000	31.5961307422136
0.116200000000000	25.9556858677397
0.116250000000000	32.5563004274392
0.116300000000000	82.7407868825331
0.116350000000000	-13.1757219720764
0.116400000000000	-12.4228388308968
0.116450000000000	31.2100456038873
0.116500000000000	78.9979454177527
0.116550000000000	13.7862733967324
0.116600000000000	-22.0407018012931
0.116650000000000	90.6234858097973
0.116700000000000	19.2342001515836
0.116750000000000	14.1976324812397
0.116800000000000	63.1269021913825
0.116850000000000	68.3593194890283
0.116900000000000	80.7075734418113
0.116950000000000	64.1521173575913
0.117000000000000	5.42023765011974
0.117050000000000	6.02704425260254
0.117100000000000	-13.5047580463823
0.117150000000000	37.4668515306834
0.117200000000000	44.5172859813977
0.117250000000000	59.2127378350488
0.117300000000000	31.9098788008519
0.117350000000000	23.0642969587424
0.117400000000000	14.2995498484336
0.117450000000000	21.6129216198788
0.117500000000000	18.0329532843632
0.117550000000000	33.6933644188719
0.117600000000000	25.0391455587779
0.117650000000000	-0.893613685710458
0.117700000000000	1.06127812365797
0.117750000000000	24.2018319409804
0.117800000000000	21.5667448399534
0.117850000000000	-3.53360684107069
0.117900000000000	-37.6588311271297
0.117950000000000	71.7573581140327
0.118000000000000	30.3946076945374
0.118050000000000	-26.9763565966171
0.118100000000000	16.3254721177588
0.118150000000000	-15.0694515464802
0.118200000000000	9.35858516270440
0.118250000000000	42.8686859335698
0.118300000000000	67.5811485261858
0.118350000000000	-12.8908238862295
0.118400000000000	28.8275152281882
0.118450000000000	-45.5767093383331
0.118500000000000	28.6747073634415
0.118550000000000	14.4570765621292
0.118600000000000	-1.42303980345777
0.118650000000000	-44.0937774820714
0.118700000000000	-33.7610936649575
0.118750000000000	19.4005374416741
0.118800000000000	-63.1691560891257
0.118850000000000	22.6319419837244
0.118900000000000	-72.1135506381146
0.118950000000000	-9.20770987595748
0.119000000000000	19.9931234737257
0.119050000000000	31.0406043669119
0.119100000000000	70.4308110489762
0.119150000000000	3.89530634114218
0.119200000000000	1.38034838071175
0.119250000000000	-39.6038495967401
0.119300000000000	6.50599862226736
0.119350000000000	-33.7288191713805
0.119400000000000	-23.1049877685682
0.119450000000000	-6.13505994438582
0.119500000000000	-6.31160946682546
0.119550000000000	18.8960717407406
0.119600000000000	-0.477398661505784
0.119650000000000	12.5810480472312
0.119700000000000	-5.61556506707519
0.119750000000000	10.5031694235721
0.119800000000000	34.5136360882054
0.119850000000000	-23.7255169652201
0.119900000000000	18.9137612580724
0.119950000000000	21.4922243157483
0.120000000000000	41.1057974353688
0.120050000000000	41.1220190757149
0.120100000000000	32.0099084552231
0.120150000000000	26.0865599447012
0.120200000000000	23.6197466730531
0.120250000000000	25.7095757094398
0.120300000000000	77.9623552463163
0.120350000000000	50.4864900020444
0.120400000000000	111.775925951910
0.120450000000000	35.7817101560208
0.120500000000000	39.4405382638669
0.120550000000000	29.3443584944779
0.120600000000000	4.77573227085366
0.120650000000000	38.1941381650472
0.120700000000000	20.5195595651981
0.120750000000000	-7.38423339547362
0.120800000000000	33.1337957440084
0.120850000000000	26.0296385318625
0.120900000000000	-23.1722745135038
0.120950000000000	32.2627242303106
0.121000000000000	80.8408933481989
0.121050000000000	73.4306826752482
0.121100000000000	42.9350246454485
0.121150000000000	43.9730780321708
0.121200000000000	74.4404426729544
0.121250000000000	-13.3609726484550
0.121300000000000	31.7908151953387
0.121350000000000	0.176854238338580
0.121400000000000	-15.9652110927106
0.121450000000000	76.7724769043840
0.121500000000000	13.2262217096537
0.121550000000000	-23.6033228360464
0.121600000000000	3.52880345692406
0.121650000000000	6.64192108360599
0.121700000000000	11.7788678241112
0.121750000000000	91.2374155634580
0.121800000000000	-34.9858199425060
0.121850000000000	-2.43319091175444
0.121900000000000	22.9443938816184
0.121950000000000	29.4884781362231
0.122000000000000	-42.6131542866380
0.122050000000000	7.39136507734059
0.122100000000000	4.74265720728253
0.122150000000000	-53.2081764004850
0.122200000000000	10.7000008501882
0.122250000000000	-10.6559228483449
0.122300000000000	3.94762018029942
0.122350000000000	-24.9590483967267
0.122400000000000	-25.2377108152596
0.122450000000000	13.3696391001112
0.122500000000000	33.8055881220304
0.122550000000000	-10.4834469501595
0.122600000000000	-7.09620659531431
0.122650000000000	-14.1634856055546
0.122700000000000	14.9829104574654
0.122750000000000	35.0260574803309
0.122800000000000	41.4079600569943
0.122850000000000	22.7744956193745
0.122900000000000	-56.2830135290201
0.122950000000000	-37.8606429618708
0.123000000000000	-47.3012501860668
0.123050000000000	-0.553073438876245
0.123100000000000	5.23904064082355
0.123150000000000	54.9344485803528
0.123200000000000	0.710202168953424
0.123250000000000	-9.89743604846930
0.123300000000000	32.5762519026546
0.123350000000000	23.4481674911381
0.123400000000000	45.0407681243467
0.123450000000000	-6.47980380113949
0.123500000000000	-28.6339489514531
0.123550000000000	31.2683477986185
0.123600000000000	52.8678797487733
0.123650000000000	-29.4984150116271
0.123700000000000	38.7885348864285
0.123750000000000	-37.0396064754177
0.123800000000000	24.6093507567533
0.123850000000000	-11.0716375644694
0.123900000000000	32.1053468221594
0.123950000000000	42.0837336386140
0.124000000000000	12.0547178667514
0.124050000000000	84.7092126701815
0.124100000000000	49.1189456126831
0.124150000000000	19.3126955915431
0.124200000000000	70.4858511610029
0.124250000000000	50.2138789994091
0.124300000000000	107.774724356272
0.124350000000000	-3.76357704619215
0.124400000000000	24.3181017675341
0.124450000000000	53.4327899346164
0.124500000000000	72.4269313509041
0.124550000000000	-19.9262372978418
0.124600000000000	42.5056216748745
0.124650000000000	36.3868245637679
0.124700000000000	11.3206441172287
0.124750000000000	81.4317007733924
0.124800000000000	21.0764709436266
0.124850000000000	57.1775780992001
0.124900000000000	44.4443031424204
0.124950000000000	-18.6926388697923
0.125000000000000	48.8170880573166
0.125050000000000	53.0630924954521
0.125100000000000	11.5610496037176
0.125150000000000	35.4155135820378
0.125200000000000	7.45762578441262
0.125250000000000	26.8598764354311
0.125300000000000	21.3045208414169
0.125350000000000	40.0473274747153
0.125400000000000	43.7217964553690
0.125450000000000	16.1275577268731
0.125500000000000	39.3731254479209
0.125550000000000	10.1760118306740
0.125600000000000	-1.65980607850985
0.125650000000000	93.6677057771940
0.125700000000000	35.2560824005675
0.125750000000000	-41.5682839955216
0.125800000000000	47.4193428254359
0.125850000000000	20.1352080603746
0.125900000000000	27.9139589096963
0.125950000000000	29.0933164095570
0.126000000000000	19.3519901942792
0.126050000000000	-2.36327524886993
0.126100000000000	-15.2756731404012
0.126150000000000	-11.9311559735035
0.126200000000000	-51.5091328128644
0.126250000000000	-10.4494231904293
0.126300000000000	-12.4085400174898
0.126350000000000	47.1610441397191
0.126400000000000	-5.65274350998249
0.126450000000000	-17.8049695267019
0.126500000000000	77.8965100195461
0.126550000000000	-46.5402252548992
0.126600000000000	33.0970955728723
0.126650000000000	24.0407751645450
0.126700000000000	22.0579174809686
0.126750000000000	-29.2656098557307
0.126800000000000	14.2528797500844
0.126850000000000	32.4238895455697
0.126900000000000	-26.9897720195038
0.126950000000000	11.4544840556139
0.127000000000000	21.7339145200550
0.127050000000000	37.1849873126758
0.127100000000000	-2.26058980405608
0.127150000000000	-40.4187906804091
0.127200000000000	-3.09355774275275
0.127250000000000	-4.67394170761190
0.127300000000000	2.18456976298562
0.127350000000000	-26.9647911405224
0.127400000000000	-8.41382943942458
0.127450000000000	67.8157943743084
0.127500000000000	1.32594213110599
0.127550000000000	-41.1617998657913
0.127600000000000	34.1409788390462
0.127650000000000	20.0603213518467
0.127700000000000	-14.6972126540047
0.127750000000000	-6.62864530282007
0.127800000000000	38.0838131108378
0.127850000000000	-15.9381465084829
0.127900000000000	41.5364215060532
0.127950000000000	-1.90175857598899
0.128000000000000	12.2677429633630
0.128050000000000	22.9608255613977
0.128100000000000	-17.3663179693461
0.128150000000000	19.8360873636247
0.128200000000000	-6.86119282513440
0.128250000000000	48.7133724195404
0.128300000000000	-48.5919865893642
0.128350000000000	30.0312431545821
0.128400000000000	55.0205883985921
0.128450000000000	63.8209783179881
0.128500000000000	-3.24215099175050
0.128550000000000	52.6832735767785
0.128600000000000	-2.82193624137052
0.128650000000000	-9.22692139087912
0.128700000000000	2.96774925632109
0.128750000000000	-13.2103508396118
0.128800000000000	113.802408502656
0.128850000000000	39.4178433474656
0.128900000000000	56.7082448724257
0.128950000000000	63.6555362061551
0.129000000000000	25.3683106113754
0.129050000000000	66.5618776106325
0.129100000000000	43.4159871540157
0.129150000000000	-41.5890188500839
0.129200000000000	25.9919710432966
0.129250000000000	72.2933506741848
0.129300000000000	25.7911939687399
0.129350000000000	24.2497475927595
0.129400000000000	6.93203563424340
0.129450000000000	67.9068070155863
0.129500000000000	-38.6427406353573
0.129550000000000	3.22201558602578
0.129600000000000	-9.14839064109889
0.129650000000000	-62.3662002983669
0.129700000000000	36.4006469978114
0.129750000000000	-19.0422905244609
0.129800000000000	52.9492738071025
0.129850000000000	-26.1609341321672
0.129900000000000	34.3922835535256
0.129950000000000	-27.4018271553641
0.130000000000000	-41.6890824591763
0.130050000000000	74.3916968120544
0.130100000000000	15.0588802401189
0.130150000000000	-3.72590806212560
0.130200000000000	-5.86942701224559
0.130250000000000	-1.86944217046548
0.130300000000000	-7.49663351272381
0.130350000000000	-87.9592284657656
0.130400000000000	-64.0697986250157
0.130450000000000	-15.3873468294299
0.130500000000000	34.2715029021495
0.130550000000000	-65.6968556930539
0.130600000000000	-0.572744012884161
0.130650000000000	10.2816096411379
0.130700000000000	28.8576769666776
0.130750000000000	-6.99402470763143
0.130800000000000	45.0934679128239
0.130850000000000	-12.7539196001838
0.130900000000000	35.1977243736238
0.130950000000000	19.4261898600927
0.131000000000000	9.33809826646409
0.131050000000000	11.4635468161513
0.131100000000000	-12.6925639749117
0.131150000000000	-37.8691612665634
0.131200000000000	-7.32054586846812
0.131250000000000	-29.5927393277566
0.131300000000000	40.3574099300754
0.131350000000000	-8.37590349060324
0.131400000000000	33.2419008374074
0.131450000000000	0.772557174705572
0.131500000000000	-27.3805303798341
0.131550000000000	12.2239428337511
0.131600000000000	18.6274285499315
0.131650000000000	-11.9042625621246
0.131700000000000	20.1245645488088
0.131750000000000	-26.7695208487503
0.131800000000000	36.4355079869201
0.131850000000000	5.21693582076200
0.131900000000000	39.1409445633423
0.131950000000000	65.3457088527989
0.132000000000000	54.4062463756708
0.132050000000000	0.203816705607553
0.132100000000000	46.6572303401539
0.132150000000000	63.0203028648797
0.132200000000000	83.2382413328474
0.132250000000000	52.8928769503157
0.132300000000000	67.7572185671204
0.132350000000000	26.4708293987361
0.132400000000000	23.4973942421267
0.132450000000000	42.1691461212181
0.132500000000000	27.3218801680850
0.132550000000000	24.9948823781370
0.132600000000000	30.4763036010293
0.132650000000000	62.2504677474491
0.132700000000000	-67.1306920638296
0.132750000000000	0.338389069934109
0.132800000000000	-16.2083803781928
0.132850000000000	22.3727228310379
0.132900000000000	69.4249961991967
0.132950000000000	12.5092629648517
0.133000000000000	13.7837524299837
0.133050000000000	24.7761619937434
0.133100000000000	69.4934994221304
0.133150000000000	71.2053602860112
0.133200000000000	93.8166111001747
0.133250000000000	42.1340387152026
0.133300000000000	-1.78721309932858
0.133350000000000	16.6238895272994
0.133400000000000	-25.6695383853882
0.133450000000000	-34.6875497157420
0.133500000000000	55.8718436936299
0.133550000000000	-39.6761961752594
0.133600000000000	-10.0926855460400
0.133650000000000	14.5926431844464
0.133700000000000	20.1560507554429
0.133750000000000	19.1011763461595
0.133800000000000	4.79888565110017
0.133850000000000	-55.0707385967527
0.133900000000000	0.660316707470699
0.133950000000000	9.75307925072837
0.134000000000000	69.5317206912552
0.134050000000000	55.1511342045881
0.134100000000000	-4.04024091062933
0.134150000000000	2.33351072482319
0.134200000000000	35.8945018007374
0.134250000000000	14.4951517133681
0.134300000000000	-42.5205418813378
0.134350000000000	42.1170874561161
0.134400000000000	-7.40690233399036
0.134450000000000	8.39121339963151
0.134500000000000	17.9230478835747
0.134550000000000	-42.2322244562174
0.134600000000000	42.2579805335880
0.134650000000000	-31.1029501627748
0.134700000000000	-19.2089732406510
0.134750000000000	99.1960666137190
0.134800000000000	-2.22379575686702
0.134850000000000	46.1177588199400
0.134900000000000	56.8185236370540
0.134950000000000	-59.4968968943402
0.135000000000000	29.4450258906447
0.135050000000000	-66.5255880449111
0.135100000000000	23.6804637671546
0.135150000000000	39.9165048407355
0.135200000000000	70.2748209888165
0.135250000000000	1.91530653791478
0.135300000000000	-13.2886978487124
0.135350000000000	36.9101023321603
0.135400000000000	-37.7868520951265
0.135450000000000	5.99638565455436
0.135500000000000	-32.6740869435588
0.135550000000000	-2.70915778200112
0.135600000000000	20.2981797314293
0.135650000000000	-26.5584898280376
0.135700000000000	42.9390892907663
0.135750000000000	-22.4683018911426
0.135800000000000	12.1093159671481
0.135850000000000	63.7991039957750
0.135900000000000	15.6854069083184
0.135950000000000	0.209681661590103
0.136000000000000	18.1428521246968
0.136050000000000	32.6017339038365
0.136100000000000	80.3112172731525
0.136150000000000	3.10707395713433
0.136200000000000	30.7394078050866
0.136250000000000	69.1952365793844
0.136300000000000	28.5546553582095
0.136350000000000	69.9527947044237
0.136400000000000	55.4608369655874
0.136450000000000	33.0033873129764
0.136500000000000	-13.5434154626361
0.136550000000000	51.6659811425317
0.136600000000000	1.36789322691413
0.136650000000000	17.6413153362382
0.136700000000000	52.1813912619923
0.136750000000000	14.2838385450609
0.136800000000000	-54.9419360425625
0.136850000000000	51.9632140077422
0.136900000000000	7.26829352693716
0.136950000000000	40.8533101745698
0.137000000000000	52.7554212983244
0.137050000000000	17.4358991992596
0.137100000000000	-21.5848180629980
0.137150000000000	-6.59479419340098
0.137200000000000	-14.7487662281119
0.137250000000000	-1.27789034754058
0.137300000000000	13.5161208384533
0.137350000000000	7.80093041527771
0.137400000000000	36.7728315670512
0.137450000000000	10.3303493650509
0.137500000000000	44.8740489022719
0.137550000000000	14.2249515319911
0.137600000000000	39.8720241231455
0.137650000000000	16.2773491166095
0.137700000000000	19.9777943372688
0.137750000000000	-21.1728829263805
0.137800000000000	40.4822257398174
0.137850000000000	37.2766635661185
0.137900000000000	60.6241880278644
0.137950000000000	-52.8399955541954
0.138000000000000	-6.73363244252430
0.138050000000000	-25.8746726380622
0.138100000000000	13.3086579479547
0.138150000000000	-3.29627869131528
0.138200000000000	42.1782158559692
0.138250000000000	30.9528788127738
0.138300000000000	-41.2853778471736
0.138350000000000	-27.1824673012533
0.138400000000000	23.3099031277636
0.138450000000000	-15.5486353603630
0.138500000000000	17.8732067730077
0.138550000000000	31.7771901341206
0.138600000000000	28.0618125666848
0.138650000000000	25.8307349375010
0.138700000000000	4.76259661805847
0.138750000000000	-21.0901531607149
0.138800000000000	-15.2796349857424
0.138850000000000	41.5939064904059
0.138900000000000	-6.92073231396059
0.138950000000000	14.0626658967870
0.139000000000000	42.4803184448901
0.139050000000000	5.78614761795835
0.139100000000000	14.0242293894729
0.139150000000000	44.6976488101354
0.139200000000000	35.4051169660625
0.139250000000000	-1.58044286263961
0.139300000000000	32.5207137967416
0.139350000000000	1.28523849524876
0.139400000000000	18.3674486412990
0.139450000000000	41.4792532858901
0.139500000000000	25.6898359565397
0.139550000000000	39.0648429464521
0.139600000000000	-16.0299353221413
0.139650000000000	2.08421662458999
0.139700000000000	51.7700291008394
0.139750000000000	-11.2714876410278
0.139800000000000	32.1888774323664
0.139850000000000	42.4933762697806
0.139900000000000	39.0187288437283
0.139950000000000	8.11094121879639
0.140000000000000	51.6929823998872
0.140050000000000	-40.1374372905406
0.140100000000000	38.9881932393465
0.140150000000000	42.3441128230345
0.140200000000000	22.1752316932219
0.140250000000000	5.30307141242920
0.140300000000000	33.0874167129736
0.140350000000000	42.8520236807278
0.140400000000000	42.7357626314893
0.140450000000000	-10.0666287238564
0.140500000000000	-18.0787065629488
0.140550000000000	78.7056534339496
0.140600000000000	-1.95333952071163
0.140650000000000	48.0818898730435
0.140700000000000	16.9875489881526
0.140750000000000	31.4094248273292
0.140800000000000	38.8793886223108
0.140850000000000	87.7497327261058
0.140900000000000	29.3975291656135
0.140950000000000	10.6941955438910
0.141000000000000	80.9942093476398
0.141050000000000	31.9263614674313
0.141100000000000	-44.9155528887034
0.141150000000000	33.0163579555502
0.141200000000000	19.7814882220661
0.141250000000000	30.4483115509172
0.141300000000000	28.4481490345023
0.141350000000000	54.9823653182613
0.141400000000000	-6.23222742692913
0.141450000000000	46.0782655028686
0.141500000000000	34.6649764121311
0.141550000000000	-40.7413455320022
0.141600000000000	-17.6352117959591
0.141650000000000	-6.04007239041236
0.141700000000000	31.5279648700800
0.141750000000000	-26.8597795836103
0.141800000000000	-29.9514371252528
0.141850000000000	-19.6020914600730
0.141900000000000	46.0662944904930
0.141950000000000	11.4633109794729
0.142000000000000	-35.2868450536781
0.142050000000000	5.94847854374000
0.142100000000000	-0.404309404229181
0.142150000000000	2.50181938885564
0.142200000000000	-63.3228409601141
0.142250000000000	16.8912623971691
0.142300000000000	-2.85152772285367
0.142350000000000	3.38745078419066
0.142400000000000	31.6724399481068
0.142450000000000	-32.9704237705621
0.142500000000000	-15.3426169700103
0.142550000000000	28.0208407771029
0.142600000000000	38.5121524435147
0.142650000000000	48.7644122410820
0.142700000000000	20.2344023306121
0.142750000000000	15.5090063948572
0.142800000000000	31.0951951469548
0.142850000000000	31.1691010755154
0.142900000000000	6.06878903870537
0.142950000000000	-6.64751999815001
0.143000000000000	-17.6235465713524
0.143050000000000	31.5103032307925
0.143100000000000	-34.9472025438882
0.143150000000000	44.1572212231246
0.143200000000000	16.2044820630120
0.143250000000000	-8.50248498645640
0.143300000000000	-54.4324678249319
0.143350000000000	-1.25079464772249
0.143400000000000	54.4524828050604
0.143450000000000	17.9087556758768
0.143500000000000	2.98542664418234
0.143550000000000	21.3348710316589
0.143600000000000	-50.4404972006322
0.143650000000000	-6.95132548098871
0.143700000000000	-28.3203633915454
0.143750000000000	-0.306304293726228
0.143800000000000	64.9168951404973
0.143850000000000	-12.1419539621085
0.143900000000000	23.1440833477552
0.143950000000000	67.6129753612206
0.144000000000000	32.2293171280274
0.144050000000000	-5.86397175333623
0.144100000000000	32.5949857492636
0.144150000000000	60.1300480451699
0.144200000000000	30.6173542054293
0.144250000000000	103.690142564102
0.144300000000000	36.7643394686938
0.144350000000000	-39.6923849375959
0.144400000000000	72.6704969833243
0.144450000000000	-15.4798175883051
0.144500000000000	75.1236245006311
0.144550000000000	-24.8071091131546
0.144600000000000	62.0064146921957
0.144650000000000	23.2173491562741
0.144700000000000	31.0769590334107
0.144750000000000	64.1177145037876
0.144800000000000	29.5498200694608
0.144850000000000	34.0845612184809
0.144900000000000	90.8044553703844
0.144950000000000	39.0732896335683
0.145000000000000	64.4026794003008
0.145050000000000	76.4516098119041
0.145100000000000	21.0328278755071
0.145150000000000	35.7717345390981
0.145200000000000	-15.8332455656049
0.145250000000000	37.4865856296666
0.145300000000000	60.5052218315877
0.145350000000000	8.77289952268957
0.145400000000000	8.12472621874115
0.145450000000000	4.07384291252260
0.145500000000000	38.2419829299351
0.145550000000000	-4.93941934937990
0.145600000000000	55.5761441606978
0.145650000000000	-34.9531397657819
0.145700000000000	9.94353718199769
0.145750000000000	32.2805188249718
0.145800000000000	42.3254956440990
0.145850000000000	32.9415288626891
0.145900000000000	46.7441814419669
0.145950000000000	9.48556672739465
0.146000000000000	-47.9295491515582
0.146050000000000	-31.8401006369468
0.146100000000000	36.6104286549505
0.146150000000000	-9.85595262885149
0.146200000000000	26.9965670393541
0.146250000000000	-4.19256355689858
0.146300000000000	-7.78925628025560
0.146350000000000	1.20815021303314
0.146400000000000	3.73551936069957
0.146450000000000	45.7169507123986
0.146500000000000	51.3049338806565
0.146550000000000	30.0146024606808
0.146600000000000	58.0944408557252
0.146650000000000	-26.8040453795172
0.146700000000000	-17.0377667024422
0.146750000000000	25.1430953881224
0.146800000000000	12.3618699528340
0.146850000000000	-32.5076464110226
0.146900000000000	-42.4653993760630
0.146950000000000	34.9212996755275
0.147000000000000	4.29306782707587
0.147050000000000	-28.7331756125911
0.147100000000000	18.5451606557158
0.147150000000000	-63.6361719287679
0.147200000000000	-21.0673620226653
0.147250000000000	11.9358181521164
0.147300000000000	47.9639392496035
0.147350000000000	-3.68557602002833
0.147400000000000	-28.6003431330128
0.147450000000000	-18.3806124461802
0.147500000000000	21.7134082283046
0.147550000000000	22.0370420620656
0.147600000000000	12.4682389849401
0.147650000000000	8.91625014999175
0.147700000000000	-30.6929211241832
0.147750000000000	21.5997019839951
0.147800000000000	34.2923199673333
0.147850000000000	-27.7941501835590
0.147900000000000	32.1541603754580
0.147950000000000	-21.2267727388836
0.148000000000000	19.1598182455587
0.148050000000000	-26.7139680789058
0.148100000000000	8.55068120316778
0.148150000000000	20.3418894556727
0.148200000000000	45.4703172417222
0.148250000000000	-10.6499412590742
0.148300000000000	45.4535111211957
0.148350000000000	22.9091253311319
0.148400000000000	-22.1901842386958
0.148450000000000	-47.7688512634540
0.148500000000000	30.5521887188933
0.148550000000000	-5.38689070318364
0.148600000000000	15.6314232517648
0.148650000000000	15.3355625840323
0.148700000000000	2.81267245458467
0.148750000000000	65.9962796624444
0.148800000000000	10.1341372773843
0.148850000000000	3.59447638473275
0.148900000000000	7.15927777914432
0.148950000000000	49.6130231695483
0.149000000000000	-14.5795421023437
0.149050000000000	10.1455925865581
0.149100000000000	38.3998439533370
0.149150000000000	93.6003098305776
0.149200000000000	16.4277372527247
0.149250000000000	24.5903655298424
0.149300000000000	61.0369543406326
0.149350000000000	64.1263597890784
0.149400000000000	35.8784512138653
0.149450000000000	-21.6691572598813
0.149500000000000	-20.2165455033181
0.149550000000000	-66.9423579379039
0.149600000000000	18.9791854187748
0.149650000000000	46.5345432331967
0.149700000000000	28.2869015802631
0.149750000000000	44.3046947796874
0.149800000000000	-0.628364020565337
0.149850000000000	70.6727311538542
0.149900000000000	37.8752266899606
0.149950000000000	25.4750550827920
0.150000000000000	-24.2684709230146
0.150050000000000	24.5536689009569
0.150100000000000	-6.56684858861426
0.150150000000000	-19.1740761762816
0.150200000000000	-46.5842912592616
0.150250000000000	-28.7756174127260
0.150300000000000	2.56802507752772
0.150350000000000	-46.6369050856233
0.150400000000000	-29.5665949814933
0.150450000000000	-26.4122734817101
0.150500000000000	-69.5929964100091
0.150550000000000	47.0408438594937
0.150600000000000	22.0874617130803
0.150650000000000	16.3624870147611
0.150700000000000	-28.8341917768703
0.150750000000000	-72.9383135911766
0.150800000000000	-67.8566086194178
0.150850000000000	-36.4112914258570
0.150900000000000	-5.17546162797037
0.150950000000000	-0.516891177199371
0.151000000000000	-10.5422947438877
0.151050000000000	22.8870137830908
0.151100000000000	25.2344694960753
0.151150000000000	-56.0639937550052
0.151200000000000	-24.1554831598519
0.151250000000000	30.7515740497389
0.151300000000000	-10.4642852669065
0.151350000000000	58.7693799809459
0.151400000000000	-6.01237463613479
0.151450000000000	-114.398351294617
0.151500000000000	22.3996130530309
0.151550000000000	-27.9980316336154
0.151600000000000	-53.3313319623918
0.151650000000000	-44.2295808449847
0.151700000000000	-17.6798125742817
0.151750000000000	16.9840659657733
0.151800000000000	31.4852223386077
0.151850000000000	-13.2059383675534
0.151900000000000	-42.3803334416303
0.151950000000000	26.4921737371591
0.152000000000000	25.4363313052484
0.152050000000000	14.4216270036629
0.152100000000000	31.4529761899193
0.152150000000000	34.9757574472114
0.152200000000000	58.2497048357623
0.152250000000000	47.0602975021321
0.152300000000000	48.1155339023817
0.152350000000000	57.0302199429815
0.152400000000000	58.0324289688064
0.152450000000000	33.3172494317686
0.152500000000000	-13.4855043075831
0.152550000000000	31.6423608702535
0.152600000000000	54.6643060508641
0.152650000000000	9.50761010904865
0.152700000000000	65.4711841815688
0.152750000000000	31.9776877149234
0.152800000000000	43.5978230517972
0.152850000000000	19.8323676747266
0.152900000000000	25.5706838149770
0.152950000000000	-1.31998648415170
0.153000000000000	-10.3328694766403
0.153050000000000	28.5419193195716
0.153100000000000	41.5122913154745
0.153150000000000	40.1660159340661
0.153200000000000	43.6555779988727
0.153250000000000	55.9349995007996
0.153300000000000	56.9506723190867
0.153350000000000	15.3999125155098
0.153400000000000	-0.708356667733847
0.153450000000000	73.9757618910763
0.153500000000000	-22.3178314029648
0.153550000000000	11.3902301676359
0.153600000000000	-20.6124417964435
0.153650000000000	-6.14297585159190
0.153700000000000	-22.2978390780337
0.153750000000000	-36.9978219316609
0.153800000000000	-34.2589014246395
0.153850000000000	6.23072588792233
0.153900000000000	-90.5199134962832
0.153950000000000	18.2638951525522
0.154000000000000	24.7741843600934
0.154050000000000	-11.5857741924359
0.154100000000000	-33.5053602415458
0.154150000000000	-31.5522844646586
0.154200000000000	-19.0079518851616
0.154250000000000	10.6286537578511
0.154300000000000	5.23438297734911
0.154350000000000	13.3673949215731
0.154400000000000	-14.4833314284613
0.154450000000000	-61.9720217234329
0.154500000000000	-23.8994200994179
0.154550000000000	-11.8404968310985
0.154600000000000	25.2769696507936
0.154650000000000	25.0930836769561
0.154700000000000	24.4794305966314
0.154750000000000	-2.15760941790639
0.154800000000000	10.4715968249900
0.154850000000000	27.3600165122395
0.154900000000000	-44.3790328069130
0.154950000000000	-14.8780511125398
0.155000000000000	-16.5974576969692
0.155050000000000	-42.5443875956982
0.155100000000000	34.1238549112026
0.155150000000000	22.1012822994346
0.155200000000000	-53.4274269612900
0.155250000000000	31.4039252300099
0.155300000000000	-5.27665804955883
0.155350000000000	8.14821951302009
0.155400000000000	-26.3332964326331
0.155450000000000	32.9596152511233
0.155500000000000	46.4431681472504
0.155550000000000	20.3183245096009
0.155600000000000	38.0183257752675
0.155650000000000	-8.87372634226386
0.155700000000000	-44.0166209561051
0.155750000000000	0.132526157002715
0.155800000000000	-23.4344468494832
0.155850000000000	13.7206364184956
0.155900000000000	18.6526682303219
0.155950000000000	35.8519187484230
0.156000000000000	-17.3864997012609
0.156050000000000	14.0418645373007
0.156100000000000	9.09172713138525
0.156150000000000	15.2867538850291
0.156200000000000	13.0438345663230
0.156250000000000	-24.8736028520651
0.156300000000000	41.5537619147284
0.156350000000000	-14.4127049707315
0.156400000000000	31.4738217309250
0.156450000000000	-12.9553327308699
0.156500000000000	11.0158207945284
0.156550000000000	61.5806328958460
0.156600000000000	58.2125329479195
0.156650000000000	47.2418511598526
0.156700000000000	-30.0035872417393
0.156750000000000	11.8125316929684
0.156800000000000	-11.2517909133860
0.156850000000000	23.3279193764592
0.156900000000000	65.2959799184712
0.156950000000000	33.1610046011637
0.157000000000000	54.3813472012290
0.157050000000000	91.7564551679581
0.157100000000000	-3.28943626653271
0.157150000000000	55.9979160765097
0.157200000000000	40.1038518799946
0.157250000000000	9.10777811734303
0.157300000000000	11.2862372304810
0.157350000000000	55.7550022712942
0.157400000000000	30.8679378965539
0.157450000000000	3.89502028389260
0.157500000000000	77.4317145433369
0.157550000000000	29.1264909207535
0.157600000000000	-14.6615511907554
0.157650000000000	-24.8685837966424
0.157700000000000	-33.6755662223276
0.157750000000000	-15.4038971659440
0.157800000000000	27.4637297009351
0.157850000000000	-36.1482152168485
0.157900000000000	40.1533625271993
0.157950000000000	-24.4375910944653
0.158000000000000	-25.8664599450107
0.158050000000000	-49.0430421876333
0.158100000000000	42.9178183888996
0.158150000000000	-45.6018962282723
0.158200000000000	-66.1150698707473
0.158250000000000	39.0428721210120
0.158300000000000	19.1976778976430
0.158350000000000	-12.7655985851579
0.158400000000000	26.7887467627101
0.158450000000000	8.04727525543449
0.158500000000000	14.7697050649606
0.158550000000000	-45.0286666353395
0.158600000000000	-22.2687623690861
0.158650000000000	-17.1699506216947
0.158700000000000	-5.82595028181675
0.158750000000000	42.8553574047911
0.158800000000000	-3.28564419834208
0.158850000000000	1.90945090591161
0.158900000000000	12.8966137332726
0.158950000000000	-16.1043110577850
0.159000000000000	11.7189502796277
0.159050000000000	-30.7893558620787
0.159100000000000	19.6428165379602
0.159150000000000	14.3982751320703
0.159200000000000	-37.7604244346142
0.159250000000000	41.5305564098321
0.159300000000000	29.1878760544419
0.159350000000000	37.8434262772993
0.159400000000000	50.5965384195230
0.159450000000000	-2.76885223208254
0.159500000000000	-15.5052187609521
0.159550000000000	8.93330659919903
0.159600000000000	1.76995817957689
0.159650000000000	-23.1097102191053
0.159700000000000	40.8421739767749
0.159750000000000	38.7174547750345
0.159800000000000	51.4523081742346
0.159850000000000	9.26566300836191
0.159900000000000	-24.6252211278937
0.159950000000000	-48.6132964306333
0.160000000000000	19.8901429543238
0.160050000000000	35.5215709729233
0.160100000000000	-2.74992133079753
0.160150000000000	35.5387821272089
0.160200000000000	12.6837218682910
0.160250000000000	-4.14959340262502
0.160300000000000	49.9754872465529
0.160350000000000	22.9917261440211
0.160400000000000	30.1919335961732
0.160450000000000	19.6919015892702
0.160500000000000	-21.2503781475286
0.160550000000000	48.0798381623203
0.160600000000000	26.4117407986887
0.160650000000000	-0.251711539413567
0.160700000000000	91.2242701262537
0.160750000000000	43.1016211064698
0.160800000000000	78.4043231970858
0.160850000000000	60.6383383859280
0.160900000000000	87.7120201518700
0.160950000000000	50.1068637786576
0.161000000000000	81.4807461535339
0.161050000000000	6.40111794170861
0.161100000000000	3.63776606900838
0.161150000000000	59.3851227476859
0.161200000000000	2.21168288252475
0.161250000000000	1.96472240573612
0.161300000000000	-3.15240476225085
0.161350000000000	33.9470125732164
0.161400000000000	-14.2077689220713
0.161450000000000	21.1901093007713
0.161500000000000	49.4093835388377
0.161550000000000	16.8576087347581
0.161600000000000	9.98325179416497
0.161650000000000	17.1405887473694
0.161700000000000	-55.7450348368822
0.161750000000000	15.7535378887395
0.161800000000000	25.5860046100655
0.161850000000000	48.7729546427093
0.161900000000000	44.4460107706342
0.161950000000000	25.3232019263479
0.162000000000000	-56.5958344271424
0.162050000000000	-21.7750651890270
0.162100000000000	-21.1594920009544
0.162150000000000	55.6198449594952
0.162200000000000	-4.77749779665609
0.162250000000000	28.1440229775210
0.162300000000000	0.0845831201240817
0.162350000000000	3.08113305159158
0.162400000000000	-56.5697383418059
0.162450000000000	-1.28438171270467
0.162500000000000	37.7508600032811
0.162550000000000	13.5145194911468
0.162600000000000	-4.77440373335625
0.162650000000000	-58.7500534020750
0.162700000000000	-26.4622279777080
0.162750000000000	-6.98542917151163
0.162800000000000	-47.5250099414327
0.162850000000000	30.3856442247530
0.162900000000000	-35.2496795282988
0.162950000000000	-30.6194685425840
0.163000000000000	-11.9273120553006
0.163050000000000	31.9005856248077
0.163100000000000	25.4491240988759
0.163150000000000	-15.0260871957124
0.163200000000000	-35.4356973449602
0.163250000000000	-19.3815517759421
0.163300000000000	68.3362257894849
0.163350000000000	45.7442165085461
0.163400000000000	33.2803070106061
0.163450000000000	-13.7861949358766
0.163500000000000	-6.44158808797982
0.163550000000000	6.40471414724408
0.163600000000000	10.0612462496712
0.163650000000000	22.1188369045557
0.163700000000000	1.60952641020393
0.163750000000000	-0.856219807634631
0.163800000000000	75.0840765123977
0.163850000000000	-4.46493596491730
0.163900000000000	-55.1894034282078
0.163950000000000	32.2216187095944
0.164000000000000	1.37282435603015
0.164050000000000	74.3036298709841
0.164100000000000	38.1197430564081
0.164150000000000	47.5645444006461
0.164200000000000	-4.80899528933167
0.164250000000000	10.9181549577252
0.164300000000000	-3.78302243782149
0.164350000000000	53.0566014234294
0.164400000000000	-16.1621198659944
0.164450000000000	16.1119402583542
0.164500000000000	75.6497410895945
0.164550000000000	54.3522061642026
0.164600000000000	-0.427667388355388
0.164650000000000	36.0973120857745
0.164700000000000	70.6140334386118
0.164750000000000	76.1276375121725
0.164800000000000	25.0970352252267
0.164850000000000	60.8317776988770
0.164900000000000	35.5124017766651
0.164950000000000	31.7788641553924
0.165000000000000	48.3493072203275
0.165050000000000	90.0762158536254
0.165100000000000	37.0127104773626
0.165150000000000	28.6926276844747
0.165200000000000	39.4609153737721
0.165250000000000	-21.8299368264164
0.165300000000000	61.8698605286240
0.165350000000000	-36.1036569206271
0.165400000000000	-60.2643181068992
0.165450000000000	61.3882873497950
0.165500000000000	15.4956588273232
0.165550000000000	18.9101443986587
0.165600000000000	1.74287724375452
0.165650000000000	54.1720935537207
0.165700000000000	21.4485895503057
0.165750000000000	-27.3689917925214
0.165800000000000	65.7000065888641
0.165850000000000	-11.3116295811429
0.165900000000000	5.75883378458071
0.165950000000000	6.10977010036651
0.166000000000000	2.53073145717299
0.166050000000000	31.3015624717223
0.166100000000000	-29.2349528622442
0.166150000000000	10.2385495187217
0.166200000000000	-2.33102737204452
0.166250000000000	48.1195107308700
0.166300000000000	-42.0836868014325
0.166350000000000	-32.0779465610939
0.166400000000000	27.3333688215429
0.166450000000000	-2.64934511482251
0.166500000000000	4.29522793841589
0.166550000000000	5.15889451351990
0.166600000000000	-3.70052091098333
0.166650000000000	37.4518672673363
0.166700000000000	9.57151409785876
0.166750000000000	28.5835892138075
0.166800000000000	50.3917694622834
0.166850000000000	-9.86605449035825
0.166900000000000	-25.2276305045964
0.166950000000000	1.72291042668877
0.167000000000000	-43.7236786192156
0.167050000000000	-28.2743301966197
0.167100000000000	28.4831592450929
0.167150000000000	36.8282371123840
0.167200000000000	33.9847331523240
0.167250000000000	-9.96162523311173
0.167300000000000	33.3773657492984
0.167350000000000	-5.59856630774890
0.167400000000000	-25.3960866885867
0.167450000000000	-22.1629866102252
0.167500000000000	0.880103841050476
0.167550000000000	44.7199138787750
0.167600000000000	-33.6322293783163
0.167650000000000	-10.7134845673618
0.167700000000000	19.2035989187574
0.167750000000000	30.2312109905018
0.167800000000000	22.4963423039988
0.167850000000000	-8.40207443444945
0.167900000000000	6.06149287960957
0.167950000000000	-9.33572963769157
0.168000000000000	1.22230172795520
0.168050000000000	9.75856299600179
0.168100000000000	-11.9959326865469
0.168150000000000	67.0858408223084
0.168200000000000	18.6010872861205
0.168250000000000	15.9515115002558
0.168300000000000	53.2117283689923
0.168350000000000	-18.3621723087972
0.168400000000000	-18.8273449300988
0.168450000000000	100.566647836348
0.168500000000000	31.2910127352189
0.168550000000000	45.1682577334326
0.168600000000000	72.9562219856107
0.168650000000000	98.1089947206554
0.168700000000000	32.3860975277462
0.168750000000000	66.4893149629656
0.168800000000000	-31.5974677748225
0.168850000000000	48.2137717892956
0.168900000000000	14.2990082366338
0.168950000000000	68.1959473525663
0.169000000000000	28.6865324045477
0.169050000000000	42.5453895227658
0.169100000000000	63.0416366458052
0.169150000000000	21.1857518022113
0.169200000000000	-11.3030318022784
0.169250000000000	18.7929045761132
0.169300000000000	-34.3088702814726
0.169350000000000	21.1875555013020
0.169400000000000	10.7481945387419
0.169450000000000	9.14836178388193
0.169500000000000	-0.415775364779112
0.169550000000000	60.9314564474003
0.169600000000000	39.1149283974652
0.169650000000000	60.0018469723049
0.169700000000000	10.4621585622156
0.169750000000000	32.0239614753469
0.169800000000000	-6.24678568960951
0.169850000000000	-39.9835461454457
0.169900000000000	0.135827189355812
0.169950000000000	-25.3308468179428
0.170000000000000	-36.2079840740251
0.170050000000000	33.7804435435429
0.170100000000000	-4.13737393469811
0.170150000000000	22.3023757879362
0.170200000000000	10.8604512350007
0.170250000000000	29.0571783744745
0.170300000000000	42.8348188979430
0.170350000000000	3.68753754046700
0.170400000000000	62.0015508294439
0.170450000000000	43.5821662462074
0.170500000000000	-47.3427143147872
0.170550000000000	-60.4144095966737
0.170600000000000	8.45268607728658
0.170650000000000	27.7094035557730
0.170700000000000	21.4305298743031
0.170750000000000	0.904015831783422
0.170800000000000	-61.8524563133094
0.170850000000000	-10.9125647241264
0.170900000000000	21.5893130373928
0.170950000000000	39.2427791836865
0.171000000000000	11.8034811797641
0.171050000000000	-82.9472254863939
0.171100000000000	-78.4465940166104
0.171150000000000	18.1382472090926
0.171200000000000	34.2322347146867
0.171250000000000	-53.2705023407826
0.171300000000000	55.7219134222113
0.171350000000000	-4.38312312971738
0.171400000000000	-0.839806194010208
0.171450000000000	-26.7598166664612
0.171500000000000	-41.4507049616926
0.171550000000000	57.1088727326922
0.171600000000000	-2.98150927800262
0.171650000000000	25.4206496137737
0.171700000000000	46.7382640829364
0.171750000000000	-5.38872217418932
0.171800000000000	-5.93870516010375
0.171850000000000	-9.95512367382520
0.171900000000000	41.9708773699750
0.171950000000000	-2.64727150211283
0.172000000000000	36.7440469932731
0.172050000000000	75.4019261346060
0.172100000000000	-3.53340889252976
0.172150000000000	44.0947578673415
0.172200000000000	-16.9736990280377
0.172250000000000	-29.0286096300080
0.172300000000000	-47.3244675908579
0.172350000000000	78.8810896108712
0.172400000000000	55.4109125692120
0.172450000000000	11.1886411852151
0.172500000000000	1.28547194146010
0.172550000000000	23.1943317057027
0.172600000000000	4.18070658709588
0.172650000000000	62.8999317790261
0.172700000000000	83.0126652165958
0.172750000000000	23.1014350468059
0.172800000000000	-14.3994503354215
0.172850000000000	5.07133889908129
0.172900000000000	35.1333407359262
0.172950000000000	39.1315085344652
0.173000000000000	41.8253755062880
0.173050000000000	-41.2902705551073
0.173100000000000	56.0294386104665
0.173150000000000	37.6574733037277
0.173200000000000	3.95808767023065
0.173250000000000	9.58014460734586
0.173300000000000	46.9612672408526
0.173350000000000	44.1127318850758
0.173400000000000	-91.2935117697184
0.173450000000000	-13.1240742993750
0.173500000000000	10.5500592885304
0.173550000000000	-1.81035718357693
0.173600000000000	26.8038631704928
0.173650000000000	-14.3408724524734
0.173700000000000	7.28432434906925
0.173750000000000	-2.96453455848887
0.173800000000000	17.7031655959051
0.173850000000000	12.5747449858781
0.173900000000000	27.7666796188516
0.173950000000000	-65.9123032717098
0.174000000000000	-51.1930734880630
0.174050000000000	58.6125658531497
0.174100000000000	63.2119246003880
0.174150000000000	10.6039355645715
0.174200000000000	-0.767988049455417
0.174250000000000	87.1760604514024
0.174300000000000	-33.3017642440194
0.174350000000000	23.5670356575592
0.174400000000000	-48.8708967933573
0.174450000000000	-62.0721429662924
0.174500000000000	8.73870763065316
0.174550000000000	16.8634143040997
0.174600000000000	-32.1272403782867
0.174650000000000	-31.2696404238877
0.174700000000000	-63.6528345362238
0.174750000000000	-21.7101381178883
0.174800000000000	-20.3227797399834
0.174850000000000	-6.26308840471659
0.174900000000000	29.8418363074149
0.174950000000000	-19.6521490080835
0.175000000000000	18.0219825213570
0.175050000000000	-34.1600485967065
0.175100000000000	9.54921874591724
0.175150000000000	-46.3420045469592
0.175200000000000	-39.1024909797959
0.175250000000000	5.75729622119456
0.175300000000000	4.06911927182294
0.175350000000000	-2.48708301726894
0.175400000000000	32.1424150928225
0.175450000000000	26.6026520273669
0.175500000000000	-15.2762298792418
0.175550000000000	10.3842546455176
0.175600000000000	38.4201403253826
0.175650000000000	-28.4812688389733
0.175700000000000	4.07583053133676
0.175750000000000	2.90272430754681
0.175800000000000	35.5380987805821
0.175850000000000	-34.3075300093891
0.175900000000000	25.4475514305425
0.175950000000000	-3.59435969410604
0.176000000000000	32.1901219693825
0.176050000000000	1.38805979257888
0.176100000000000	47.2397415368119
0.176150000000000	28.2263139946083
0.176200000000000	3.11728660236467
0.176250000000000	-9.04004163275614
0.176300000000000	-29.4646604350012
0.176350000000000	9.87198543339956
0.176400000000000	-34.1571888780903
0.176450000000000	-32.6679610092372
0.176500000000000	-32.7848303806383
0.176550000000000	51.8762165778488
0.176600000000000	45.1563668779718
0.176650000000000	50.1996689030688
0.176700000000000	39.2577688469248
0.176750000000000	-4.41856681268675
0.176800000000000	22.2764353515470
0.176850000000000	8.31392818893649
0.176900000000000	6.07839174435627
0.176950000000000	-33.6413183821078
0.177000000000000	60.9326386083778
0.177050000000000	21.9438121874216
0.177100000000000	69.0471398661461
0.177150000000000	20.9131252974655
0.177200000000000	-23.7747791257436
0.177250000000000	81.4064805123722
0.177300000000000	1.25384685914861
0.177350000000000	-7.82756226987980
0.177400000000000	5.97278250761591
0.177450000000000	27.9812337596148
0.177500000000000	12.2826850062332
0.177550000000000	32.0720790969012
0.177600000000000	30.2852974718422
0.177650000000000	4.27835612030339
0.177700000000000	87.8508979927422
0.177750000000000	55.2794695243256
0.177800000000000	82.2474867109883
0.177850000000000	39.9722657601711
0.177900000000000	10.9598407887126
0.177950000000000	-23.6219689482742
0.178000000000000	21.2616199268140
0.178050000000000	-36.4478630801165
0.178100000000000	-20.4543542909514
0.178150000000000	13.4181121326529
0.178200000000000	45.5752284712086
0.178250000000000	17.3405963576038
0.178300000000000	30.0442426252199
0.178350000000000	-11.1951061570347
0.178400000000000	6.69486516264068
0.178450000000000	40.4542350159713
0.178500000000000	-29.8953963202722
0.178550000000000	30.9843812598715
0.178600000000000	23.0597389698613
0.178650000000000	7.82501181373587
0.178700000000000	46.2426671140709
0.178750000000000	-4.99413078246618
0.178800000000000	9.03561124573383
0.178850000000000	-39.7310356777376
0.178900000000000	-18.5130246619231
0.178950000000000	28.2167641161997
0.179000000000000	-35.3498224905121
0.179050000000000	-50.6368995039220
0.179100000000000	-5.86818652814191
0.179150000000000	-18.2182445523893
0.179200000000000	18.2360224154990
0.179250000000000	56.6240343004932
0.179300000000000	-50.6979241164937
0.179350000000000	-0.342950946294771
0.179400000000000	-19.6314018250699
0.179450000000000	16.2327892089395
0.179500000000000	-3.40058878940151
0.179550000000000	-32.9277570780867
0.179600000000000	19.0254194733728
0.179650000000000	46.0313857633692
0.179700000000000	-1.19816497264032
0.179750000000000	25.3252848584668
0.179800000000000	26.9097292317604
0.179850000000000	12.0081081035663
0.179900000000000	-5.92647782393060
0.179950000000000	27.3228348508317
0.180000000000000	57.6346475565469
0.180050000000000	11.7745923206153
0.180100000000000	-11.9805144242597
0.180150000000000	33.6063085176549
0.180200000000000	3.22416907732681
0.180250000000000	101.612388888588
0.180300000000000	2.45688392801518
0.180350000000000	-5.74030919798370
0.180400000000000	10.8134144659467
0.180450000000000	81.1196615236630
0.180500000000000	50.5816931542810
0.180550000000000	109.904954612602
0.180600000000000	61.7789519624682
0.180650000000000	30.7731566897726
0.180700000000000	58.9568979865816
0.180750000000000	54.4043475220966
0.180800000000000	27.8904475920786
0.180850000000000	29.6670637023077
0.180900000000000	24.2016220871632
0.180950000000000	54.5436602999114
0.181000000000000	80.9549422334707
0.181050000000000	59.5299751398027
0.181100000000000	31.1507271437314
0.181150000000000	44.1463813897833
0.181200000000000	8.00308301816694
0.181250000000000	35.5246920361809
0.181300000000000	-18.6564657385868
0.181350000000000	15.0782993619670
0.181400000000000	-12.3564550216205
0.181450000000000	34.8727682365780
0.181500000000000	43.8829975343764
0.181550000000000	46.3075285918265
0.181600000000000	50.5273794503018
0.181650000000000	30.0071878294337
0.181700000000000	-36.9547632787889
0.181750000000000	-34.6291835749034
0.181800000000000	20.2969501015327
0.181850000000000	67.0777432535024
0.181900000000000	-9.32340285074891
0.181950000000000	9.80319650942366
0.182000000000000	-33.6900411757219
0.182050000000000	70.2557498480646
0.182100000000000	-49.7990043606273
0.182150000000000	59.4872315728645
0.182200000000000	33.5421977177086
0.182250000000000	-8.70735469065529
0.182300000000000	73.0805967783647
0.182350000000000	60.6816576448583
0.182400000000000	-32.9384323134039
0.182450000000000	-29.4758107802645
0.182500000000000	-16.7906546241656
0.182550000000000	-11.5908796031236
0.182600000000000	12.8987871515613
0.182650000000000	-5.33223304435960
0.182700000000000	-4.32429366507053
0.182750000000000	-62.2902790533423
0.182800000000000	-18.8205951244863
0.182850000000000	-35.9307382886913
0.182900000000000	-4.43377301218364
0.182950000000000	-19.2428066568647
0.183000000000000	11.9890518534177
0.183050000000000	8.09008111943386
0.183100000000000	-35.6933442994072
0.183150000000000	-10.0660734745004
0.183200000000000	30.1211515202927
0.183250000000000	17.2987494251997
0.183300000000000	-31.7599856666180
0.183350000000000	0.500019333087382
0.183400000000000	38.7212974705210
0.183450000000000	49.3833291604489
0.183500000000000	22.1476008374514
0.183550000000000	25.2551836752154
0.183600000000000	-21.2459452231559
0.183650000000000	-18.3974667805392
0.183700000000000	-87.5636048059699
0.183750000000000	-3.41870357690560
0.183800000000000	40.8746745656181
0.183850000000000	38.9855980463455
0.183900000000000	8.34057994919195
0.183950000000000	35.5201329755502
0.184000000000000	65.9288639255394
0.184050000000000	31.7383767396696
0.184100000000000	62.6210600093242
0.184150000000000	28.4251814070163
0.184200000000000	-9.99773585477544
0.184250000000000	24.6370129269869
0.184300000000000	35.6942789449306
0.184350000000000	59.5340682571864
0.184400000000000	45.8869239547623
0.184450000000000	49.0181253335069
0.184500000000000	-30.5776029708317
0.184550000000000	52.3674894875536
0.184600000000000	-0.655234044131767
0.184650000000000	112.119593726684
0.184700000000000	33.9276657084565
0.184750000000000	21.1233469640759
0.184800000000000	1.52158249430443
0.184850000000000	46.3137471380857
0.184900000000000	40.0032164193793
0.184950000000000	-31.1866561209210
0.185000000000000	51.5728648968528
0.185050000000000	28.2655164885550
0.185100000000000	35.0652671411784
0.185150000000000	30.6187717057536
0.185200000000000	-32.2373850263410
0.185250000000000	13.9388325604770
0.185300000000000	19.7621694921713
0.185350000000000	20.3961200678908
0.185400000000000	64.4204578422544
0.185450000000000	30.2223154029669
0.185500000000000	41.7577306542290
0.185550000000000	-58.1393046162323
0.185600000000000	-3.53443064922401
0.185650000000000	-17.2481510289677
0.185700000000000	47.5968604630360
0.185750000000000	43.5584292134010
0.185800000000000	-22.8973100973664
0.185850000000000	-11.9797924138953
0.185900000000000	-23.2553928022860
0.185950000000000	-11.3154171564909
0.186000000000000	-16.1516471321666
0.186050000000000	-21.2948895051652
0.186100000000000	-26.9833318086492
0.186150000000000	-68.3808653850619
0.186200000000000	-55.7261586781260
0.186250000000000	-25.1187918495120
0.186300000000000	-45.1713961804369
0.186350000000000	1.86702160036811
0.186400000000000	67.5419330950152
0.186450000000000	3.28002885809763
0.186500000000000	-0.697327721256713
0.186550000000000	27.8674568691714
0.186600000000000	-29.4893310734690
0.186650000000000	21.9805984652055
0.186700000000000	28.3783382648062
0.186750000000000	57.5756187089121
0.186800000000000	-32.9460804371888
0.186850000000000	-12.4687406251688
0.186900000000000	-8.46864456377274
0.186950000000000	-63.7099165615428
0.187000000000000	-59.8154271444744
0.187050000000000	8.68443679028161
0.187100000000000	-3.65192312371304
0.187150000000000	-27.6323428600541
0.187200000000000	73.8745300652035
0.187250000000000	-52.7019496230865
0.187300000000000	-10.9689024543416
0.187350000000000	-22.1394074749769
0.187400000000000	-34.3851007623686
0.187450000000000	-18.4115716068899
0.187500000000000	36.8293591767581
0.187550000000000	-19.6675002038914
0.187600000000000	-19.6736357653256
0.187650000000000	24.8803284561157
0.187700000000000	24.5175253215528
0.187750000000000	57.3981242119113
0.187800000000000	19.1376105466789
0.187850000000000	-0.331582207486790
0.187900000000000	12.0713522250448
0.187950000000000	11.1027946549788
0.188000000000000	68.9084382866179
0.188050000000000	-1.98600443042704
0.188100000000000	1.23741846637071
0.188150000000000	-5.91411513104084
0.188200000000000	4.01289773066242
0.188250000000000	-2.13934364320473
0.188300000000000	-4.61603665733111
0.188350000000000	96.1755445217418
0.188400000000000	90.6897590580339
0.188450000000000	-29.2415311161945
0.188500000000000	17.9112181362018
0.188550000000000	9.25462147375748
0.188600000000000	50.4726351183887
0.188650000000000	8.52848505093984
0.188700000000000	49.9730719074719
0.188750000000000	-11.9526654774567
0.188800000000000	-84.0788420616588
0.188850000000000	-2.40274989509507
0.188900000000000	-8.53985056118466
0.188950000000000	23.3014025762524
0.189000000000000	37.5227036879757
0.189050000000000	56.1323276974408
0.189100000000000	5.66875761292335
0.189150000000000	50.1866570337787
0.189200000000000	5.99854666702008
0.189250000000000	0.241393373008837
0.189300000000000	-17.4764920543814
0.189350000000000	37.1211612850617
0.189400000000000	17.6391480805016
0.189450000000000	1.19999260600706
0.189500000000000	16.9047808507775
0.189550000000000	47.3175568289722
0.189600000000000	20.9321590434181
0.189650000000000	11.3328523858536
0.189700000000000	43.6934844028140
0.189750000000000	30.4469496742253
0.189800000000000	33.2107687848756
0.189850000000000	-16.2361768298922
0.189900000000000	-39.9886634761598
0.189950000000000	-30.0858217337236
0.190000000000000	-26.5717738200834
0.190050000000000	-11.9327329841757
0.190100000000000	19.7815009669049
0.190150000000000	-8.15723132497503
0.190200000000000	57.3765486188999
0.190250000000000	-48.8173244048338
0.190300000000000	-32.8831422775028
0.190350000000000	6.62694667985613
0.190400000000000	7.04451223965687
0.190450000000000	-22.1182783492535
0.190500000000000	79.0973444208284
0.190550000000000	18.4451037503051
0.190600000000000	-4.91293503925314
0.190650000000000	-0.293298637813390
0.190700000000000	-33.8747674067213
0.190750000000000	39.4427750556133
0.190800000000000	-26.0497598034956
0.190850000000000	14.4846437595099
0.190900000000000	-34.2375395060994
0.190950000000000	-4.54456872213591
0.191000000000000	-19.8474381972869
0.191050000000000	5.09111274173647
0.191100000000000	-44.2232396974985
0.191150000000000	-39.9397327488806
0.191200000000000	16.0272252575825
0.191250000000000	-47.5556463906016
0.191300000000000	-39.1185243299582
0.191350000000000	-21.8937852947360
0.191400000000000	-7.45726788169245
0.191450000000000	-2.56280622514815
0.191500000000000	24.8043317448718
0.191550000000000	23.7667374795565
0.191600000000000	21.7907514897297
0.191650000000000	-8.11818139988818
0.191700000000000	3.41886790166944
0.191750000000000	41.3436136522729
0.191800000000000	91.7358968017850
0.191850000000000	86.6144588780187
0.191900000000000	12.3406158097591
0.191950000000000	31.6755200899377
0.192000000000000	56.6369078294284
0.192050000000000	23.1447743019724
0.192100000000000	24.1351081829142
0.192150000000000	-23.1215687023392
0.192200000000000	66.0349596637200
0.192250000000000	31.9489767152133
0.192300000000000	21.9931595113402
0.192350000000000	14.5511999854963
0.192400000000000	24.1016054150818
0.192450000000000	69.2336607606857
0.192500000000000	23.7619961652712
0.192550000000000	38.4954808318823
0.192600000000000	32.8063222687813
0.192650000000000	31.3034221341208
0.192700000000000	22.6574828120987
0.192750000000000	7.58345047754374
0.192800000000000	16.7314641828539
0.192850000000000	34.2100972674340
0.192900000000000	3.80498408413972
0.192950000000000	30.8722964572428
0.193000000000000	-18.7434525984408
0.193050000000000	50.3686272196837
0.193100000000000	-30.3576046244569
0.193150000000000	93.0932082266790
0.193200000000000	10.1833355911267
0.193250000000000	73.3235168059653
0.193300000000000	90.0938046514224
0.193350000000000	-33.2141508589058
0.193400000000000	40.6935547203693
0.193450000000000	12.4081266207974
0.193500000000000	7.12048177719530
0.193550000000000	44.2252041123710
0.193600000000000	-35.1825309199945
0.193650000000000	0.0798947785677200
0.193700000000000	-9.24471820278779
0.193750000000000	48.7357534140628
0.193800000000000	13.7127389896679
0.193850000000000	63.0036169070535
0.193900000000000	14.7664614501174
0.193950000000000	24.1908089782993
0.194000000000000	-11.1393770372019
0.194050000000000	23.0681467927231
0.194100000000000	42.6711291930944
0.194150000000000	-65.2629552192269
0.194200000000000	-23.3002492095155
0.194250000000000	-21.7499216073741
0.194300000000000	74.7750634107510
0.194350000000000	-11.6678025585286
0.194400000000000	-38.0492064871700
0.194450000000000	57.5909521940743
0.194500000000000	23.5354858358456
0.194550000000000	-56.5541800559514
0.194600000000000	-58.4212576326049
0.194650000000000	-17.9162893236995
0.194700000000000	-14.0661789196321
0.194750000000000	-41.6019520418309
0.194800000000000	24.1857557972999
0.194850000000000	-31.0719817910931
0.194900000000000	-19.6356727648224
0.194950000000000	0.714700068837637
0.195000000000000	8.19778361017753
0.195050000000000	18.3998483598416
0.195100000000000	32.3961801935980
0.195150000000000	-18.6535049299043
0.195200000000000	34.4954759943843
0.195250000000000	35.6089650931218
0.195300000000000	-50.4571671465483
0.195350000000000	4.20569169782743
0.195400000000000	-57.3720720098479
0.195450000000000	4.43486144129131
0.195500000000000	25.1255120443252
0.195550000000000	9.67156449878794
0.195600000000000	13.4634657726115
0.195650000000000	93.9326688506461
0.195700000000000	35.9381149542330
0.195750000000000	21.5478978591420
0.195800000000000	56.9870318137764
0.195850000000000	6.84249663314178
0.195900000000000	9.98236181890333
0.195950000000000	3.98173642537594
0.196000000000000	-6.46562342285538
0.196050000000000	26.8022735565041
0.196100000000000	-3.84720707650493
0.196150000000000	40.4486503945990
0.196200000000000	-21.2671725421358
0.196250000000000	5.28444857398798
0.196300000000000	66.5736819762403
0.196350000000000	5.92797912693337
0.196400000000000	34.4790749240531
0.196450000000000	92.2669942987895
0.196500000000000	14.4863497231832
0.196550000000000	14.1680808421945
0.196600000000000	29.4024408455340
0.196650000000000	93.3733662041267
0.196700000000000	61.4587517764608
0.196750000000000	68.2844506079444
0.196800000000000	17.2761115256708
0.196850000000000	69.7487807922528
0.196900000000000	40.8607891012282
0.196950000000000	69.5025860524280
0.197000000000000	-18.0051734344746
0.197050000000000	13.6073030114128
0.197100000000000	57.3669303057124
0.197150000000000	28.9051661652959
0.197200000000000	-17.9982898605580
0.197250000000000	23.0716054437393
0.197300000000000	20.4251214079967
0.197350000000000	3.94144443840527
0.197400000000000	59.8944026745124
0.197450000000000	27.0798825413304
0.197500000000000	39.0409216376498
0.197550000000000	45.1785829910834
0.197600000000000	-16.0784918892525
0.197650000000000	21.1836003365517
0.197700000000000	8.30108650289245
0.197750000000000	-37.7768939279920
0.197800000000000	37.8939483472832
0.197850000000000	18.7534607535712
0.197900000000000	14.0396753365323
0.197950000000000	29.2559411459223
0.198000000000000	42.5826701088318
0.198050000000000	6.68291257819509
0.198100000000000	-36.0711735062265
0.198150000000000	17.6160153963009
0.198200000000000	76.1407896798000
0.198250000000000	21.8680379364286
0.198300000000000	-1.03879421711411
0.198350000000000	3.19662546177224
0.198400000000000	-15.4529004197885
0.198450000000000	26.0740312524510
0.198500000000000	67.0737263413935
0.198550000000000	23.8906487336291
0.198600000000000	52.0794014832711
0.198650000000000	15.2287038460387
0.198700000000000	7.31568183752851
0.198750000000000	7.51689237405805
0.198800000000000	-37.6961801389560
0.198850000000000	-32.1806685364532
0.198900000000000	-9.68276384733858
0.198950000000000	-33.1609490928700
0.199000000000000	12.1684442683788
0.199050000000000	-8.46044302968544
0.199100000000000	57.4118406207987
0.199150000000000	22.7766585608775
0.199200000000000	-12.3298433506523
0.199250000000000	-97.9867163679115
0.199300000000000	14.6662832778781
0.199350000000000	70.5223937182787
0.199400000000000	19.3206997260560
0.199450000000000	-0.421526122499811
0.199500000000000	17.5868088738912
0.199550000000000	-15.6042887406616
0.199600000000000	1.23726657743269
0.199650000000000	50.2762891314183
0.199700000000000	3.70584685550800
0.199750000000000	17.8878063005084
0.199800000000000	64.7128213322868
0.199850000000000	11.5002823497740
0.199900000000000	55.7007724449250
0.199950000000000	78.0169291429242
0.200000000000000	46.3398052087677
0.200050000000000	24.7309576144564
0.200100000000000	63.7956393745101
0.200150000000000	30.0112017201414
0.200200000000000	13.4691931517082
0.200250000000000	19.5604298080584
0.200300000000000	72.0974866868490
0.200350000000000	34.3464791285667
0.200400000000000	-32.7649030496154
0.200450000000000	15.0762179733581
0.200500000000000	20.6282135603423
0.200550000000000	-1.91005389461472
0.200600000000000	60.1932385433877
0.200650000000000	-15.8076145981086
0.200700000000000	26.0465825409852
0.200750000000000	24.4610866951401
0.200800000000000	9.85598169790197
0.200850000000000	31.2291704881735
0.200900000000000	38.1384522850560
0.200950000000000	-2.33982333156780
0.201000000000000	-12.7553492872714
0.201050000000000	66.7591938669980
0.201100000000000	32.4835370508742
0.201150000000000	15.6245529784452
0.201200000000000	0.00201293509857692
0.201250000000000	16.4144380742990
0.201300000000000	-16.0567418073335
0.201350000000000	32.6278247029677
0.201400000000000	14.8160856839730
0.201450000000000	-13.7866545520823
0.201500000000000	9.40202627171441
0.201550000000000	62.0906207407070
0.201600000000000	7.36471484725057
0.201650000000000	48.1100582758648
0.201700000000000	43.6412044427550
0.201750000000000	-7.91406255653443
0.201800000000000	0.136158686253214
0.201850000000000	3.24588961169986
0.201900000000000	13.4280717700638
0.201950000000000	-7.53847133771831
0.202000000000000	-15.1654338699621
0.202050000000000	36.1394758947890
0.202100000000000	6.25132359722899
0.202150000000000	-38.7671433073868
0.202200000000000	1.04106276624882
0.202250000000000	-9.93703022602304
0.202300000000000	-18.8709215986036
0.202350000000000	-5.89343068099044
0.202400000000000	19.5867416432120
0.202450000000000	-13.7420050050486
0.202500000000000	36.3584037436285
0.202550000000000	-46.4212762601101
0.202600000000000	39.0208487323340
0.202650000000000	-21.9882213808380
0.202700000000000	-23.5272427921973
0.202750000000000	-31.7740113036313
0.202800000000000	-88.8630938681640
0.202850000000000	31.0029704194249
0.202900000000000	16.9700440995992
0.202950000000000	-6.07994909946876
0.203000000000000	-12.7106406342695
0.203050000000000	-50.3386960914191
0.203100000000000	-32.4024505466258
0.203150000000000	2.96958258264817
0.203200000000000	54.6076104927166
0.203250000000000	-22.2366463492845
0.203300000000000	30.4131148428534
0.203350000000000	74.2850947564233
0.203400000000000	12.7295243513794
0.203450000000000	1.76364384955120
0.203500000000000	8.72784491033099
0.203550000000000	-18.9002149434225
0.203600000000000	14.3876945268125
0.203650000000000	12.5534721801228
0.203700000000000	19.9407408300465
0.203750000000000	40.3237192640424
0.203800000000000	31.7117197544407
0.203850000000000	16.4157480312483
0.203900000000000	-24.3378265779918
0.203950000000000	78.4793431618662
0.204000000000000	34.6659938303153
0.204050000000000	-42.8082846483702
0.204100000000000	3.74800511334422
0.204150000000000	63.4707778274443
0.204200000000000	5.72143083905389
0.204250000000000	-5.49022599440709
0.204300000000000	38.0430437525745
0.204350000000000	27.5947592206598
0.204400000000000	54.0866888166893
0.204450000000000	41.0584069384044
0.204500000000000	11.0766929507506
0.204550000000000	-22.8255700092476
0.204600000000000	83.9944371118103
0.204650000000000	7.25393303012752
0.204700000000000	-16.9356646819191
0.204750000000000	43.0297377437679
0.204800000000000	27.8969164867879
0.204850000000000	94.4401897850950
0.204900000000000	33.3012920301938
0.204950000000000	39.3846040330252
0.205000000000000	10.7098581545925
0.205050000000000	4.62374395180209
0.205100000000000	51.5623598578715
0.205150000000000	13.0305252463836
0.205200000000000	51.9495387124050
0.205250000000000	36.8264191659598
0.205300000000000	-9.07089882191450
0.205350000000000	75.3901339733312
0.205400000000000	9.25922317399737
0.205450000000000	100.355381663702
0.205500000000000	64.8043179516481
0.205550000000000	28.6567682767582
0.205600000000000	44.5109635894056
0.205650000000000	40.3103109334379
0.205700000000000	10.2017841369949
0.205750000000000	74.2010284541256
0.205800000000000	1.16172237633513
0.205850000000000	4.44361914647977
0.205900000000000	4.52158665136159
0.205950000000000	-13.3515703036934
0.206000000000000	23.8968904795863
0.206050000000000	2.81877501489842
0.206100000000000	20.6682581806200
0.206150000000000	-9.60674732402661
0.206200000000000	33.4409406664450
0.206250000000000	-28.6216172067032
0.206300000000000	63.7593107538459
0.206350000000000	-3.95911102572724
0.206400000000000	61.4071867528012
0.206450000000000	-1.78979116375366
0.206500000000000	8.58247184982896
0.206550000000000	-50.1992699408149
0.206600000000000	-1.31206740561606
0.206650000000000	-11.4265011163635
0.206700000000000	18.8039654540368
0.206750000000000	37.0453713827851
0.206800000000000	-51.7785439194630
0.206850000000000	-34.3246443085765
0.206900000000000	-22.7122098620576
0.206950000000000	28.1506685202150
0.207000000000000	31.1635302998386
0.207050000000000	-18.9476665307217
0.207100000000000	8.60736635719813
0.207150000000000	34.3642270341694
0.207200000000000	-16.6535189101074
0.207250000000000	62.5759849578194
0.207300000000000	-16.7878164887345
0.207350000000000	-3.63837191511844
0.207400000000000	-12.4500250207374
0.207450000000000	7.34966856926105
0.207500000000000	24.8148558192174
0.207550000000000	39.6368900421605
0.207600000000000	36.2945952293724
0.207650000000000	23.4622084929321
0.207700000000000	1.67102666855446
0.207750000000000	-8.22951981035136
0.207800000000000	11.2585858272628
0.207850000000000	45.7240973961603
0.207900000000000	36.9927368460886
0.207950000000000	56.6527794979743
0.208000000000000	-10.7813254042353
0.208050000000000	-2.36083413291301
0.208100000000000	-13.2542329079487
0.208150000000000	66.5187313768883
0.208200000000000	25.9153928311356
0.208250000000000	34.0543401442772
0.208300000000000	47.3809120190157
0.208350000000000	-16.2289892935189
0.208400000000000	58.6636376019056
0.208450000000000	106.799883986539
0.208500000000000	23.8195482856496
0.208550000000000	-6.23533592484192
0.208600000000000	61.5167776734876
0.208650000000000	36.0500658391836
0.208700000000000	54.9264552580501
0.208750000000000	47.8658366473938
0.208800000000000	14.8203281467971
0.208850000000000	88.7946837929707
0.208900000000000	67.7784883974585
0.208950000000000	30.8492473053538
0.209000000000000	23.0324057937827
0.209050000000000	12.3841481306372
0.209100000000000	58.3492466811218
0.209150000000000	67.2756841598975
0.209200000000000	53.6588161324672
0.209250000000000	29.0377551081302
0.209300000000000	20.6724964273455
0.209350000000000	46.6308381537161
0.209400000000000	49.3253755976579
0.209450000000000	-20.1320128822904
0.209500000000000	31.4472063478667
0.209550000000000	20.5913016406753
0.209600000000000	17.1556763275054
0.209650000000000	36.3718712650106
0.209700000000000	5.69501778063723
0.209750000000000	-19.3625980568760
0.209800000000000	-15.8495596384592
0.209850000000000	20.6631575175304
0.209900000000000	-3.60207951600341
0.209950000000000	33.7517985693384
0.210000000000000	-14.3758370967453
0.210050000000000	31.2754436898100
0.210100000000000	6.78136106778025
0.210150000000000	23.5933643551718
0.210200000000000	-13.3690049562732
0.210250000000000	-10.2356636510190
0.210300000000000	3.13732021395142
0.210350000000000	21.6257679668364
0.210400000000000	-41.6240203058522
0.210450000000000	22.5889110113034
0.210500000000000	-7.62854178755642
0.210550000000000	5.15305354056473
0.210600000000000	-30.9313098612608
0.210650000000000	-32.9219031263772
0.210700000000000	18.4186146120926
0.210750000000000	-12.5309495061004
0.210800000000000	-55.0411100069113
0.210850000000000	25.3812777356200
0.210900000000000	39.3615650182059
0.210950000000000	-8.02475839001500
0.211000000000000	-9.72073211891624
0.211050000000000	22.4804180258661
0.211100000000000	-23.2677699557793
0.211150000000000	3.10239091944408
0.211200000000000	-16.8306008889074
0.211250000000000	17.4688533018926
0.211300000000000	-37.1950155156383
0.211350000000000	-1.62971440821900
0.211400000000000	-22.9792998967757
0.211450000000000	-7.13716954169027
0.211500000000000	-11.3636769370312
0.211550000000000	5.78873069941712
0.211600000000000	-22.6887892925662
0.211650000000000	48.7271800543104
0.211700000000000	9.59808504501603
0.211750000000000	-49.9689488868898
0.211800000000000	-33.3507830803608
0.211850000000000	-60.4359954199696
0.211900000000000	-0.549950288294006
0.211950000000000	-2.46438617005875
0.212000000000000	9.69637306804568
0.212050000000000	12.3925535891898
0.212100000000000	15.1764204888431
0.212150000000000	8.15971248036812
0.212200000000000	11.9683484412763
0.212250000000000	7.18282439421561
0.212300000000000	17.6492973859791
0.212350000000000	-37.6538004069724
0.212400000000000	98.8862493749998
0.212450000000000	128.853380043914
0.212500000000000	17.9587793845973
0.212550000000000	46.4896241304745
0.212600000000000	61.5331989445582
0.212650000000000	11.6603509532386
0.212700000000000	69.8745772066504
0.212750000000000	41.0780556752858
0.212800000000000	44.5617996482792
0.212850000000000	28.5367889387251
0.212900000000000	18.4148743849529
0.212950000000000	44.8298168577114
0.213000000000000	43.2761796472119
0.213050000000000	5.99051676065272
0.213100000000000	23.5719280332544
0.213150000000000	60.5706730400547
0.213200000000000	-24.0495499426879
0.213250000000000	81.7382067121089
0.213300000000000	45.8481418011258
0.213350000000000	17.1048948683849
0.213400000000000	-5.37251770461824
0.213450000000000	29.2269352634733
0.213500000000000	54.5415249738507
0.213550000000000	72.1933171478086
0.213600000000000	-10.0723796687070
0.213650000000000	51.7511310601088
0.213700000000000	-0.296176147548225
0.213750000000000	51.8426326316056
0.213800000000000	-34.0983733801394
0.213850000000000	33.8765266028732
0.213900000000000	3.32753749896226
0.213950000000000	13.8009799864700
0.214000000000000	-25.3366509527213
0.214050000000000	-26.1615089616653
0.214100000000000	-21.1635919900886
0.214150000000000	9.97218442938682
0.214200000000000	16.1023683825805
0.214250000000000	0.715193241837145
0.214300000000000	-56.8447204392712
0.214350000000000	2.72633534082634
0.214400000000000	39.0867991043934
0.214450000000000	-42.2624382727474
0.214500000000000	28.3411351416707
0.214550000000000	15.7591118672691
0.214600000000000	31.7855584525644
0.214650000000000	53.0245887868275
0.214700000000000	-34.5150019271654
0.214750000000000	-21.5242598042930
0.214800000000000	15.8655059024716
0.214850000000000	39.4871760537131
0.214900000000000	-53.8539491791376
0.214950000000000	-33.3489063274684
0.215000000000000	-15.4260675052325
0.215050000000000	17.4405667297735
0.215100000000000	27.7759036503858
0.215150000000000	-11.0422744131867
0.215200000000000	9.37715869340860
0.215250000000000	14.4258943382055
0.215300000000000	-3.94379552432872
0.215350000000000	7.28671088411214
0.215400000000000	68.0285350084244
0.215450000000000	43.3381603372137
0.215500000000000	61.5841636278751
0.215550000000000	2.60575607435975
0.215600000000000	31.4671857176312
0.215650000000000	-10.8936738529536
0.215700000000000	16.6283666785786
0.215750000000000	43.8444211955339
0.215800000000000	-5.57351898364128
0.215850000000000	42.2682145350569
0.215900000000000	-14.7593123198273
0.215950000000000	-37.5402555532052
0.216000000000000	71.5948854004270
0.216050000000000	29.7810075719504
0.216100000000000	58.7674489889579
0.216150000000000	-3.31258392577507
0.216200000000000	9.90726605753786
0.216250000000000	37.2800623446590
0.216300000000000	8.72832345043961
0.216350000000000	36.0660345710685
0.216400000000000	-5.49073863036909
0.216450000000000	44.4104009429123
0.216500000000000	47.8116538081374
0.216550000000000	48.6171152024912
0.216600000000000	66.6887447412538
0.216650000000000	18.9312087582308
0.216700000000000	32.2980893681599
0.216750000000000	22.8576594480594
0.216800000000000	41.5484527181361
0.216850000000000	44.8112169586378
0.216900000000000	58.2872157699687
0.216950000000000	56.4851053231987
0.217000000000000	38.2449253913666
0.217050000000000	8.42627276257652
0.217100000000000	34.7231813593675
0.217150000000000	46.9944532379996
0.217200000000000	59.1138087959835
0.217250000000000	45.4603475439533
0.217300000000000	63.1839255185143
0.217350000000000	-11.3151815315689
0.217400000000000	36.8970296984054
0.217450000000000	17.8446866065848
0.217500000000000	28.3994441526219
0.217550000000000	11.8950371399024
0.217600000000000	8.83815725186213
0.217650000000000	16.8392511402487
0.217700000000000	24.6219615964459
0.217750000000000	-49.6898447991564
0.217800000000000	-35.3092142707721
0.217850000000000	11.6738815435365
0.217900000000000	-38.3283755050284
0.217950000000000	-6.69716864228502
0.218000000000000	-40.5260085344296
0.218050000000000	3.95156624969574
0.218100000000000	5.50237827857743
0.218150000000000	5.47987071865340
0.218200000000000	2.00483078497131
0.218250000000000	29.5514321491027
0.218300000000000	-33.5071675600533
0.218350000000000	-42.2912222872980
0.218400000000000	-2.70537757468940
0.218450000000000	-28.4578375235123
0.218500000000000	22.2889327685446
0.218550000000000	-36.8068765624370
0.218600000000000	-14.0874330515123
0.218650000000000	-32.1390108221199
0.218700000000000	24.6649573140873
0.218750000000000	1.90893195311891
0.218800000000000	14.4520627552091
0.218850000000000	11.4614868470083
0.218900000000000	31.6528463030850
0.218950000000000	8.61507863095380
0.219000000000000	-17.0074402612775
0.219050000000000	-6.86544921375891
0.219100000000000	-16.8600161736006
0.219150000000000	-32.9991645185185
0.219200000000000	-40.4032375248678
0.219250000000000	14.9225929310816
0.219300000000000	18.4549310225321
0.219350000000000	37.6248807780941
0.219400000000000	28.8043294719765
0.219450000000000	3.81648588405798
0.219500000000000	24.0081245577497
0.219550000000000	-5.82921266891304
0.219600000000000	-16.4140519784686
0.219650000000000	23.4035893096918
0.219700000000000	11.1941083243926
0.219750000000000	20.4108910087074
0.219800000000000	-34.1659529709022
0.219850000000000	43.6533090949823
0.219900000000000	36.3620079994274
0.219950000000000	4.93032079224963
0.220000000000000	-6.70317512807362
0.220050000000000	-33.3452576582869
0.220100000000000	94.1971165870781
0.220150000000000	62.6125948496116
0.220200000000000	-7.88792943055385
0.220250000000000	5.51094917786709
0.220300000000000	50.5086270253813
0.220350000000000	39.9733966820119
0.220400000000000	17.3121558566317
0.220450000000000	59.4116045485772
0.220500000000000	62.8076695694407
0.220550000000000	90.1949740702633
0.220600000000000	29.6481738856998
0.220650000000000	63.0957452911577
0.220700000000000	14.4440187120794
0.220750000000000	101.191727659553
0.220800000000000	23.6937339304091
0.220850000000000	82.9864070870663
0.220900000000000	-14.5617032299337
0.220950000000000	-1.88306104776688
0.221000000000000	45.2547166402303
0.221050000000000	49.9803126892730
0.221100000000000	-42.2761633188517
0.221150000000000	52.2017654760384
0.221200000000000	66.5012298153828
0.221250000000000	35.3252545588777
0.221300000000000	-59.5952847464891
0.221350000000000	46.2335373516322
0.221400000000000	34.5699561243108
0.221450000000000	12.3049625107314
0.221500000000000	47.3499338606603
0.221550000000000	71.3194651460860
0.221600000000000	28.4931587658196
0.221650000000000	13.0616064711752
0.221700000000000	25.5529783090775
0.221750000000000	39.7117655078876
0.221800000000000	11.1926003051604
0.221850000000000	14.1295315409718
0.221900000000000	15.2926557609565
0.221950000000000	14.5939440360651
0.222000000000000	-3.94733233311917
0.222050000000000	-1.13614560752404
0.222100000000000	-34.0896613668277
0.222150000000000	12.5237331761035
0.222200000000000	-8.47433660746818
0.222250000000000	6.61501208208692
0.222300000000000	-23.0876065530690
0.222350000000000	-11.1411617300632
0.222400000000000	18.7818579166252
0.222450000000000	19.1474206991999
0.222500000000000	48.6268769834637
0.222550000000000	36.2269138950063
0.222600000000000	-18.0232343965326
0.222650000000000	12.6343339870255
0.222700000000000	29.4784992367038
0.222750000000000	-63.1557168137091
0.222800000000000	-22.5387511825005
0.222850000000000	32.6556936297925
0.222900000000000	19.8604194863471
0.222950000000000	-30.0246487043561
0.223000000000000	6.05037699925355
0.223050000000000	13.0017918231188
0.223100000000000	24.4950362543775
0.223150000000000	-24.7696044529398
0.223200000000000	5.37057315057936
0.223250000000000	3.45632727701557
0.223300000000000	1.88612640675595
0.223350000000000	42.4916789777504
0.223400000000000	8.93433611092577
0.223450000000000	-10.5119477600336
0.223500000000000	-11.0562112290221
0.223550000000000	42.9347709005886
0.223600000000000	-11.5880734683321
0.223650000000000	78.8163337657669
0.223700000000000	40.9560291321722
0.223750000000000	71.9809704334424
0.223800000000000	32.4060901363567
0.223850000000000	78.7858842108966
0.223900000000000	-39.0365685878777
0.223950000000000	55.3371518191775
0.224000000000000	54.7322093925992
0.224050000000000	32.2313043792718
0.224100000000000	25.2977933808046
0.224150000000000	32.6232028288665
0.224200000000000	-4.58106039347801
0.224250000000000	22.6953855764607
0.224300000000000	56.5717520053706
0.224350000000000	8.96387236831438
0.224400000000000	-41.4768867923302
0.224450000000000	68.8619202180104
0.224500000000000	12.0347218128570
0.224550000000000	85.7610613823906
0.224600000000000	22.8663927232956
0.224650000000000	25.6206066572373
0.224700000000000	23.4254200580228
0.224750000000000	36.2623913605732
0.224800000000000	45.8000815578069
0.224850000000000	22.7694814758040
0.224900000000000	-13.7294856955894
0.224950000000000	5.25206452128091
0.225000000000000	101.961943720191
0.225050000000000	-26.0541703256748
0.225100000000000	25.5150812589827
0.225150000000000	-21.0138844149025
0.225200000000000	46.9001308230168
0.225250000000000	-4.48124787013039
0.225300000000000	-33.9689211072911
0.225350000000000	27.0440756902931
0.225400000000000	4.76700006732715
0.225450000000000	57.7517031251446
0.225500000000000	22.2951778216461
0.225550000000000	31.0685456906843
0.225600000000000	-38.5108903040152
0.225650000000000	41.5269504640719
0.225700000000000	48.7987974770310
0.225750000000000	-18.5819641541045
0.225800000000000	-2.94222658874634
0.225850000000000	23.3717209894879
0.225900000000000	3.25101185528084
0.225950000000000	-22.6930035656585
0.226000000000000	-11.3176275010333
0.226050000000000	23.1466486794228
0.226100000000000	62.1756467655105
0.226150000000000	-33.1669861110668
0.226200000000000	10.5904841367754
0.226250000000000	24.8193678280249
0.226300000000000	-22.5991915209425
0.226350000000000	13.5763926997164
0.226400000000000	6.97952054347680
0.226450000000000	-19.1308292984561
0.226500000000000	3.61935969191838
0.226550000000000	9.39086774260802
0.226600000000000	9.62430703311173
0.226650000000000	24.4148019692592
0.226700000000000	-29.1532769327160
0.226750000000000	-13.9365880784699
0.226800000000000	-8.89901676624280
0.226850000000000	-50.4594349873449
0.226900000000000	21.1988176639344
0.226950000000000	-7.65790703713437
0.227000000000000	64.3751398626705
0.227050000000000	34.2954631987336
0.227100000000000	-45.1438148542831
0.227150000000000	28.7017567643043
0.227200000000000	-42.1526702060336
0.227250000000000	-11.0603226050819
0.227300000000000	-4.16730227939532
0.227350000000000	-9.82121953531085
0.227400000000000	-17.8190985437729
0.227450000000000	11.0643284719712
0.227500000000000	-7.40335334693567
0.227550000000000	-31.6974809750542
0.227600000000000	35.1941067006901
0.227650000000000	-25.6972699016072
0.227700000000000	8.83350085812690
0.227750000000000	61.2644551387113
0.227800000000000	55.6528479359354
0.227850000000000	-9.14021120172308
0.227900000000000	-0.278421765497475
0.227950000000000	76.5510074759926
0.228000000000000	-30.8179460552349
0.228050000000000	16.2569224104958
0.228100000000000	51.8340051621825
0.228150000000000	5.77282008784894
0.228200000000000	-11.6265450351357
0.228250000000000	82.1606766468865
0.228300000000000	0.196866826993297
0.228350000000000	39.7213517239598
0.228400000000000	25.7927187079928
0.228450000000000	52.6869630406413
0.228500000000000	57.1335815121896
0.228550000000000	3.83999117743419
0.228600000000000	-15.7075471569327
0.228650000000000	47.8279671706767
0.228700000000000	56.3910861847605
0.228750000000000	93.1584665715897
0.228800000000000	29.4175439811139
0.228850000000000	7.70868895543145
0.228900000000000	27.5313495345813
0.228950000000000	10.5221873966007
0.229000000000000	39.1116992801182
0.229050000000000	30.7247023011371
0.229100000000000	59.1835774760297
0.229150000000000	30.3160824454219
0.229200000000000	41.0319861824032
0.229250000000000	112.626669698085
0.229300000000000	26.5757400956484
0.229350000000000	-13.2011600840587
0.229400000000000	14.6965897515820
0.229450000000000	23.1759931520308
0.229500000000000	-1.08874613159433
0.229550000000000	22.8188771411276
0.229600000000000	17.6700639828677
0.229650000000000	7.10802308356501
0.229700000000000	58.8585594770461
0.229750000000000	25.2932060580703
0.229800000000000	-34.1631156091143
0.229850000000000	24.0107524440468
0.229900000000000	-12.0356583971019
0.229950000000000	21.0511363822475
0.230000000000000	73.2062445232455
0.230050000000000	-10.2440973452619
0.230100000000000	-4.34278272595433
0.230150000000000	-27.3170674808305
0.230200000000000	-11.9756253475798
0.230250000000000	18.7952850696093
0.230300000000000	28.3038374325708
0.230350000000000	49.1697920602629
0.230400000000000	26.1114149798497
0.230450000000000	29.4836446186823
0.230500000000000	-11.2200925209470
0.230550000000000	50.3303242497216
0.230600000000000	-11.5231605061543
0.230650000000000	-19.5381394091720
0.230700000000000	27.1303617393587
0.230750000000000	7.01942483983602
0.230800000000000	-5.97354999619234
0.230850000000000	-47.3882267366976
0.230900000000000	-16.4286281993480
0.230950000000000	-32.9668174874139
0.231000000000000	5.95837903719225
0.231050000000000	-48.5785982753399
0.231100000000000	46.1397371973980
0.231150000000000	-39.2567656029647
0.231200000000000	46.2480139293495
0.231250000000000	57.0480195937478
0.231300000000000	-24.7232454345393
0.231350000000000	27.0804426902330
0.231400000000000	3.04866691984215
0.231450000000000	16.8474019800479
0.231500000000000	-3.70375137122981
0.231550000000000	26.7547348208608
0.231600000000000	-21.3814176312156
0.231650000000000	21.9548754633493
0.231700000000000	94.1280383230864
0.231750000000000	79.5430378500449
0.231800000000000	17.6926554037677
0.231850000000000	21.5766478679957
0.231900000000000	41.7836641943410
0.231950000000000	-41.1458523056283
0.232000000000000	22.5378791070260
0.232050000000000	9.08092119136167
0.232100000000000	21.0729268351418
0.232150000000000	54.0330094281139
0.232200000000000	70.1465863651917
0.232250000000000	29.7555790961749
0.232300000000000	53.8814064938191
0.232350000000000	9.12105175492997
0.232400000000000	4.89740135353194
0.232450000000000	42.3051779343234
0.232500000000000	31.4552855010219
0.232550000000000	39.2967858363529
0.232600000000000	-24.4887979502357
0.232650000000000	4.63212609974195
0.232700000000000	48.4479336011767
0.232750000000000	23.2789570988497
0.232800000000000	20.9868086403420
0.232850000000000	15.6081513109789
0.232900000000000	-22.3185471138758
0.232950000000000	24.8197290638884
0.233000000000000	-11.7235256896346
0.233050000000000	43.0346893760390
0.233100000000000	46.1146338530775
0.233150000000000	10.8903523179988
0.233200000000000	11.1065374066646
0.233250000000000	24.4080946693761
0.233300000000000	56.4547831319595
0.233350000000000	0.774106365269669
0.233400000000000	-0.0545177877957919
0.233450000000000	7.01448788215203
0.233500000000000	6.39524227960554
0.233550000000000	19.8287188093891
0.233600000000000	34.4675664827322
0.233650000000000	10.6719208956739
0.233700000000000	44.2023660430085
0.233750000000000	32.4596392722837
0.233800000000000	-15.6932436123171
0.233850000000000	46.7389276306313
0.233900000000000	50.7207191743388
0.233950000000000	39.4141606848287
0.234000000000000	-27.4385268096890
0.234050000000000	2.28280404942086
0.234100000000000	-49.6674125003792
0.234150000000000	17.0824005187642
0.234200000000000	-23.0514146997674
0.234250000000000	-17.2580100379241
0.234300000000000	-25.0699674666652
0.234350000000000	41.3517982457571
0.234400000000000	82.9646107099108
0.234450000000000	19.7682059574928
0.234500000000000	-56.0102311692949
0.234550000000000	-29.8919672102362
0.234600000000000	8.93514870643852
0.234650000000000	9.97268505117633
0.234700000000000	25.8889682515797
0.234750000000000	46.6293972342025
0.234800000000000	-12.8397486590045
0.234850000000000	41.4520512126378
0.234900000000000	-19.7984540676966
0.234950000000000	33.2768694903558
0.235000000000000	-27.4032042320429
0.235050000000000	-48.9683249203365
0.235100000000000	-5.72435560451002
0.235150000000000	49.6526153541361
0.235200000000000	-34.5791886818202
0.235250000000000	-1.13451866257366
0.235300000000000	65.1284942429086
0.235350000000000	19.1563595373829
0.235400000000000	-31.4739747835640
0.235450000000000	-10.4659315038959
0.235500000000000	-16.6925670735714
0.235550000000000	63.4393030598772
0.235600000000000	17.4459945992053
0.235650000000000	-29.6401162957395
0.235700000000000	8.47748687341682
0.235750000000000	-11.2488228353220
0.235800000000000	42.7411908645412
0.235850000000000	5.91596757469072
0.235900000000000	75.5557546260295
0.235950000000000	-16.5291257960555
0.236000000000000	42.0312168347537
0.236050000000000	19.2756212523732
0.236100000000000	60.3926990675663
0.236150000000000	13.8688027845945
0.236200000000000	32.3126551636348
0.236250000000000	10.9868582614150
0.236300000000000	12.3556807798490
0.236350000000000	-4.87392839705924
0.236400000000000	-16.2866907541547
0.236450000000000	7.34665739388103
0.236500000000000	-30.7005087909831
0.236550000000000	43.9391232615732
0.236600000000000	5.16006025894092
0.236650000000000	66.9021230705972
0.236700000000000	42.4953347207179
0.236750000000000	93.7774209643175
0.236800000000000	-1.97748439596580
0.236850000000000	64.4390585254757
0.236900000000000	44.2972398455098
0.236950000000000	-12.0271163378695
0.237000000000000	124.453934256852
0.237050000000000	52.9302552073521
0.237100000000000	-27.5957575445112
0.237150000000000	25.0306934986213
0.237200000000000	51.2437013506057
0.237250000000000	85.1726529042433
0.237300000000000	5.60216686872143
0.237350000000000	22.1547563387801
0.237400000000000	34.7201440892308
0.237450000000000	63.0768677133336
0.237500000000000	48.8355437863175
0.237550000000000	51.5126543238756
0.237600000000000	24.8968859698214
0.237650000000000	0.235965232716891
0.237700000000000	6.26969161190539
0.237750000000000	58.3611582896225
0.237800000000000	-15.4921081140015
0.237850000000000	-0.0877584210869316
0.237900000000000	32.4569279412676
0.237950000000000	-11.4435787597406
0.238000000000000	14.4009503674655
0.238050000000000	-14.1041482946121
0.238100000000000	34.2297004673307
0.238150000000000	13.0096620003919
0.238200000000000	-21.9580743255364
0.238250000000000	-41.7497016530057
0.238300000000000	7.12543522491377
0.238350000000000	-19.1108909409843
0.238400000000000	64.4547807686193
0.238450000000000	-22.1840204005717
0.238500000000000	-36.8766296387488
0.238550000000000	-13.8322473958435
0.238600000000000	22.0380344496821
0.238650000000000	-27.3211970029118
0.238700000000000	-44.0480775390170
0.238750000000000	-47.4963102314045
0.238800000000000	48.5939202235242
0.238850000000000	4.22422843420438
0.238900000000000	-27.0165555420674
0.238950000000000	99.0750933527985
0.239000000000000	30.2597264732060
0.239050000000000	-1.40734318259523
0.239100000000000	22.7095585939707
0.239150000000000	-2.93095809288378
0.239200000000000	33.3488960497341
0.239250000000000	-1.20339353198761
0.239300000000000	-25.9748739294686
0.239350000000000	-2.61545024567203
0.239400000000000	-1.46894157765479
0.239450000000000	38.5996260280329
0.239500000000000	-27.1947523499733
0.239550000000000	4.20676501879900
0.239600000000000	44.1007818519894
0.239650000000000	-14.3041793219042
0.239700000000000	73.9592581253985
0.239750000000000	-21.4847017644730
0.239800000000000	27.6271699563891
0.239850000000000	-10.1747227512122
0.239900000000000	16.2973225538531
0.239950000000000	58.2143857546249
0.240000000000000	25.2391519003514
0.240050000000000	82.9209451922461
0.240100000000000	36.4824444202116
0.240150000000000	93.9303778847686
0.240200000000000	-11.8500101548606
0.240250000000000	62.1575214271652
0.240300000000000	72.6827727917921
0.240350000000000	17.9252424214876
0.240400000000000	32.3606880763787
0.240450000000000	91.4311446910658
0.240500000000000	59.5452617869933
0.240550000000000	-39.3327307018163
0.240600000000000	30.2833086827613
0.240650000000000	67.8701117750545
0.240700000000000	96.1863217564156
0.240750000000000	69.5387115022588
0.240800000000000	32.2757157598030
0.240850000000000	11.5139890967201
0.240900000000000	22.2351538056168
0.240950000000000	-23.3881126552482
0.241000000000000	46.6212803412994
0.241050000000000	-2.80823798479289
0.241100000000000	34.9955419849403
0.241150000000000	24.0708880552628
0.241200000000000	-9.28968589944366
0.241250000000000	45.0064313459946
0.241300000000000	47.6114467346249
0.241350000000000	24.8002410324366
0.241400000000000	-0.497045008003473
0.241450000000000	-4.15402450294874
0.241500000000000	-25.2463653767656
0.241550000000000	-2.63832659497860
0.241600000000000	48.0671872399475
0.241650000000000	40.1490856488821
0.241700000000000	17.7550601513571
0.241750000000000	11.0807432701459
0.241800000000000	52.3674317946822
0.241850000000000	-17.2271917967544
0.241900000000000	70.1926584681142
0.241950000000000	37.5478570175766
0.242000000000000	23.9088925085059
0.242050000000000	-27.4948857789361
0.242100000000000	8.17420577166638
0.242150000000000	30.0029073972617
0.242200000000000	41.8327736659906
0.242250000000000	33.1453153142320
0.242300000000000	-28.6502244267577
0.242350000000000	4.61885915072985
0.242400000000000	34.0469547895597
0.242450000000000	-14.2919384869295
0.242500000000000	-28.4696286098498
0.242550000000000	-19.3209785772467
0.242600000000000	-10.8792801513424
0.242650000000000	39.4386231099852
0.242700000000000	-21.8543328004607
0.242750000000000	-18.5088422992971
0.242800000000000	-48.0697754905471
0.242850000000000	-32.9320079163237
0.242900000000000	-4.28647112113681
0.242950000000000	6.28639051889596
0.243000000000000	14.8925930142190
0.243050000000000	-16.2277588587164
0.243100000000000	49.6110690929306
0.243150000000000	15.5017877996033
0.243200000000000	16.3137781716020
0.243250000000000	12.4052562421077
0.243300000000000	-2.23617355756423
0.243350000000000	-6.17376043613807
0.243400000000000	15.7859000571105
0.243450000000000	20.9493465485355
0.243500000000000	40.9663133437301
0.243550000000000	26.1294271763176
0.243600000000000	32.5563374896043
0.243650000000000	-25.8311373929608
0.243700000000000	39.9874152033387
0.243750000000000	-54.2676435993212
0.243800000000000	30.3544781659783
0.243850000000000	33.3033426485936
0.243900000000000	-55.5500296299272
0.243950000000000	-3.25957375130695
0.244000000000000	-27.0752542375083
0.244050000000000	85.0265733158140
0.244100000000000	5.85718819473295
0.244150000000000	55.4771499758356
0.244200000000000	55.8182908912865
0.244250000000000	33.4822451398519
0.244300000000000	37.7715139514953
0.244350000000000	22.6621606956393
0.244400000000000	36.2058379352618
0.244450000000000	14.1174756098656
0.244500000000000	41.2900643119691
0.244550000000000	21.7036161436720
0.244600000000000	21.9462866313279
0.244650000000000	99.0691435344417
0.244700000000000	-34.2300668223999
0.244750000000000	-5.79871546475643
0.244800000000000	7.71603165213736
0.244850000000000	67.4318853207009
0.244900000000000	45.1855465113627
0.244950000000000	40.7412803960628
0.245000000000000	-11.1015606077221
0.245050000000000	-20.2204525930136
0.245100000000000	63.9217777686091
0.245150000000000	-6.25317640834337
0.245200000000000	11.3150268110272
0.245250000000000	4.40128411693914
0.245300000000000	-14.9176710889280
0.245350000000000	29.4655311445523
0.245400000000000	17.1183711294188
0.245450000000000	46.9615796462063
0.245500000000000	36.4125801073164
0.245550000000000	-10.6069138671999
0.245600000000000	-10.5149720983154
0.245650000000000	32.4358101035937
0.245700000000000	18.9235159801803
0.245750000000000	45.5131219671030
0.245800000000000	-14.8061284203738
0.245850000000000	-30.0163742110804
0.245900000000000	-7.90152353838958
0.245950000000000	25.3445604298940
0.246000000000000	-16.6184163103925
0.246050000000000	75.6770068950021
0.246100000000000	4.52916345140946
0.246150000000000	-26.5363317355326
0.246200000000000	43.1968773970504
0.246250000000000	-23.9093679117660
0.246300000000000	-0.212495189221123
0.246350000000000	-24.7782787368603
0.246400000000000	5.90080875247607
0.246450000000000	31.2363929584081
0.246500000000000	4.65438490748495
0.246550000000000	61.0477346580758
0.246600000000000	65.4219255175441
0.246650000000000	-22.8686994664167
0.246700000000000	-10.6330747896067
0.246750000000000	-30.1434092575823
0.246800000000000	7.79418203703707
0.246850000000000	37.5876994161224
0.246900000000000	0.968121853045673
0.246950000000000	2.27156591970628
0.247000000000000	-35.2543994133252
0.247050000000000	20.4746545035721
0.247100000000000	59.4655363505979
0.247150000000000	30.5518320261764
0.247200000000000	-20.1564869672111
0.247250000000000	37.1492217611105
0.247300000000000	-11.5119597479073
0.247350000000000	-37.1635923214244
0.247400000000000	-17.2821129735547
0.247450000000000	53.9987218039232
0.247500000000000	-8.21891483504810
0.247550000000000	-12.6061622212498
0.247600000000000	-6.80016563647933
0.247650000000000	64.7739683197297
0.247700000000000	40.3137319361923
0.247750000000000	28.7183940077132
0.247800000000000	28.9031879544300
0.247850000000000	9.15315473308822
0.247900000000000	94.1166717200541
0.247950000000000	42.4420100518952
0.248000000000000	14.5725626944124
0.248050000000000	44.7097949290932
0.248100000000000	41.1447940346745
0.248150000000000	30.5943985584148
0.248200000000000	73.7613857036453
0.248250000000000	46.0712997165313
0.248300000000000	54.4738581617092
0.248350000000000	81.0924348747036
0.248400000000000	52.4161935380944
0.248450000000000	75.5374679143994
0.248500000000000	27.9835262512025
0.248550000000000	-11.1251157487070
0.248600000000000	49.7325149880523
0.248650000000000	40.4804683573814
0.248700000000000	64.3122558738724
0.248750000000000	16.7123410627191
0.248800000000000	26.9870810177241
0.248850000000000	28.8391458299257
0.248900000000000	23.8663342803224
0.248950000000000	12.0088484351767
0.249000000000000	25.2058440020794
0.249050000000000	4.50963146207494
0.249100000000000	76.9500998367253
0.249150000000000	1.53584469757213
0.249200000000000	34.5756928948101
0.249250000000000	32.5654492775105
0.249300000000000	35.7872014657492
0.249350000000000	26.9280834458354
0.249400000000000	-23.6957059790489
0.249450000000000	65.9683741749874
0.249500000000000	15.4332768912843
0.249550000000000	53.8841684308062
0.249600000000000	49.5968844799208
0.249650000000000	31.5701930307720
0.249700000000000	65.6598820514857
0.249750000000000	-4.03903190510852
0.249800000000000	-6.32603377835228
0.249850000000000	0.892990334220542
0.249900000000000	28.2833056560158
0.249950000000000	-35.3116384852007
0.250000000000000	-5.87029934335988
0.250050000000000	-11.9594997670055
0.250100000000000	35.7993937631535
0.250150000000000	17.8836920602370
0.250200000000000	-6.63445447192503
0.250250000000000	-29.7658955478620
0.250300000000000	-58.4984647957485
0.250350000000000	55.4076675561333
0.250400000000000	-8.46566408224776
0.250450000000000	-23.7225788079850
0.250500000000000	17.1895706275586
0.250550000000000	20.7196349047822
0.250600000000000	43.1155021501881
0.250650000000000	-22.5860259940962
0.250700000000000	28.0437618917048
0.250750000000000	-17.9691229521899
0.250800000000000	-38.6563595413181
0.250850000000000	-73.5100095823367
0.250900000000000	21.8020452943200
0.250950000000000	-45.9977307376840
0.251000000000000	-42.0563404334004
0.251050000000000	46.6731799006897
0.251100000000000	-21.6452578238158
0.251150000000000	-5.26820052184043
0.251200000000000	-17.3508950780273
0.251250000000000	23.0087626588872
0.251300000000000	4.83784296700978
0.251350000000000	-9.49154905235922
0.251400000000000	20.0954388062313
0.251450000000000	46.7242352573282
0.251500000000000	-10.2421208156329
0.251550000000000	18.4248397735963
0.251600000000000	30.9956269574975
0.251650000000000	2.09183936693261
0.251700000000000	34.4377902006719
0.251750000000000	-11.4984744365771
0.251800000000000	-7.63167504310693
0.251850000000000	11.1823897106577
0.251900000000000	2.46274345960971
0.251950000000000	15.3061746140190
0.252000000000000	-4.81863943632834
0.252050000000000	-12.7838001490465
0.252100000000000	99.2187212001516
0.252150000000000	24.2763767424853
0.252200000000000	7.66601691623138
0.252250000000000	59.2327384794714
0.252300000000000	15.6062303169924
0.252350000000000	61.8894844430230
0.252400000000000	12.0288600489094
0.252450000000000	60.6438334099509
0.252500000000000	61.0659248399072
0.252550000000000	32.8147902145429
0.252600000000000	87.1212523870111
0.252650000000000	44.6078476219346
0.252700000000000	28.6115944254016
0.252750000000000	34.5602101139106
0.252800000000000	63.0613695286463
0.252850000000000	60.5053204810256
0.252900000000000	48.8100216777457
0.252950000000000	42.1452575327598
0.253000000000000	29.7679711794677
0.253050000000000	68.2466597298340
0.253100000000000	35.4829167979075
0.253150000000000	21.7162389705346
0.253200000000000	37.7814929134390
0.253250000000000	-24.9288505209757
0.253300000000000	57.3743181754282
0.253350000000000	-6.46365518770126
0.253400000000000	22.8670215225434
0.253450000000000	-11.3184806977218
0.253500000000000	46.7418657749706
0.253550000000000	57.5561095851511
0.253600000000000	-1.19877596401484
0.253650000000000	35.0398407733327
0.253700000000000	31.3172499543331
0.253750000000000	-18.6907580409158
0.253800000000000	43.6681127555080
0.253850000000000	-33.3454219087099
0.253900000000000	58.2909759298911
0.253950000000000	-10.6088834705343
0.254000000000000	56.0056488091488
0.254050000000000	8.01711534151032
0.254100000000000	-28.4620362716858
0.254150000000000	20.6104384773246
0.254200000000000	22.8826424602017
0.254250000000000	19.2110849708990
0.254300000000000	-33.2312508635562
0.254350000000000	44.2971386133969
0.254400000000000	9.96948383913309
0.254450000000000	-0.651928503723653
0.254500000000000	11.9227042894710
0.254550000000000	-19.6659527632397
0.254600000000000	20.4751576135015
0.254650000000000	-3.84351442338228
0.254700000000000	-47.0549934428705
0.254750000000000	-68.8125652057597
0.254800000000000	-17.0743118445910
0.254850000000000	-26.0504548713757
0.254900000000000	-39.0278610895853
0.254950000000000	16.2464577055258
0.255000000000000	51.4210989504007
0.255050000000000	0.757170662800519
0.255100000000000	-24.3288772157939
0.255150000000000	19.0462683395078
0.255200000000000	32.2337298936774
0.255250000000000	-69.2557455351569
0.255300000000000	-2.84776654723912
0.255350000000000	23.4766582919013
0.255400000000000	-41.9205990084964
0.255450000000000	-4.80020991614009
0.255500000000000	-25.5176860729009
0.255550000000000	42.1594333579554
0.255600000000000	-25.1939693506481
0.255650000000000	-13.5161277501685
0.255700000000000	6.56614204015741
0.255750000000000	12.3812072201303
0.255800000000000	-34.6917099344637
0.255850000000000	-8.25761472489359
0.255900000000000	40.4163345175194
0.255950000000000	21.0697511572443
0.256000000000000	11.6294023873571
0.256050000000000	20.8708143989031
0.256100000000000	53.1307353822293
0.256150000000000	25.4618550334608
0.256200000000000	59.5551050159340
0.256250000000000	-34.8681092410551
0.256300000000000	57.4477355933231
0.256350000000000	31.1721237694198
0.256400000000000	-35.8837355752293
0.256450000000000	19.1339403078556
0.256500000000000	33.1272727630407
0.256550000000000	26.5921137876104
0.256600000000000	31.2514707039344
0.256650000000000	52.8679500645271
0.256700000000000	38.3902164691729
0.256750000000000	19.2978903756834
0.256800000000000	72.5899847935454
0.256850000000000	-3.77428979882911
0.256900000000000	73.4997145844395
0.256950000000000	73.0756932671571
0.257000000000000	80.1651176943883
0.257050000000000	38.9147275309283
0.257100000000000	-31.2511478389015
0.257150000000000	-8.31349947603245
0.257200000000000	-9.88633544987621
0.257250000000000	21.2493520552840
0.257300000000000	21.2864072481516
0.257350000000000	63.4157595374430
0.257400000000000	23.2519585470351
0.257450000000000	19.8348230787809
0.257500000000000	43.8582788630501
0.257550000000000	-14.3681329587235
0.257600000000000	-18.3888209287476
0.257650000000000	2.96912075643030
0.257700000000000	-5.75667636150314
0.257750000000000	16.4756423480138
0.257800000000000	32.8887626563880
0.257850000000000	-33.5809582929864
0.257900000000000	0.655008019497549
0.257950000000000	8.90648006040993
0.258000000000000	27.8019159441275
0.258050000000000	-0.540201317128515
0.258100000000000	-1.67612427945403
0.258150000000000	34.1040089413413
0.258200000000000	1.22048534092455
0.258250000000000	-11.1189449851272
0.258300000000000	47.6252591616263
0.258350000000000	30.3436194834628
0.258400000000000	-6.42304100256132
0.258450000000000	30.0442523273105
0.258500000000000	20.4134957708641
0.258550000000000	19.6380245467879
0.258600000000000	-39.6652912355604
0.258650000000000	-23.3695707415862
0.258700000000000	59.8125437197185
0.258750000000000	-4.46276531095206
0.258800000000000	43.0722374303507
0.258850000000000	-29.2777114477471
0.258900000000000	-16.7390411664350
0.258950000000000	14.8185282100007
0.259000000000000	-60.4873645180046
0.259050000000000	-5.87692914060190
0.259100000000000	27.3948955189179
0.259150000000000	33.2619722884915
0.259200000000000	43.9913583420534
0.259250000000000	3.47056102285208
0.259300000000000	-52.1005676335349
0.259350000000000	33.1566071982816
0.259400000000000	-6.92338131621998
0.259450000000000	-4.48895493591341
0.259500000000000	84.3078762657486
0.259550000000000	61.5706951153032
0.259600000000000	57.5381296918903
0.259650000000000	0.357917121924897
0.259700000000000	7.71995835773268
0.259750000000000	15.3129031080589
0.259800000000000	-28.8410963363399
0.259850000000000	5.01059683451463
0.259900000000000	16.0089105008962
0.259950000000000	32.4354147741341
0.260000000000000	35.4162192861789
0.260050000000000	17.4335557012586
0.260100000000000	-15.9317197585583
0.260150000000000	-18.1373785613180
0.260200000000000	67.9431173654375
0.260250000000000	50.8147981842471
0.260300000000000	0.450442628771789
0.260350000000000	15.6164697673449
0.260400000000000	29.4205888525471
0.260450000000000	83.4748592064081
0.260500000000000	87.6298769954861
0.260550000000000	13.6452115701488
0.260600000000000	40.9550050989616
0.260650000000000	88.6704077372322
0.260700000000000	14.8073371829798
0.260750000000000	-37.7558892101801
0.260800000000000	-42.8857979203098
0.260850000000000	39.1079870865384
0.260900000000000	40.6385359536049
0.260950000000000	32.5190261258323
0.261000000000000	26.8782021792968
0.261050000000000	-6.44420880117050
0.261100000000000	34.2285699463922
0.261150000000000	8.51022619050487
0.261200000000000	33.7063888154832
0.261250000000000	-16.1233077741097
0.261300000000000	-8.35751021383200
0.261350000000000	-23.2072766593783
0.261400000000000	-19.5823590462578
0.261450000000000	44.1534573052912
0.261500000000000	49.2687546706701
0.261550000000000	70.8399504079445
0.261600000000000	-5.72567179898637
0.261650000000000	4.22243288915265
0.261700000000000	9.68241378306769
0.261750000000000	47.5052961475327
0.261800000000000	19.8171228254882
0.261850000000000	17.5025945906352
0.261900000000000	17.3066539372677
0.261950000000000	-16.5303765791178
0.262000000000000	8.75957498664960
0.262050000000000	42.9400943716058
0.262100000000000	-21.8578037154425
0.262150000000000	12.4654862479917
0.262200000000000	11.4803916310805
0.262250000000000	24.2368260304779
0.262300000000000	41.9067777455448
0.262350000000000	-27.3163656414211
0.262400000000000	-16.2977363042596
0.262450000000000	14.8269767835835
0.262500000000000	8.94752303557974
0.262550000000000	-40.6010063292715
0.262600000000000	-39.0790463539395
0.262650000000000	-15.0974852309782
0.262700000000000	-11.0068627552921
0.262750000000000	6.00450812646769
0.262800000000000	0.214251885526341
0.262850000000000	6.16765084156556
0.262900000000000	-11.7440310158024
0.262950000000000	55.4924999291927
0.263000000000000	39.9416521574472
0.263050000000000	12.7551867930117
0.263100000000000	-15.6290634878667
0.263150000000000	-29.8898414207662
0.263200000000000	22.3060416708018
0.263250000000000	26.3546782923859
0.263300000000000	7.66715661946118
0.263350000000000	-28.4298361662102
0.263400000000000	35.5669743371038
0.263450000000000	23.9597080277783
0.263500000000000	-9.63589563156870
0.263550000000000	30.4931435539216
0.263600000000000	-41.9684909480211
0.263650000000000	-0.685380236804205
0.263700000000000	10.0776835039563
0.263750000000000	24.2407187676089
0.263800000000000	35.6737959924631
0.263850000000000	27.9139098133152
0.263900000000000	8.03082113706661
0.263950000000000	19.0373955657210
0.264000000000000	24.2378894225684
0.264050000000000	15.0188185049887
0.264100000000000	-5.21493435119259
0.264150000000000	2.12345981449912
0.264200000000000	65.0439402383945
0.264250000000000	47.0742349888204
0.264300000000000	6.55930911749128
0.264350000000000	113.075690430707
0.264400000000000	63.9345560221704
0.264450000000000	8.75686623869713
0.264500000000000	67.5882287829097
0.264550000000000	70.1750661121846
0.264600000000000	39.3727437456852
0.264650000000000	53.9311047232480
0.264700000000000	30.7000046695234
0.264750000000000	23.8981980314820
0.264800000000000	53.0084277245783
0.264850000000000	38.0922748507597
0.264900000000000	36.6449357413605
0.264950000000000	59.6828322296784
0.265000000000000	34.0963774375397
0.265050000000000	86.2486799209987
0.265100000000000	25.7875034482581
0.265150000000000	-5.81543683399730
0.265200000000000	22.1291809717913
0.265250000000000	18.2560916705755
0.265300000000000	-13.2549051944507
0.265350000000000	-18.7129743548684
0.265400000000000	21.6086553899868
0.265450000000000	15.9719195890350
0.265500000000000	-7.91228590322141
0.265550000000000	-15.4321868648418
0.265600000000000	48.8661668006254
0.265650000000000	-29.4370952934421
0.265700000000000	-11.2725109146945
0.265750000000000	-14.6769687924615
0.265800000000000	22.1490448372223
0.265850000000000	76.4981092206775
0.265900000000000	35.1707447558695
0.265950000000000	-32.9521996226230
0.266000000000000	-7.92825990882834
0.266050000000000	-22.3597551965581
0.266100000000000	-36.9907218866648
0.266150000000000	20.4894990680396
0.266200000000000	-41.6614156596014
0.266250000000000	6.53410161201143
0.266300000000000	1.06819135956184
0.266350000000000	-4.08451259677999
0.266400000000000	31.3320922239228
0.266450000000000	22.7581848857768
0.266500000000000	15.7133850528019
0.266550000000000	-19.3912232212175
0.266600000000000	32.5663146041807
0.266650000000000	18.2463877360956
0.266700000000000	-8.14632629212964
0.266750000000000	-24.5973998881923
0.266800000000000	-46.7333356985775
0.266850000000000	-5.45118734270994
0.266900000000000	28.2697762776229
0.266950000000000	19.2876735944859
0.267000000000000	18.5186128325678
0.267050000000000	70.3459200375113
0.267100000000000	-7.77460574360494
0.267150000000000	47.3783101140600
0.267200000000000	37.4938596074937
0.267250000000000	6.49042085781400
0.267300000000000	33.8437716129618
0.267350000000000	-17.0525519071728
0.267400000000000	-28.5837769236857
0.267450000000000	42.9198194472706
0.267500000000000	5.90008156965891
0.267550000000000	1.93199481537019
0.267600000000000	12.2483779726663
0.267650000000000	21.6645857199688
0.267700000000000	21.9967413730687
0.267750000000000	3.71663004191076
0.267800000000000	29.9327950377634
0.267850000000000	53.6915188810814
0.267900000000000	62.4194983346047
0.267950000000000	53.3952891407692
0.268000000000000	-19.9584620145856
0.268050000000000	44.6296074585030
0.268100000000000	8.56804725228727
0.268150000000000	5.58737501812320
0.268200000000000	43.3628175860628
0.268250000000000	-14.8788316290813
0.268300000000000	80.5633647888304
0.268350000000000	32.1449152047988
0.268400000000000	26.7065387955639
0.268450000000000	-7.01858536400727
0.268500000000000	34.4903284973903
0.268550000000000	-11.4693298266212
0.268600000000000	70.7859360976565
0.268650000000000	58.1027969085824
0.268700000000000	45.6348626744653
0.268750000000000	62.7350848108216
0.268800000000000	82.2650995953741
0.268850000000000	36.4155651588628
0.268900000000000	15.2169214765950
0.268950000000000	64.6423147306901
0.269000000000000	41.4470463797055
0.269050000000000	41.6687695583916
0.269100000000000	33.8780654116426
0.269150000000000	-17.8848608384947
0.269200000000000	21.6188083349270
0.269250000000000	50.8511372087455
0.269300000000000	3.49394871930325
0.269350000000000	77.7378518875489
0.269400000000000	-8.03606396773835
0.269450000000000	56.2120864996748
0.269500000000000	10.2651457104694
0.269550000000000	-28.8442636440778
0.269600000000000	9.04071227985316
0.269650000000000	-35.9136855724126
0.269700000000000	-13.8746217443897
0.269750000000000	-29.4525851751956
0.269800000000000	20.0607735829476
0.269850000000000	13.3934689514957
0.269900000000000	36.7709191202230
0.269950000000000	16.7950237574779
0.270000000000000	23.1957343553509
0.270050000000000	-72.0374700850908
0.270100000000000	34.4238872362583
0.270150000000000	-12.8782484256045
0.270200000000000	29.5584405513743
0.270250000000000	8.41286824151282
0.270300000000000	-40.4034687904944
0.270350000000000	0.708474239952494
0.270400000000000	59.6698432655812
0.270450000000000	-18.3483234976153
0.270500000000000	-20.9079860110428
0.270550000000000	-11.3636616965739
0.270600000000000	-34.1216464840752
0.270650000000000	28.8849049649947
0.270700000000000	83.1524093936030
0.270750000000000	-22.1975936363803
0.270800000000000	-1.41859195436242
0.270850000000000	-17.8029543983284
0.270900000000000	-65.1609096128384
0.270950000000000	2.24290965135747
0.271000000000000	71.4155692136488
0.271050000000000	-12.0911221957771
0.271100000000000	48.7260338986737
0.271150000000000	-19.7523094053479
0.271200000000000	-92.5365804687556
0.271250000000000	-41.9835947363391
0.271300000000000	39.3332074634166
0.271350000000000	31.7183753809085
0.271400000000000	23.0098743958582
0.271450000000000	84.0284270222886
0.271500000000000	37.9351296137413
0.271550000000000	19.9136024576952
0.271600000000000	6.25741602996001
0.271650000000000	53.7400247170534
0.271700000000000	-7.78011472865636
0.271750000000000	-43.8688232984999
0.271800000000000	56.0732896805647
0.271850000000000	71.5430521403240
0.271900000000000	10.1649260823703
0.271950000000000	-20.9557781066733
0.272000000000000	34.7543982692677
0.272050000000000	25.6755424774825
0.272100000000000	28.7118217330847
0.272150000000000	78.6415954669702
0.272200000000000	-6.07507160965738
0.272250000000000	-0.908641537842382
0.272300000000000	-10.5103468647931
0.272350000000000	23.5739648591258
0.272400000000000	66.2925351898686
0.272450000000000	45.7423115054860
0.272500000000000	47.6550854374623
0.272550000000000	34.8474589965194
0.272600000000000	36.5278367460000
0.272650000000000	61.4531932845698
0.272700000000000	43.8223518010070
0.272750000000000	38.4361741104790
0.272800000000000	25.6179668457030
0.272850000000000	-25.7966316391524
0.272900000000000	3.86726085553597
0.272950000000000	38.3123666195492
0.273000000000000	-5.01239123205114
0.273050000000000	34.3591549816642
0.273100000000000	66.0842591638509
0.273150000000000	27.7576578530587
0.273200000000000	68.8969863999365
0.273250000000000	6.12803670854148
0.273300000000000	-16.6288003470869
0.273350000000000	89.0571914725476
0.273400000000000	30.2316579117756
0.273450000000000	81.1692971655829
0.273500000000000	109.224989900258
0.273550000000000	12.4561505331244
0.273600000000000	-15.6638029362600
0.273650000000000	38.8851052033930
0.273700000000000	24.4778018139134
0.273750000000000	-3.10657522040464
0.273800000000000	51.2126016643729
0.273850000000000	-19.7239841566948
0.273900000000000	11.1982510915873
0.273950000000000	-56.1077347020688
0.274000000000000	-5.44718177497300
0.274050000000000	-19.5013362916316
0.274100000000000	15.9169840917893
0.274150000000000	-35.8268862436006
0.274200000000000	47.5627926676327
0.274250000000000	37.0981622607392
0.274300000000000	14.3916396826171
0.274350000000000	-30.5725580463658
0.274400000000000	-49.9618789052335
0.274450000000000	65.1090887054412
0.274500000000000	-11.1845473581819
0.274550000000000	25.8160752319702
0.274600000000000	-1.81762308455346
0.274650000000000	7.30861414782359
0.274700000000000	-59.2171528279295
0.274750000000000	-17.5148374220473
0.274800000000000	24.3866629516229
0.274850000000000	-10.8509241495569
0.274900000000000	-26.2037116482595
0.274950000000000	-15.2825139799602
0.275000000000000	-9.24246906034762
0.275050000000000	-0.0782984078640681
0.275100000000000	-27.1307087797325
0.275150000000000	22.9557190317425
0.275200000000000	25.5298458846689
0.275250000000000	12.9613948708006
0.275300000000000	-59.4593706976994
0.275350000000000	30.1236981253619
0.275400000000000	54.3629460915623
0.275450000000000	41.4899645157619
0.275500000000000	64.2420622201327
0.275550000000000	-5.59358862251820
0.275600000000000	63.9503699261197
0.275650000000000	-0.754492077363233
0.275700000000000	0.0529033052435572
0.275750000000000	-32.1380008153322
0.275800000000000	22.6477893396491
0.275850000000000	-26.6751383382704
0.275900000000000	-46.2065119333735
0.275950000000000	58.9741448617011
0.276000000000000	25.0181799536931
0.276050000000000	66.2688395406643
0.276100000000000	-5.84570318517498
0.276150000000000	67.6214535330735
0.276200000000000	45.8411206971626
0.276250000000000	17.9114169523985
0.276300000000000	39.4233717436948
0.276350000000000	34.2076610507531
0.276400000000000	39.7503167460393
0.276450000000000	10.2746558236470
0.276500000000000	11.9058463799144
0.276550000000000	89.8704250188712
0.276600000000000	-5.24159951802957
0.276650000000000	12.0093916327264
0.276700000000000	-10.6276092308244
0.276750000000000	22.8708246300778
0.276800000000000	-29.9218340516637
0.276850000000000	44.8204996586793
0.276900000000000	24.8250373975920
0.276950000000000	41.1053145374073
0.277000000000000	29.9751752482466
0.277050000000000	26.5651860499294
0.277100000000000	68.7084558450702
0.277150000000000	75.3131375654031
0.277200000000000	18.8066447828161
0.277250000000000	47.2950159033788
0.277300000000000	-55.2545139891123
0.277350000000000	73.8179848946258
0.277400000000000	46.4068207549924
0.277450000000000	24.9780956493243
0.277500000000000	-12.3504804222818
0.277550000000000	29.1536587153348
0.277600000000000	-5.88147220398155
0.277650000000000	4.16263723889464
0.277700000000000	19.1420484403894
0.277750000000000	34.1483998355382
0.277800000000000	27.1821893517318
0.277850000000000	-8.39420651005556
0.277900000000000	0.266712338816848
0.277950000000000	-1.01800930132693
0.278000000000000	-24.7820791947433
0.278050000000000	-0.370049952714606
0.278100000000000	21.2078293803008
0.278150000000000	-2.04661764586983
0.278200000000000	-27.3840537447590
0.278250000000000	50.7518694040477
0.278300000000000	-1.68461801075602
0.278350000000000	-62.6124105713677
0.278400000000000	4.60770447107102
0.278450000000000	34.0083465033698
0.278500000000000	28.7751402491212
0.278550000000000	-52.1873544753382
0.278600000000000	60.2466587902834
0.278650000000000	3.80916091795857
0.278700000000000	-45.6597857805081
0.278750000000000	67.3764979105082
0.278800000000000	54.8504534753027
0.278850000000000	-11.3892589288063
0.278900000000000	5.03847082553725
0.278950000000000	42.1218023764179
0.279000000000000	-0.187567654576002
0.279050000000000	-21.1914647151468
0.279100000000000	-31.4159211029123
0.279150000000000	-3.17328379350787
0.279200000000000	-12.5500169015465
0.279250000000000	-20.3997448554980
0.279300000000000	-2.14413081532084
0.279350000000000	-11.3265957251597
0.279400000000000	45.0360275867202
0.279450000000000	-12.2332386021503
0.279500000000000	3.51812664391077
0.279550000000000	-31.1213911194198
0.279600000000000	-35.3149437151998
0.279650000000000	10.9766143891186
0.279700000000000	84.9956892949223
0.279750000000000	14.2317698396189
0.279800000000000	-0.909784878407542
0.279850000000000	52.6888641767082
0.279900000000000	37.9592910889705
0.279950000000000	32.7034669933748
0.280000000000000	2.20485694514206
0.280050000000000	14.0748631540342
0.280100000000000	20.8416023157336
0.280150000000000	36.5726708099702
0.280200000000000	-10.6855055223392
0.280250000000000	-19.5963380063753
0.280300000000000	12.9174337379908
0.280350000000000	34.9363508435108
0.280400000000000	-10.0763759394815
0.280450000000000	87.1241879248682
0.280500000000000	23.7500167043117
0.280550000000000	-14.2002871109411
0.280600000000000	106.148324713873
0.280650000000000	1.86696952013140
0.280700000000000	-1.40883899041574
0.280750000000000	38.5032791425079
0.280800000000000	-4.82815042440603
0.280850000000000	24.9495215012365
0.280900000000000	83.3456649983494
0.280950000000000	71.6607150856410
0.281000000000000	-8.18829062561403
0.281050000000000	-6.83144498561526
0.281100000000000	-13.6822258434665
0.281150000000000	3.06072950772852
0.281200000000000	76.7055884840865
0.281250000000000	26.3683285914054
0.281300000000000	7.40986039986757
0.281350000000000	40.2247416262541
0.281400000000000	46.6311477453724
0.281450000000000	25.8569995996327
0.281500000000000	36.2394439656321
0.281550000000000	26.0231919613374
0.281600000000000	33.7959860664942
0.281650000000000	4.82767627511331
0.281700000000000	21.8427852628577
0.281750000000000	-5.72668364125797
0.281800000000000	-14.7788355283748
0.281850000000000	6.40583221275343
0.281900000000000	-24.6365127507882
0.281950000000000	-5.85486100811879
0.282000000000000	24.3540046400426
0.282050000000000	3.74913325885468
0.282100000000000	-27.9298801039717
0.282150000000000	26.5069724010614
0.282200000000000	20.2996082259403
0.282250000000000	29.8175442324180
0.282300000000000	2.40512585393221
0.282350000000000	-44.9244641853411
0.282400000000000	34.6159972616822
0.282450000000000	83.4155497579279
0.282500000000000	16.4002745454538
0.282550000000000	-4.99057123877758
0.282600000000000	8.97176130624288
0.282650000000000	-39.1246433477116
0.282700000000000	-4.13159303679749
0.282750000000000	-39.1926339437695
0.282800000000000	2.51317429131156
0.282850000000000	-38.9509518689061
0.282900000000000	9.29643110287353
0.282950000000000	-2.73530797596744
0.283000000000000	-45.4214264985282
0.283050000000000	25.3101354601850
0.283100000000000	23.1576415222928
0.283150000000000	-33.6545209725141
0.283200000000000	39.2277017588427
0.283250000000000	3.11685995446519
0.283300000000000	-14.7694234825339
0.283350000000000	-11.8719981734302
0.283400000000000	7.21286040786970
0.283450000000000	87.2555464487625
0.283500000000000	85.5095166692083
0.283550000000000	19.2706420894135
0.283600000000000	-22.0202021706837
0.283650000000000	-21.2554691621532
0.283700000000000	40.3123083299526
0.283750000000000	62.7953474296582
0.283800000000000	-51.2629149341165
0.283850000000000	-3.61096777296425
0.283900000000000	1.36948105634673
0.283950000000000	23.5346929044307
0.284000000000000	73.6170172955877
0.284050000000000	38.7707892430213
0.284100000000000	43.5334788248771
0.284150000000000	74.2143630078472
0.284200000000000	36.4706931001804
0.284250000000000	20.7527768703532
0.284300000000000	47.4352134805860
0.284350000000000	48.0666139372245
0.284400000000000	55.5833100684828
0.284450000000000	53.1852827991834
0.284500000000000	39.0567249477132
0.284550000000000	24.7513639135098
0.284600000000000	57.4085080502010
0.284650000000000	25.4807220022705
0.284700000000000	81.7412618790601
0.284750000000000	53.0696589552830
0.284800000000000	41.6451751586633
0.284850000000000	21.1497956200163
0.284900000000000	67.5110364190621
0.284950000000000	100.690101913985
0.285000000000000	18.6190012937227
0.285050000000000	43.5194577447721
0.285100000000000	-0.699983494681984
0.285150000000000	-36.7531205245495
0.285200000000000	86.8387015194412
0.285250000000000	28.5976351083136
0.285300000000000	29.8100775616015
0.285350000000000	10.0054970960104
0.285400000000000	25.7502426197090
0.285450000000000	46.0924944444187
0.285500000000000	-34.4002130365641
0.285550000000000	56.3855662063710
0.285600000000000	91.1203365249140
0.285650000000000	44.6953189763798
0.285700000000000	30.8732346683083
0.285750000000000	19.3603031962109
0.285800000000000	-12.9672309110933
0.285850000000000	-12.4473865744813
0.285900000000000	11.7018581847914
0.285950000000000	20.2073356630729
0.286000000000000	39.8222874713085
0.286050000000000	16.1818051723439
0.286100000000000	20.4293509177603
0.286150000000000	-29.5389343888676
0.286200000000000	10.2836729874775
0.286250000000000	19.4987975038651
0.286300000000000	13.9472923638595
0.286350000000000	-44.8232901444146
0.286400000000000	-40.9153936135691
0.286450000000000	-46.1576618446824
0.286500000000000	-4.01053372420224
0.286550000000000	27.8595810914734
0.286600000000000	-19.4627942390340
0.286650000000000	-25.5351837482992
0.286700000000000	48.2501536065752
0.286750000000000	-11.9418691802254
0.286800000000000	42.7632566396352
0.286850000000000	-19.2445729941037
0.286900000000000	-23.1079295173654
0.286950000000000	9.69082647755019
0.287000000000000	-1.01961276735583
0.287050000000000	18.8070072308178
0.287100000000000	-13.6569983963002
0.287150000000000	28.9958596228104
0.287200000000000	28.9608485882291
0.287250000000000	-24.6021294365520
0.287300000000000	-1.23775840410314
0.287350000000000	2.95321314743961
0.287400000000000	9.67103007659673
0.287450000000000	17.5580641107752
0.287500000000000	47.5874476160263
0.287550000000000	81.1112587117034
0.287600000000000	-4.00144420619503
0.287650000000000	26.4268191993072
0.287700000000000	3.48665234880635
0.287750000000000	8.33025922705843
0.287800000000000	17.3325107066956
0.287850000000000	-5.90835027327152
0.287900000000000	58.6972727436905
0.287950000000000	-54.7611096425981
0.288000000000000	11.6348911429081
0.288050000000000	32.8056891802466
0.288100000000000	41.0495331489134
0.288150000000000	61.3148227115361
0.288200000000000	16.2913806812504
0.288250000000000	44.6015884312154
0.288300000000000	29.1288681470499
0.288350000000000	55.3214460404636
0.288400000000000	-0.729158176976547
0.288450000000000	61.6211599978238
0.288500000000000	13.4871300399419
0.288550000000000	51.0101156684799
0.288600000000000	57.7400128910681
0.288650000000000	52.5262550738179
0.288700000000000	79.2496967076772
0.288750000000000	55.9096511050074
0.288800000000000	44.7726849287326
0.288850000000000	75.4462468999631
0.288900000000000	-23.8602568653574
0.288950000000000	11.9298621143818
0.289000000000000	31.9974153028151
0.289050000000000	37.8184846360736
0.289100000000000	-26.0443555747588
0.289150000000000	29.4220420875464
0.289200000000000	-5.63559265685031
0.289250000000000	23.2704616492915
0.289300000000000	-13.4095527713106
0.289350000000000	14.6476084166479
0.289400000000000	21.4639708474006
0.289450000000000	55.4287094648851
0.289500000000000	26.6902775402966
0.289550000000000	49.3101709337130
0.289600000000000	7.39487100610046
0.289650000000000	-20.9680214913635
0.289700000000000	-0.509611769982215
0.289750000000000	30.2633775048680
0.289800000000000	-48.0776506012583
0.289850000000000	99.2032567706637
0.289900000000000	0.410383911112369
0.289950000000000	38.2818813421543
0.290000000000000	-30.7711388363163
0.290050000000000	53.2245074896933
0.290100000000000	29.5450864864161
0.290150000000000	35.7641565264076
0.290200000000000	-21.5848335503528
0.290250000000000	6.37445141066292
0.290300000000000	-14.6482880785756
0.290350000000000	7.84382652538184
0.290400000000000	-36.6263210612032
0.290450000000000	-16.4026717636851
0.290500000000000	7.12031760136651
0.290550000000000	40.5547347504514
0.290600000000000	0.500490557802278
0.290650000000000	-32.0691694273100
0.290700000000000	41.8950271818903
0.290750000000000	20.6410480233933
0.290800000000000	-27.1988222772610
0.290850000000000	-59.2300788338412
0.290900000000000	32.4156551554244
0.290950000000000	-85.8036485079757
0.291000000000000	-22.9992418057219
0.291050000000000	-3.03936703238488
0.291100000000000	-27.7889903942138
0.291150000000000	-28.3735155899560
0.291200000000000	-25.8007347732623
0.291250000000000	38.7696566246782
0.291300000000000	-61.0882802920203
0.291350000000000	65.5924450462112
0.291400000000000	0.869637410921264
0.291450000000000	36.4998018786041
0.291500000000000	21.6030623468582
0.291550000000000	18.3534546579025
0.291600000000000	-29.2265328680836
0.291650000000000	-5.65421178515946
0.291700000000000	23.6736530448952
0.291750000000000	58.3771593978792
0.291800000000000	-4.70491403035814
0.291850000000000	-3.73934079482032
0.291900000000000	9.30330812894569
0.291950000000000	24.0790519931155
0.292000000000000	-33.3938582058242
0.292050000000000	48.2208103653342
0.292100000000000	-3.08435159342933
0.292150000000000	-19.5504404569407
0.292200000000000	40.7254007074412
0.292250000000000	-0.838837146269313
0.292300000000000	25.9378413987804
0.292350000000000	80.0040848110833
0.292400000000000	3.50976378179093
0.292450000000000	31.3457229315153
0.292500000000000	-27.6614991344878
0.292550000000000	41.0951952240146
0.292600000000000	24.0615664842810
0.292650000000000	6.13308353794264
0.292700000000000	-19.4857816994906
0.292750000000000	-0.0524998927375790
0.292800000000000	44.4514618952286
0.292850000000000	72.1259580173815
0.292900000000000	83.9762428133028
0.292950000000000	50.6998560207692
0.293000000000000	48.0352217393059
0.293050000000000	34.5482882454372
0.293100000000000	50.8110879311926
0.293150000000000	77.5968877864173
0.293200000000000	35.0881135490238
0.293250000000000	-52.2217309698312
0.293300000000000	55.2620421527324
0.293350000000000	32.7214613808740
0.293400000000000	3.78645500327663
0.293450000000000	62.3086071831876
0.293500000000000	63.0448846982400
0.293550000000000	7.11627406996940
0.293600000000000	9.99587750591324
0.293650000000000	18.7241359404281
0.293700000000000	22.5095880484550
0.293750000000000	-12.5098308540671
0.293800000000000	-3.00390205138203
0.293850000000000	-0.512797337905246
0.293900000000000	17.0401607947687
0.293950000000000	12.4272473589305
0.294000000000000	13.5369071094221
0.294050000000000	-87.9316144743291
0.294100000000000	22.7010459629030
0.294150000000000	37.3443051106861
0.294200000000000	-9.82205048993214
0.294250000000000	-36.5492855503416
0.294300000000000	40.1614810820110
0.294350000000000	-4.10709617014892
0.294400000000000	47.1053927935605
0.294450000000000	-42.3087021936672
0.294500000000000	-30.2058453357718
0.294550000000000	-32.3069962625898
0.294600000000000	-10.6372158483720
0.294650000000000	22.2982479580248
0.294700000000000	-63.2099304793113
0.294750000000000	-71.4386673801936
0.294800000000000	37.5185069584261
0.294850000000000	-77.3594487533084
0.294900000000000	-13.4888044630624
0.294950000000000	-43.4192403087340
0.295000000000000	-23.9072228897588
0.295050000000000	-42.3866923154754
0.295100000000000	-4.22326154785170
0.295150000000000	4.54133689248930
0.295200000000000	-13.4139332864401
0.295250000000000	9.80289470265199
0.295300000000000	-0.615584111031769
0.295350000000000	13.9159129003114
0.295400000000000	-15.7466183196895
0.295450000000000	-28.2349189626520
0.295500000000000	44.6205862292531
0.295550000000000	15.0755209292661
0.295600000000000	-8.26519146284862
0.295650000000000	-14.2244898954789
0.295700000000000	1.75116153913971
0.295750000000000	68.9241434708824
0.295800000000000	34.7716129638238
0.295850000000000	12.8970075435569
0.295900000000000	22.6590604580634
0.295950000000000	-12.8343072952627
0.296000000000000	-23.9571337784040
0.296050000000000	30.9239489666862
0.296100000000000	-49.9415511228341
0.296150000000000	-22.8828224068480
0.296200000000000	42.1240688817511
0.296250000000000	45.7364858635786
0.296300000000000	26.8988072148671
0.296350000000000	108.731609410945
0.296400000000000	35.3757291168135
0.296450000000000	39.0012842627694
0.296500000000000	74.3843887705671
0.296550000000000	67.2181660925517
0.296600000000000	7.02191031381570
0.296650000000000	8.75238106567578
0.296700000000000	38.5998405593780
0.296750000000000	68.6012865883754
0.296800000000000	-6.44047164984034
0.296850000000000	89.8363123103667
0.296900000000000	46.5062542957953
0.296950000000000	25.4909054476098
0.297000000000000	58.2977694675323
0.297050000000000	28.2463409424983
0.297100000000000	47.5117840412392
0.297150000000000	102.804783580416
0.297200000000000	13.3485833143243
0.297250000000000	-16.7389971050262
0.297300000000000	-36.5449777300305
0.297350000000000	39.9763203064986
0.297400000000000	3.63652020363245
0.297450000000000	90.0373073799093
0.297500000000000	23.2981354060704
0.297550000000000	27.3652246205348
0.297600000000000	56.8869346714369
0.297650000000000	-9.60541227778764
0.297700000000000	9.47614795405313
0.297750000000000	11.7788601021696
0.297800000000000	19.7089466741602
0.297850000000000	14.2906212032026
0.297900000000000	12.7731447024009
0.297950000000000	21.9323558739386
0.298000000000000	-5.50215234381196
0.298050000000000	-16.6668367512907
0.298100000000000	32.9532571981023
0.298150000000000	75.2909426700596
0.298200000000000	-72.1705078975924
0.298250000000000	-57.5285787297502
0.298300000000000	15.4701026917089
0.298350000000000	8.77739627325754
0.298400000000000	-12.5611961254098
0.298450000000000	-96.0040397088785
0.298500000000000	-24.9012727013627
0.298550000000000	-8.97191397432868
0.298600000000000	-17.5302103873343
0.298650000000000	87.7516331006282
0.298700000000000	-58.4687587961860
0.298750000000000	-13.8052365556724
0.298800000000000	-33.4089781335501
0.298850000000000	33.4507191625643
0.298900000000000	-31.7789649492541
0.298950000000000	-5.89593340073846
0.299000000000000	1.82883165287826
0.299050000000000	-50.5857510603607
0.299100000000000	-25.0135176325382
0.299150000000000	-7.61770828638313
0.299200000000000	18.4680060077436
0.299250000000000	54.1226670871264
0.299300000000000	87.0059235794217
0.299350000000000	46.1444160468745
0.299400000000000	11.8003554980199
0.299450000000000	-24.2167358522735
0.299500000000000	36.6672364547691
0.299550000000000	54.6639862664381
0.299600000000000	-21.1501552824143
0.299650000000000	-26.1681628884166
0.299700000000000	21.9830794336667
0.299750000000000	-41.0218924004707
0.299800000000000	43.7958558693653
0.299850000000000	28.4813503765824
0.299900000000000	-35.4787268534308
0.299950000000000	6.55149736735581
0.300000000000000	8.90682365554821
0.300050000000000	66.0567970479721
0.300100000000000	25.6844613745365
0.300150000000000	51.9622024034219
0.300200000000000	-45.0559389482017
0.300250000000000	20.9799169160516
0.300300000000000	-42.4468509686749
0.300350000000000	19.0362487487505
0.300400000000000	22.3901381875400
0.300450000000000	41.3769912517085
0.300500000000000	47.1398447799120
0.300550000000000	34.3439552451971
0.300600000000000	-5.89806493453995
0.300650000000000	-5.44739399635984
0.300700000000000	75.5278180904847
0.300750000000000	48.3196068176276
0.300800000000000	34.3840543849062
0.300850000000000	32.1489545242126
0.300900000000000	26.9582242691648
0.300950000000000	86.3267718132393
0.301000000000000	-2.90581669969224
0.301050000000000	38.8374297068412
0.301100000000000	27.8906364588601
0.301150000000000	81.8959496680713
0.301200000000000	55.5788430946883
0.301250000000000	-40.7323505397234
0.301300000000000	68.1267166576984
0.301350000000000	63.4672264413254
0.301400000000000	-6.81363742150356
0.301450000000000	34.5343722959912
0.301500000000000	-43.9581563825404
0.301550000000000	11.2098206830790
0.301600000000000	65.3412886770366
0.301650000000000	14.3768600718242
0.301700000000000	0.178207207254221
0.301750000000000	15.4657950563562
0.301800000000000	3.26515561869462
0.301850000000000	25.9423637643811
0.301900000000000	-3.65960191400856
0.301950000000000	12.9363448659778
0.302000000000000	-42.8327374660371
0.302050000000000	1.90433994964115
0.302100000000000	18.0952328055134
0.302150000000000	29.3421444688617
0.302200000000000	2.28407352347175
0.302250000000000	2.22365267038910
0.302300000000000	-20.9248025045613
0.302350000000000	36.8324448259485
0.302400000000000	22.5587631304149
0.302450000000000	31.4739718038467
0.302500000000000	-21.0523982259323
0.302550000000000	61.5132602776368
0.302600000000000	6.79539480710089
0.302650000000000	-9.41402446861143
0.302700000000000	-23.5461440814911
0.302750000000000	-26.0044582005793
0.302800000000000	-30.8722083217469
0.302850000000000	0.349678238024431
0.302900000000000	37.9799765921143
0.302950000000000	22.2345546669729
0.303000000000000	-12.4609474754017
0.303050000000000	-12.4592330777440
0.303100000000000	-25.7518076982673
0.303150000000000	46.8823828049582
0.303200000000000	-3.11382226062240
0.303250000000000	-1.05985020858419
0.303300000000000	69.1826263309242
0.303350000000000	-30.9192250764823
0.303400000000000	-12.7709355136320
0.303450000000000	-1.72914432212752
0.303500000000000	38.4048815634577
0.303550000000000	-24.3774165662925
0.303600000000000	24.2108355852216
0.303650000000000	-17.4422601995820
0.303700000000000	52.1053290394314
0.303750000000000	70.5046887008890
0.303800000000000	2.35897927564477
0.303850000000000	12.9879447493573
0.303900000000000	62.7520093014267
0.303950000000000	30.7263274943477
0.304000000000000	14.2575367800293
0.304050000000000	33.8271682114419
0.304100000000000	42.8648895416372
0.304150000000000	-9.97703328553288
0.304200000000000	25.8973811589846
0.304250000000000	2.48821566151840
0.304300000000000	21.0484993654547
0.304350000000000	4.24885429909796
0.304400000000000	-61.8139981585151
0.304450000000000	32.1530304347472
0.304500000000000	22.5705392229377
0.304550000000000	63.3667022697936
0.304600000000000	39.2628130355078
0.304650000000000	74.3786041779164
0.304700000000000	21.3656389595987
0.304750000000000	69.4598188550976
0.304800000000000	98.6222564931469
0.304850000000000	32.9109176251293
0.304900000000000	-28.4358274479436
0.304950000000000	16.2753601869688
0.305000000000000	13.3549920409774
0.305050000000000	34.3780311239100
0.305100000000000	-43.4347204902547
0.305150000000000	69.0803863707569
0.305200000000000	51.9338546416183
0.305250000000000	20.8773056723922
0.305300000000000	17.2817618833240
0.305350000000000	37.8369202547099
0.305400000000000	38.1202255782953
0.305450000000000	-2.82809027996401
0.305500000000000	26.2542875197129
0.305550000000000	7.58012629620668
0.305600000000000	0.332345279331845
0.305650000000000	69.0285779998457
0.305700000000000	14.0694402686997
0.305750000000000	7.46725528255364
0.305800000000000	58.6632924861556
0.305850000000000	-11.5997790953778
0.305900000000000	39.6460965031713
0.305950000000000	32.3761126817532
0.306000000000000	-63.1844773772080
0.306050000000000	-37.4099102410988
0.306100000000000	81.9786538077001
0.306150000000000	32.8817979464102
0.306200000000000	25.6647867644012
0.306250000000000	16.0026639297462
0.306300000000000	17.7118491216897
0.306350000000000	35.0967335130725
0.306400000000000	-33.2661715149249
0.306450000000000	-19.2320303509505
0.306500000000000	11.2783907221704
0.306550000000000	5.13901463046996
0.306600000000000	-11.1668004375426
0.306650000000000	10.9333454110261
0.306700000000000	32.1472401361391
0.306750000000000	8.63047709578614
0.306800000000000	12.9792178952728
0.306850000000000	-15.8804060417656
0.306900000000000	-20.1549947196292
0.306950000000000	-37.2452732642193
0.307000000000000	8.08338223802494
0.307050000000000	-41.3497703323858
0.307100000000000	-3.41404236089221
0.307150000000000	53.9489110116010
0.307200000000000	-19.6652924999186
0.307250000000000	-11.8520554105474
0.307300000000000	-17.3828972972367
0.307350000000000	39.3647782384778
0.307400000000000	-26.1945366637864
0.307450000000000	50.4390572763076
0.307500000000000	-9.99434696318955
0.307550000000000	78.3152855656051
0.307600000000000	-18.8695173309647
0.307650000000000	8.42331032264643
0.307700000000000	-1.48529859247491
0.307750000000000	-5.99239428244289
0.307800000000000	-10.7471704376005
0.307850000000000	3.93244552554573
0.307900000000000	38.8337124455448
0.307950000000000	7.51702307697905
0.308000000000000	44.7259008673231
0.308050000000000	72.2919163518867
0.308100000000000	-31.8284828318999
0.308150000000000	8.96999573279901
0.308200000000000	35.6611855801048
0.308250000000000	-11.0658715728514
0.308300000000000	32.0222821686633
0.308350000000000	48.1180171360994
0.308400000000000	22.6965417179407
0.308450000000000	53.6224516360574
0.308500000000000	23.1620677882409
0.308550000000000	76.1480913351608
0.308600000000000	77.9890067641079
0.308650000000000	78.1973843284716
0.308700000000000	70.1509035217254
0.308750000000000	59.8649482842110
0.308800000000000	40.8155455986300
0.308850000000000	20.0310791907597
0.308900000000000	49.5707217936572
0.308950000000000	55.2969864908268
0.309000000000000	3.20510559163504
0.309050000000000	8.97021827419555
0.309100000000000	40.3626634887989
0.309150000000000	-21.5022204914222
0.309200000000000	-13.9635272361451
0.309250000000000	37.5907819562183
0.309300000000000	27.4082646838124
0.309350000000000	11.1765496265994
0.309400000000000	15.9667869062933
0.309450000000000	35.4313185358721
0.309500000000000	29.3148179330757
0.309550000000000	6.71660038570483
0.309600000000000	-28.2292275801095
0.309650000000000	-3.61451509729230
0.309700000000000	31.9389550267602
0.309750000000000	-1.23223947560254
0.309800000000000	-21.8058266745438
0.309850000000000	23.5390184514874
0.309900000000000	-10.3064454517651
0.309950000000000	13.2644121515076
0.310000000000000	10.3676710693562
0.310050000000000	7.41216157991881
0.310100000000000	-12.6084108193390
0.310150000000000	-11.7830046113410
0.310200000000000	-15.1828845834098
0.310250000000000	7.11988247383724
0.310300000000000	-28.2294841365537
0.310350000000000	-13.2637854154199
0.310400000000000	-47.2864995891155
0.310450000000000	-28.0274962942805
0.310500000000000	5.01879289245152
0.310550000000000	-13.4627344997646
0.310600000000000	-19.8551099991919
0.310650000000000	20.3853198363538
0.310700000000000	-8.25609186784105
0.310750000000000	15.9592923991172
0.310800000000000	-48.9783427552523
0.310850000000000	20.1884967805116
0.310900000000000	2.22596832586201
0.310950000000000	3.49762683673898
0.311000000000000	-7.34974350639098
0.311050000000000	1.10396398112850
0.311100000000000	-1.64260062479751
0.311150000000000	-24.5454989568701
0.311200000000000	-11.8897385732721
0.311250000000000	4.71498946033531
0.311300000000000	10.7216261290938
0.311350000000000	3.60180878425030
0.311400000000000	-15.1962634709758
0.311450000000000	32.5659732059550
0.311500000000000	5.65834130123224
0.311550000000000	-37.9376743989572
0.311600000000000	1.74347283409729
0.311650000000000	22.7420903580259
0.311700000000000	-24.9182737721946
0.311750000000000	27.2171853307285
0.311800000000000	48.6914833788398
0.311850000000000	11.2392957723980
0.311900000000000	0.267913716893323
0.311950000000000	68.0913374405333
0.312000000000000	36.0819352379573
0.312050000000000	48.5446526330502
0.312100000000000	0.787848760545096
0.312150000000000	27.7372899727212
0.312200000000000	59.7294716236403
0.312250000000000	68.2505721095574
0.312300000000000	47.3615345538497
0.312350000000000	82.2890241792178
0.312400000000000	71.4521359472920
0.312450000000000	18.1404571870114
0.312500000000000	44.4430889330358
0.312550000000000	26.4894900919674
0.312600000000000	41.5491091803723
0.312650000000000	24.4018305300296
0.312700000000000	56.7592512819934
0.312750000000000	12.0640358208627
0.312800000000000	18.7316827097785
0.312850000000000	116.636221604712
0.312900000000000	80.7041994147650
0.312950000000000	35.6471059272683
0.313000000000000	52.3742395350318
0.313050000000000	-35.6749594328981
0.313100000000000	64.1894439485758
0.313150000000000	46.4821762654465
0.313200000000000	-11.1487291618272
0.313250000000000	97.9137731980221
0.313300000000000	39.3198765330207
0.313350000000000	-12.3057414770788
0.313400000000000	-15.9396704401753
0.313450000000000	17.7923192013645
0.313500000000000	40.7028126343165
0.313550000000000	-2.52300618542853
0.313600000000000	-35.9994734501888
0.313650000000000	15.1167904278607
0.313700000000000	-22.9979341172629
0.313750000000000	-29.0117252367123
0.313800000000000	4.69837934445291
0.313850000000000	21.2377755324036
0.313900000000000	1.21315958765028
0.313950000000000	22.8106254884244
0.314000000000000	-14.1999080831650
0.314050000000000	2.80418320600110
0.314100000000000	-3.12522452189172
0.314150000000000	-28.8090925173317
0.314200000000000	-19.6594125693854
0.314250000000000	-0.306120265650382
0.314300000000000	44.3211713999121
0.314350000000000	62.0281743106352
0.314400000000000	73.2071857659263
0.314450000000000	-4.72895173141556
0.314500000000000	16.5911140431775
0.314550000000000	37.7217799600874
0.314600000000000	-31.2055978895901
0.314650000000000	-44.2401968178284
0.314700000000000	22.8354595645773
0.314750000000000	-5.67912020073478
0.314800000000000	-15.6265964926264
0.314850000000000	16.2253033164424
0.314900000000000	-13.6337640907326
0.314950000000000	25.9343888559278
0.315000000000000	4.36986310971635
0.315050000000000	4.25823780074447
0.315100000000000	-8.70448256189248
0.315150000000000	-20.5911869042345
0.315200000000000	9.12305585384336
0.315250000000000	0.897099836123315
0.315300000000000	43.3440286317510
0.315350000000000	-18.9840948835017
0.315400000000000	-36.2809963470930
0.315450000000000	-28.0246462128596
0.315500000000000	-13.8484406164926
0.315550000000000	-12.8701325066974
0.315600000000000	49.7607127844518
0.315650000000000	-18.4886452451825
0.315700000000000	-3.84098161423014
0.315750000000000	14.8854564760618
0.315800000000000	16.8706480307051
0.315850000000000	23.7072798102149
0.315900000000000	44.4989378104987
0.315950000000000	58.8415056447386
0.316000000000000	62.7338537396367
0.316050000000000	2.20537294202092
0.316100000000000	10.3785041635243
0.316150000000000	42.1268244398124
0.316200000000000	-11.1623077493901
0.316250000000000	21.4154072697298
0.316300000000000	2.86485783786005
0.316350000000000	32.7604225976761
0.316400000000000	44.1307753462738
0.316450000000000	33.9397556950182
0.316500000000000	7.04943916043708
0.316550000000000	38.1381654587441
0.316600000000000	45.3277641473235
0.316650000000000	40.1686358119287
0.316700000000000	59.9249126056928
0.316750000000000	28.3684252339411
0.316800000000000	47.8278564931242
0.316850000000000	-20.6177867526663
0.316900000000000	-31.6445510704555
0.316950000000000	53.4798008639425
0.317000000000000	37.2960551848344
0.317050000000000	27.1648472943470
0.317100000000000	-45.9423657813307
0.317150000000000	76.6178163376752
0.317200000000000	19.7371761142166
0.317250000000000	-2.40016911711117
0.317300000000000	0.318632349665151
0.317350000000000	11.7376914433258
0.317400000000000	55.0845946354624
0.317450000000000	11.4359913424767
0.317500000000000	-36.0512592614032
0.317550000000000	12.8722397285906
0.317600000000000	5.76979662475113
0.317650000000000	5.52152430312792
0.317700000000000	28.2022025070625
0.317750000000000	5.03197365436303
0.317800000000000	25.3847327278410
0.317850000000000	-10.5262867139505
0.317900000000000	32.2400513932128
0.317950000000000	-7.96554124625685
0.318000000000000	35.1137512437267
0.318050000000000	-40.1817477150325
0.318100000000000	-4.22444271819630
0.318150000000000	11.3035634699325
0.318200000000000	-30.3218986853438
0.318250000000000	23.6344563355140
0.318300000000000	-9.89990261389882
0.318350000000000	1.80930110978287
0.318400000000000	-73.3189439922344
0.318450000000000	-19.2135074092609
0.318500000000000	6.68603749859755
0.318550000000000	-52.7360311985048
0.318600000000000	42.4242790846781
0.318650000000000	-47.4605790451906
0.318700000000000	35.0591297251843
0.318750000000000	-30.8431013643576
0.318800000000000	-48.8192199216340
0.318850000000000	12.6414581096457
0.318900000000000	34.4580667985647
0.318950000000000	29.6537232078210
0.319000000000000	54.9011610454095
0.319050000000000	15.6802073476171
0.319100000000000	-63.5348264900961
0.319150000000000	18.5630565918843
0.319200000000000	-2.72076534061647
0.319250000000000	-38.9953497411084
0.319300000000000	20.7384342443082
0.319350000000000	-15.7834356777649
0.319400000000000	38.4473322660877
0.319450000000000	-5.39645264453542
0.319500000000000	6.41622862061797
0.319550000000000	-24.7860556237514
0.319600000000000	25.7584105309051
0.319650000000000	22.6061993211446
0.319700000000000	83.8718284796968
0.319750000000000	20.6744782722018
0.319800000000000	36.8138348043816
0.319850000000000	23.5163487874620
0.319900000000000	14.1559675041511
0.319950000000000	3.58564811008802
0.320000000000000	34.1350039898763
0.320050000000000	76.0183884197259
0.320100000000000	23.5719304387131
0.320150000000000	-30.9193876497559
0.320200000000000	11.4368621016551
0.320250000000000	-1.22262253686671
0.320300000000000	42.7306166332509
0.320350000000000	81.0989456744577
0.320400000000000	-13.3149562178468
0.320450000000000	35.4785884686116
0.320500000000000	-4.41051901907229
0.320550000000000	17.2752566309399
0.320600000000000	39.4240823862703
0.320650000000000	44.0293707407441
0.320700000000000	52.5951668411404
0.320750000000000	48.7276730202602
0.320800000000000	27.8180464876131
0.320850000000000	36.2084832546343
0.320900000000000	56.8484197179882
0.320950000000000	11.7019496285439
0.321000000000000	87.5103798526336
0.321050000000000	-2.41507455583902
0.321100000000000	58.4324951225056
0.321150000000000	33.4334000576102
0.321200000000000	55.3864309609228
0.321250000000000	47.6856232620945
0.321300000000000	39.9426114170028
0.321350000000000	31.5521352851727
0.321400000000000	47.4559422656214
0.321450000000000	51.5392481314795
0.321500000000000	13.7692452947733
0.321550000000000	-24.5079559057446
0.321600000000000	9.76470538915324
0.321650000000000	87.0538918745816
0.321700000000000	-9.52303099425093
0.321750000000000	-2.83599486096567
0.321800000000000	-1.01668123935197
0.321850000000000	11.8010503571984
0.321900000000000	76.7066368582605
0.321950000000000	14.0872443504236
0.322000000000000	2.86957047545014
0.322050000000000	-38.8303967762947
0.322100000000000	15.4752197601631
0.322150000000000	-1.71946451380757
0.322200000000000	-24.4086272837373
0.322250000000000	-49.9377489920536
0.322300000000000	22.5850637542410
0.322350000000000	10.6419987207874
0.322400000000000	3.18307797723804
0.322450000000000	-42.9753153332206
0.322500000000000	-25.9439068770522
0.322550000000000	-31.4250578781256
0.322600000000000	-7.09517062255714
0.322650000000000	-20.0820022280429
0.322700000000000	-21.9973475334207
0.322750000000000	-8.11337098011892
0.322800000000000	-25.7460926555284
0.322850000000000	9.64418259411860
0.322900000000000	17.3728133040444
0.322950000000000	0.800849396374129
0.323000000000000	5.11068116342354
0.323050000000000	20.5151587205983
0.323100000000000	-49.5459303466636
0.323150000000000	26.5053068794776
0.323200000000000	48.5167942916743
0.323250000000000	64.2869115003239
0.323300000000000	-8.32536460776516
0.323350000000000	16.3629670846219
0.323400000000000	25.0651665850718
0.323450000000000	94.4031913168896
0.323500000000000	-15.7538778589053
0.323550000000000	5.23486130903602
0.323600000000000	48.9625607877608
0.323650000000000	-54.0415139216482
0.323700000000000	-4.37337362031749
0.323750000000000	-13.8242232122630
0.323800000000000	15.9708032990420
0.323850000000000	0.941567544597875
0.323900000000000	38.9959619105572
0.323950000000000	58.2204556953755
0.324000000000000	75.1602828865989
0.324050000000000	-1.15533728947733
0.324100000000000	33.8243529220522
0.324150000000000	-33.5466897447069
0.324200000000000	20.5506675374189
0.324250000000000	11.5537075274724
0.324300000000000	85.0720018140573
0.324350000000000	16.4042523891379
0.324400000000000	10.9930987149837
0.324450000000000	26.5083416616660
0.324500000000000	47.1922059836401
0.324550000000000	36.8117676958036
0.324600000000000	53.6958528346875
0.324650000000000	36.3817389903245
0.324700000000000	-0.204872237506461
0.324750000000000	68.5379335779131
0.324800000000000	62.1546793269030
0.324850000000000	58.5826909522789
0.324900000000000	42.7324268764621
0.324950000000000	32.4827399109941
0.325000000000000	84.9467245781615
0.325050000000000	9.26752313224656
0.325100000000000	-5.22709114848581
0.325150000000000	29.5869550700515
0.325200000000000	82.4049378685640
0.325250000000000	-1.45906532895675
0.325300000000000	27.8140213007138
0.325350000000000	28.5963170844438
0.325400000000000	33.9047642070501
0.325450000000000	32.8664922817727
0.325500000000000	-7.45245257374571
0.325550000000000	25.4678632028816
0.325600000000000	24.2802919852434
0.325650000000000	-31.5255494734959
0.325700000000000	-1.40084892425416
0.325750000000000	-16.0654639785118
0.325800000000000	28.0746903399796
0.325850000000000	-1.95934985865986
0.325900000000000	9.68182166088402
0.325950000000000	33.8614703471702
0.326000000000000	22.9759203684162
0.326050000000000	30.9269340217395
0.326100000000000	-17.0381210545834
0.326150000000000	-8.92696054097682
0.326200000000000	17.3159738251525
0.326250000000000	-28.6970613105359
0.326300000000000	-12.5482005533528
0.326350000000000	43.9283269607077
0.326400000000000	-40.2137593367154
0.326450000000000	-24.5323548423252
0.326500000000000	-48.6389925077020
0.326550000000000	8.94866580285337
0.326600000000000	-10.0465441588746
0.326650000000000	16.1238489157290
0.326700000000000	2.10514786688417
0.326750000000000	-56.3508375676640
0.326800000000000	70.0281701333479
0.326850000000000	15.1177497837135
0.326900000000000	-21.4790827913898
0.326950000000000	-12.5390282863104
0.327000000000000	23.6368686734300
0.327050000000000	25.2275170784618
0.327100000000000	62.8466504861943
0.327150000000000	18.9260210109083
0.327200000000000	-5.23061402093950
0.327250000000000	-30.0757489338739
0.327300000000000	-31.0120797994429
0.327350000000000	54.4697445484968
0.327400000000000	-32.8961957960146
0.327450000000000	109.449528500775
0.327500000000000	-24.8503914161783
0.327550000000000	-12.4338156658814
0.327600000000000	10.9786421465386
0.327650000000000	18.8520942010978
0.327700000000000	-36.6901172186425
0.327750000000000	34.8867442843757
0.327800000000000	15.8386557501424
0.327850000000000	-14.0059621432573
0.327900000000000	65.4668237188507
0.327950000000000	45.8314976555007
0.328000000000000	26.9831446494365
0.328050000000000	18.8275564499068
0.328100000000000	46.2871532558873
0.328150000000000	32.1887030509487
0.328200000000000	-6.27743736948163
0.328250000000000	46.3683638302922
0.328300000000000	-0.120425281263280
0.328350000000000	39.1565133705785
0.328400000000000	-30.8610245036169
0.328450000000000	78.9907821734911
0.328500000000000	31.8233696451455
0.328550000000000	14.4754382496348
0.328600000000000	45.1479246749971
0.328650000000000	-4.23831639389572
0.328700000000000	26.0249962452237
0.328750000000000	55.1386234019598
0.328800000000000	-1.48993818611502
0.328850000000000	61.0624585674299
0.328900000000000	65.2843767481449
0.328950000000000	74.4695846598830
0.329000000000000	20.4287233870148
0.329050000000000	102.953354599440
0.329100000000000	9.01287236296586
0.329150000000000	57.2201310653857
0.329200000000000	65.0183652617314
0.329250000000000	55.2886136297478
0.329300000000000	43.3586078471860
0.329350000000000	19.5963049505740
0.329400000000000	-37.8535033787409
0.329450000000000	30.2378950872060
0.329500000000000	5.12841884728238
0.329550000000000	23.2725525631984
0.329600000000000	42.6099722159488
0.329650000000000	39.5543114920788
0.329700000000000	47.4606534860177
0.329750000000000	49.5275310485056
0.329800000000000	-44.1002693733080
0.329850000000000	15.1425238732689
0.329900000000000	-7.50283124224055
0.329950000000000	5.30834632572134
0.330000000000000	-32.3194181572024
0.330050000000000	5.39834327013454
0.330100000000000	53.0680936543724
0.330150000000000	60.5623488866761
0.330200000000000	-29.8205248943384
0.330250000000000	51.2457147782341
0.330300000000000	-33.4916838439642
0.330350000000000	6.59712608872167
0.330400000000000	7.05350166775290
0.330450000000000	46.0644849649589
0.330500000000000	-10.1824387946264
0.330550000000000	38.5521105325057
0.330600000000000	14.1174628048580
0.330650000000000	-26.3220479243182
0.330700000000000	38.3877838338818
0.330750000000000	-30.1398108486106
0.330800000000000	11.3963985003979
0.330850000000000	0.435001770087654
0.330900000000000	5.20698924696213
0.330950000000000	-34.5237942578848
0.331000000000000	50.2247792931294
0.331050000000000	21.0513557146587
0.331100000000000	-0.338943692685877
0.331150000000000	2.85530715645085
0.331200000000000	-49.5345094482589
0.331250000000000	21.7882808741311
0.331300000000000	13.7321814255756
0.331350000000000	35.3142067154229
0.331400000000000	-16.9729781460487
0.331450000000000	-5.98597191668802
0.331500000000000	-40.4940988130520
0.331550000000000	-1.20072251029178
0.331600000000000	56.6025029845303
0.331650000000000	24.7987779808980
0.331700000000000	17.6587743198879
0.331750000000000	55.2967958459627
0.331800000000000	-27.0243695544147
0.331850000000000	3.50464645928268
0.331900000000000	42.4501028456646
0.331950000000000	48.7597493898792
0.332000000000000	45.3830356483891
0.332050000000000	-2.95837191701906
0.332100000000000	50.3692218701427
0.332150000000000	50.0600527192593
0.332200000000000	54.2684849556205
0.332250000000000	20.6069223247642
0.332300000000000	26.0537962712034
0.332350000000000	111.373054104087
0.332400000000000	56.1185281711151
0.332450000000000	66.5831213224467
0.332500000000000	50.2730069663474
0.332550000000000	31.5957414179786
0.332600000000000	43.1343376265646
0.332650000000000	45.4536288575699
0.332700000000000	16.2882290410097
0.332750000000000	40.4225971389137
0.332800000000000	43.9826586650524
0.332850000000000	92.6039720093286
0.332900000000000	-35.9826026525770
0.332950000000000	-9.52412966731906
0.333000000000000	35.3153657736088
0.333050000000000	89.2465323068300
0.333100000000000	27.2214124025344
0.333150000000000	36.2468791566876
0.333200000000000	51.5373443692683
0.333250000000000	66.3586131370041
0.333300000000000	108.437003635798
0.333350000000000	100.007942191381
0.333400000000000	14.0098860299948
0.333450000000000	41.3853732663816
0.333500000000000	38.0020730921226
0.333550000000000	15.0152923701557
0.333600000000000	-27.6322312579107
0.333650000000000	-20.0447338363131
0.333700000000000	-28.0355396281361
0.333750000000000	-21.5029657540626
0.333800000000000	65.7602785248134
0.333850000000000	82.9136147197759
0.333900000000000	5.18578791980603
0.333950000000000	21.7571963077531
0.334000000000000	-25.1622655404698
0.334050000000000	-13.1998058037116
0.334100000000000	0.643168001274463
0.334150000000000	-24.0152339678806
0.334200000000000	37.7203990997057
0.334250000000000	-21.1963345833572
0.334300000000000	15.6865631176964
0.334350000000000	13.5768210042764
0.334400000000000	-12.9780936139045
0.334450000000000	-34.6859813341945
0.334500000000000	14.4488457556906
0.334550000000000	-50.1481713477650
0.334600000000000	-26.4070057735678
0.334650000000000	-27.2089923084737
0.334700000000000	-50.0364713079668
0.334750000000000	33.5035977834404
0.334800000000000	-1.88710900411862
0.334850000000000	-23.5650795880166
0.334900000000000	10.7663919874435
0.334950000000000	-49.5675747378982
0.335000000000000	-8.67515676822470
0.335050000000000	-0.394944716397243
0.335100000000000	-43.4819585196367
0.335150000000000	16.3824631642499
0.335200000000000	70.5054675802124
0.335250000000000	-17.2642940290131
0.335300000000000	22.7464994787147
0.335350000000000	-28.3789400481930
0.335400000000000	-17.4111851600873
0.335450000000000	38.2045365026467
0.335500000000000	21.9327180385398
0.335550000000000	-22.7673596054608
0.335600000000000	43.6755252650092
0.335650000000000	26.1312473391626
0.335700000000000	73.6629327914805
0.335750000000000	59.4881287948473
0.335800000000000	44.2842528941948
0.335850000000000	57.5328048299711
0.335900000000000	21.0802398459350
0.335950000000000	17.5521660243661
0.336000000000000	35.5897933556246
0.336050000000000	-28.3506883919368
0.336100000000000	57.6628661738098
0.336150000000000	-22.0073012365950
0.336200000000000	-2.60829139680909
0.336250000000000	40.9300235787318
0.336300000000000	42.5343831394083
0.336350000000000	39.8100232950733
0.336400000000000	-17.1257523665330
0.336450000000000	72.5724079425695
0.336500000000000	28.5837907434732
0.336550000000000	13.6464297849915
0.336600000000000	-14.4626776790177
0.336650000000000	22.6710058512832
0.336700000000000	72.9299284861905
0.336750000000000	38.0238410851796
0.336800000000000	53.2692119447759
0.336850000000000	43.7827611876006
0.336900000000000	25.6378673479271
0.336950000000000	29.0102295693697
0.337000000000000	-30.5382145740361
0.337050000000000	-1.63135249789038
0.337100000000000	40.1414862142269
0.337150000000000	18.3660009423492
0.337200000000000	42.5652882702142
0.337250000000000	25.0112131906556
0.337300000000000	22.2044452908336
0.337350000000000	6.98747189967283
0.337400000000000	-10.8672671662608
0.337450000000000	18.9298094114396
0.337500000000000	76.2924954979478
0.337550000000000	-2.20179917314090
0.337600000000000	68.1045371338809
0.337650000000000	36.2510231333619
0.337700000000000	-31.9966182967617
0.337750000000000	-31.4541088530897
0.337800000000000	-28.9015170168414
0.337850000000000	11.0480889390530
0.337900000000000	-16.0537151421672
0.337950000000000	-41.1600362751734
0.338000000000000	58.0807653918254
0.338050000000000	40.6973705032362
0.338100000000000	65.2779839015830
0.338150000000000	21.6971294821864
0.338200000000000	-4.54252880897710
0.338250000000000	-21.9490622663938
0.338300000000000	11.0026162219422
0.338350000000000	78.4412740842567
0.338400000000000	-67.3813827838127
0.338450000000000	4.08804666365042
0.338500000000000	-8.45677510857768
0.338550000000000	20.0800546446049
0.338600000000000	-47.5272955934368
0.338650000000000	-17.5443602775237
0.338700000000000	1.36821719104569
0.338750000000000	-65.2269320561056
0.338800000000000	-0.218143079561870
0.338850000000000	-30.3985708627109
0.338900000000000	22.8446001599959
0.338950000000000	30.2731512505350
0.339000000000000	30.2578758158105
0.339050000000000	-8.98031980183452
0.339100000000000	-15.4766220599203
0.339150000000000	3.82452433339657
0.339200000000000	15.0523675512228
0.339250000000000	22.2038081196693
0.339300000000000	-7.12404421656476
0.339350000000000	-26.9305269757918
0.339400000000000	14.2366107111211
0.339450000000000	40.8439643703282
0.339500000000000	57.4080558752373
0.339550000000000	59.3370086053104
0.339600000000000	-4.13570420049861
0.339650000000000	8.89091967925233
0.339700000000000	20.1102977625690
0.339750000000000	29.7177798839940
0.339800000000000	-18.8836989815612
0.339850000000000	13.5166096675040
0.339900000000000	21.6578717115699
0.339950000000000	71.7046369155023
0.340000000000000	3.94462909048603
0.340050000000000	33.2535306910930
0.340100000000000	20.4894576069659
0.340150000000000	-4.26498140419022
0.340200000000000	12.8802410618288
0.340250000000000	-27.7801340682032
0.340300000000000	91.0665258883372
0.340350000000000	-2.82240964168164
0.340400000000000	17.0294640959297
0.340450000000000	9.77118283401493
0.340500000000000	78.1229673935946
0.340550000000000	30.0093456705995
0.340600000000000	65.0305743724079
0.340650000000000	48.2106809488670
0.340700000000000	21.0207413796860
0.340750000000000	20.6837428125797
0.340800000000000	68.4351738967805
0.340850000000000	9.26717376939972
0.340900000000000	59.3107408151270
0.340950000000000	59.0161812208447
0.341000000000000	86.2851367098282
0.341050000000000	2.18387576853208
0.341100000000000	32.6486734655252
0.341150000000000	-9.73045683142270
0.341200000000000	26.2692646440685
0.341250000000000	37.8947955481233
0.341300000000000	42.9541301769446
0.341350000000000	35.1335462440239
0.341400000000000	0.401033656131913
0.341450000000000	66.1292036119008
0.341500000000000	56.4789287392102
0.341550000000000	-1.71670877953960
0.341600000000000	13.3897182767677
0.341650000000000	22.1674674861229
0.341700000000000	74.6319227685469
0.341750000000000	-8.56345152180368
0.341800000000000	-22.8947507255254
0.341850000000000	8.80011344593467
0.341900000000000	-23.6412621195711
0.341950000000000	-4.44891433093428
0.342000000000000	29.9416138604908
0.342050000000000	-27.4261894323368
0.342100000000000	-14.8433528409106
0.342150000000000	6.27287772364306
0.342200000000000	72.2326539189440
0.342250000000000	19.2878553721947
0.342300000000000	39.6013405260949
0.342350000000000	26.1772994023477
0.342400000000000	-2.84077601654290
0.342450000000000	0.155660730470034
0.342500000000000	2.91288189540734
0.342550000000000	0.165541581548229
0.342600000000000	84.8665152629934
0.342650000000000	-19.7344152390871
0.342700000000000	-57.1763080924817
0.342750000000000	30.7442996595476
0.342800000000000	-28.8979523087061
0.342850000000000	-24.0083876299542
0.342900000000000	31.6406392822212
0.342950000000000	-15.6759174037470
0.343000000000000	-13.9836635135840
0.343050000000000	66.9313341634936
0.343100000000000	30.5257457815447
0.343150000000000	-50.6206052056759
0.343200000000000	4.35741752405363
0.343250000000000	7.21048797485890
0.343300000000000	32.0575800111546
0.343350000000000	-4.27160564456825
0.343400000000000	-26.6088617612084
0.343450000000000	-13.5460617268349
0.343500000000000	-8.55640021065724
0.343550000000000	56.5345663647565
0.343600000000000	62.7555287424983
0.343650000000000	14.6264391246527
0.343700000000000	9.61920509692271
0.343750000000000	30.5165761047285
0.343800000000000	10.4607488084340
0.343850000000000	11.4674221197919
0.343900000000000	-7.30169548065535
0.343950000000000	50.2155050247926
0.344000000000000	70.0554853830283
0.344050000000000	57.9605987128783
0.344100000000000	41.7460618446424
0.344150000000000	32.4940917310798
0.344200000000000	46.9516018553158
0.344250000000000	30.6931435231419
0.344300000000000	65.0741267707817
0.344350000000000	66.7199865560032
0.344400000000000	33.7854564716039
0.344450000000000	23.1931108263696
0.344500000000000	95.3038327415772
0.344550000000000	86.0831708800729
0.344600000000000	18.0075571399595
0.344650000000000	26.3726903185847
0.344700000000000	62.5875388396282
0.344750000000000	37.9498120324330
0.344800000000000	-1.04485240717169
0.344850000000000	57.5070375684634
0.344900000000000	-35.2027724077903
0.344950000000000	9.65956940830946
0.345000000000000	22.5492896512474
0.345050000000000	16.7301957157796
0.345100000000000	20.0257860613887
0.345150000000000	32.9933084104338
0.345200000000000	22.8355416002837
0.345250000000000	27.3768720111495
0.345300000000000	17.4821814280969
0.345350000000000	-10.1697001759194
0.345400000000000	33.7183925011829
0.345450000000000	10.9914203503154
0.345500000000000	2.57746775325230
0.345550000000000	-33.6426742689185
0.345600000000000	37.3257665078697
0.345650000000000	8.09314821995203
0.345700000000000	34.4187335459966
0.345750000000000	37.5145069569763
0.345800000000000	35.3617191134646
0.345850000000000	3.88828761588172
0.345900000000000	-13.4330148753961
0.345950000000000	46.2921486035984
0.346000000000000	-17.3722859539920
0.346050000000000	-71.0896587391270
0.346100000000000	40.1155208015111
0.346150000000000	21.6160749119329
0.346200000000000	-34.3371884997468
0.346250000000000	12.7660168473632
0.346300000000000	5.68016270613749
0.346350000000000	4.54225253125587
0.346400000000000	-28.5402052454071
0.346450000000000	28.6025359259187
0.346500000000000	35.9700073321160
0.346550000000000	23.8277022509876
0.346600000000000	-84.7580275161357
0.346650000000000	-22.2475601715346
0.346700000000000	-17.9097075163567
0.346750000000000	-38.8594558190082
0.346800000000000	7.77537177588499
0.346850000000000	14.6873695181323
0.346900000000000	-23.5366666321651
0.346950000000000	7.35463089598523
0.347000000000000	-44.8231456200674
0.347050000000000	12.5437617905894
0.347100000000000	-32.8084189965742
0.347150000000000	-25.7445742414519
0.347200000000000	23.7621021419886
0.347250000000000	43.5582994223644
0.347300000000000	-12.5415675145859
0.347350000000000	9.06251358325659
0.347400000000000	-0.157265442633413
0.347450000000000	0.0437114406481101
0.347500000000000	60.5959980465315
0.347550000000000	22.0374174361420
0.347600000000000	4.04464575535117
0.347650000000000	5.12570162558956
0.347700000000000	67.8371041960147
0.347750000000000	125.738580514845
0.347800000000000	43.4895922851684
0.347850000000000	-2.66286972462924
0.347900000000000	-12.7596362929756
0.347950000000000	42.5801312932311
0.348000000000000	95.6723568365917
0.348050000000000	26.7879435940881
0.348100000000000	-61.2245735857809
0.348150000000000	50.0510019493631
0.348200000000000	30.6916538804854
0.348250000000000	2.08207617985197
0.348300000000000	-24.9538060281215
0.348350000000000	79.7061914313422
0.348400000000000	-45.5302489523023
0.348450000000000	40.5365663237788
0.348500000000000	37.9942144640828
0.348550000000000	72.3616778520732
0.348600000000000	65.7643561764402
0.348650000000000	15.8905364498411
0.348700000000000	76.3581085402081
0.348750000000000	4.09886291771019
0.348800000000000	18.0541099619827
0.348850000000000	29.7781205946808
0.348900000000000	40.3282815655825
0.348950000000000	31.2105409642578
0.349000000000000	34.3649118262466
0.349050000000000	43.8486399410427
0.349100000000000	-21.8588519154765
0.349150000000000	66.7339532146756
0.349200000000000	-45.6853203972013
0.349250000000000	-0.535786048426854
0.349300000000000	69.8472409992423
0.349350000000000	13.2367963988384
0.349400000000000	2.48674459014286
0.349450000000000	25.6188379318625
0.349500000000000	10.9262664402879
0.349550000000000	43.3594235397378
0.349600000000000	54.4452923356575
0.349650000000000	67.5596757043259
0.349700000000000	-9.16165457837482
0.349750000000000	-13.4685089037803
0.349800000000000	2.73700130368172
0.349850000000000	24.3080980950377
0.349900000000000	51.0765403377271
0.349950000000000	-49.4156655658487
0.350000000000000	28.5675211555281
0.350050000000000	8.04836072623882
0.350100000000000	18.1929128016849
0.350150000000000	62.8042687811339
0.350200000000000	-9.97888813406829
0.350250000000000	-24.5997983018118
0.350300000000000	10.5207411796401
0.350350000000000	39.0768861837400
0.350400000000000	11.9847513439667
0.350450000000000	39.9717972515214
0.350500000000000	-17.2698011899048
0.350550000000000	-26.4927527723962
0.350600000000000	20.2828537517632
0.350650000000000	-34.5166154412051
0.350700000000000	-17.1212624173982
0.350750000000000	-28.1551198946271
0.350800000000000	41.3762035393108
0.350850000000000	-28.2295824537960
0.350900000000000	15.6233622085764
0.350950000000000	-16.7271524440849
0.351000000000000	-28.4579093844781
0.351050000000000	87.6836731843585
0.351100000000000	-73.0456818015122
0.351150000000000	19.2119290630114
0.351200000000000	6.52227841718638
0.351250000000000	-2.50796942586702
0.351300000000000	-22.5656111695297
0.351350000000000	31.6802775404996
0.351400000000000	14.9279669572138
0.351450000000000	-23.8481750016077
0.351500000000000	9.40811283181847
0.351550000000000	-14.3515597936695
0.351600000000000	24.7302302117846
0.351650000000000	7.09202391193032
0.351700000000000	-23.5302372304923
0.351750000000000	32.2165721931991
0.351800000000000	-9.90840911447869
0.351850000000000	6.98424432659967
0.351900000000000	9.91782038281382
0.351950000000000	0.100765791345957
0.352000000000000	17.1727272436055
0.352050000000000	70.3924758780790
0.352100000000000	34.3655829413659
0.352150000000000	-12.1237481599070
0.352200000000000	75.9932190677547
0.352250000000000	-4.75015547067734
0.352300000000000	1.85262071563740
0.352350000000000	48.7343560627485
0.352400000000000	70.9024974533754
0.352450000000000	46.1977729889757
0.352500000000000	10.1347208360687
0.352550000000000	67.1813163974537
0.352600000000000	57.4541531293684
0.352650000000000	-43.7573535473161
0.352700000000000	35.2882587313586
0.352750000000000	30.4706102159569
0.352800000000000	12.2311328060191
0.352850000000000	52.4022688616872
0.352900000000000	50.9796878550655
0.352950000000000	-4.87467480015755
0.353000000000000	55.4799994143501
0.353050000000000	35.1766871456480
0.353100000000000	-3.16344085881314
0.353150000000000	9.22006816124679
0.353200000000000	75.1688391525243
0.353250000000000	-0.984282443963874
0.353300000000000	81.1519481429007
0.353350000000000	52.0475344256814
0.353400000000000	-56.1106616727215
0.353450000000000	18.2352713815605
0.353500000000000	59.5898243434914
0.353550000000000	-29.6516037983038
0.353600000000000	-8.24954159778832
0.353650000000000	42.3501079296393
0.353700000000000	66.1391391096304
0.353750000000000	16.9011900365868
0.353800000000000	58.3798743609044
0.353850000000000	-31.4216588322857
0.353900000000000	-5.14579709145222
0.353950000000000	32.8295538530669
0.354000000000000	-8.42396705386164
0.354050000000000	44.6004889993434
0.354100000000000	1.03722480923676
0.354150000000000	-10.3424203098366
0.354200000000000	-20.9227734452686
0.354250000000000	5.84671071111563
0.354300000000000	21.3709776485612
0.354350000000000	-20.6980538116476
0.354400000000000	16.4370049071857
0.354450000000000	1.97168460056763
0.354500000000000	-33.6375447639577
0.354550000000000	-66.3096850138176
0.354600000000000	-3.90795025433924
0.354650000000000	-12.0801131462655
0.354700000000000	-15.1272122002125
0.354750000000000	27.7547097484146
0.354800000000000	16.6098217716719
0.354850000000000	5.96684783594487
0.354900000000000	10.1666899762183
0.354950000000000	-26.7261612163441
0.355000000000000	14.5843147274310
0.355050000000000	47.9620760750829
0.355100000000000	47.0131973501412
0.355150000000000	50.1679954844845
0.355200000000000	-11.3793534122610
0.355250000000000	14.8797785855168
0.355300000000000	-14.8099823062247
0.355350000000000	14.4733023150396
0.355400000000000	14.0574742652270
0.355450000000000	-9.22641549655948
0.355500000000000	-25.9289977053917
0.355550000000000	12.2665260130287
0.355600000000000	39.2772472269403
0.355650000000000	79.5730129109173
0.355700000000000	38.3019354127802
0.355750000000000	-32.0794698922597
0.355800000000000	58.2139002533807
0.355850000000000	-19.8724835459708
0.355900000000000	2.53387541129672
0.355950000000000	36.5758478156352
0.356000000000000	45.2688841516669
0.356050000000000	0.0681107771238168
0.356100000000000	-1.20706115383085
0.356150000000000	15.3283210892301
0.356200000000000	5.78089684864490
0.356250000000000	49.8854162892631
0.356300000000000	38.3838893176496
0.356350000000000	67.7150433543900
0.356400000000000	38.7817765066509
0.356450000000000	5.88773755315337
0.356500000000000	32.1657272531182
0.356550000000000	8.19572039950512
0.356600000000000	70.9737076040929
0.356650000000000	5.74626476898094
0.356700000000000	-1.96841775251827
0.356750000000000	42.0499262652597
0.356800000000000	29.7104331207000
0.356850000000000	-28.2509153344079
0.356900000000000	42.6753899648452
0.356950000000000	-22.4677962611453
0.357000000000000	-14.3264378875450
0.357050000000000	102.137029630459
0.357100000000000	41.7757197433523
0.357150000000000	35.6094289079183
0.357200000000000	41.6152787649915
0.357250000000000	-4.84201205008150
0.357300000000000	5.65640757635956
0.357350000000000	11.3728855417716
0.357400000000000	-26.0683043330529
0.357450000000000	8.19607567390122
0.357500000000000	-47.8310276459291
0.357550000000000	55.6310312659131
0.357600000000000	-27.9038425706406
0.357650000000000	64.4436553547703
0.357700000000000	51.8041942070539
0.357750000000000	7.76990488774914
0.357800000000000	-8.09385957691078
0.357850000000000	8.93714441045592
0.357900000000000	5.56288168035810
0.357950000000000	-31.8376956161695
0.358000000000000	31.3668546324864
0.358050000000000	-4.08755024544766
0.358100000000000	-19.9061942168092
0.358150000000000	-59.5120911944283
0.358200000000000	-23.8638942538828
0.358250000000000	3.40869056543923
0.358300000000000	-34.9478906302799
0.358350000000000	26.8249217961006
0.358400000000000	4.51854823807949
0.358450000000000	-36.8185576071059
0.358500000000000	4.19864290074308
0.358550000000000	-12.0967881133127
0.358600000000000	-35.8135071771345
0.358650000000000	-42.0237531619714
0.358700000000000	43.8061863352078
0.358750000000000	-8.75346818604745
0.358800000000000	43.0088045555603
0.358850000000000	25.8505263832412
0.358900000000000	21.5214576527653
0.358950000000000	-6.93172849891927
0.359000000000000	31.4071625342318
0.359050000000000	9.42401082003118
0.359100000000000	4.69940258765253
0.359150000000000	3.52769818345215
0.359200000000000	-4.36527996588420
0.359250000000000	-26.5578880874876
0.359300000000000	42.4731776823282
0.359350000000000	-35.6570826391139
0.359400000000000	-39.3781933558030
0.359450000000000	31.5663366160913
0.359500000000000	-0.255731427025323
0.359550000000000	-59.3136973270795
0.359600000000000	22.2090252901165
0.359650000000000	12.6702475044301
0.359700000000000	9.62891889973137
0.359750000000000	76.5980824999956
0.359800000000000	46.8773572615426
0.359850000000000	1.30767206960707
0.359900000000000	-18.5560473538829
0.359950000000000	93.8374176863296
0.360000000000000	-20.4028641824914
0.360050000000000	-29.6652421600518
0.360100000000000	16.5080101283994
0.360150000000000	6.72129842045959
0.360200000000000	-13.3451727156425
0.360250000000000	29.3140760193621
0.360300000000000	18.5848867869661
0.360350000000000	56.2322246660669
0.360400000000000	42.2052585308268
0.360450000000000	23.3243098757931
0.360500000000000	56.7575846352574
0.360550000000000	-14.2746048382092
0.360600000000000	129.025125254953
0.360650000000000	71.6824540372305
0.360700000000000	9.32392843967521
0.360750000000000	47.8111807059165
0.360800000000000	-38.0314386532193
0.360850000000000	60.1333139101981
0.360900000000000	35.0708979848547
0.360950000000000	21.9447285758292
0.361000000000000	38.5237654746516
0.361050000000000	17.0461582320097
0.361100000000000	-6.95516086649048
0.361150000000000	39.1607667705563
0.361200000000000	-19.6596151433834
0.361250000000000	48.3873297034653
0.361300000000000	35.4222940161254
0.361350000000000	32.9602153246883
0.361400000000000	20.0564699145597
0.361450000000000	-39.3623809064090
0.361500000000000	-4.90178090446555
0.361550000000000	72.4606958156048
0.361600000000000	-11.0082155575375
0.361650000000000	15.2199437405388
0.361700000000000	-22.8477479631895
0.361750000000000	-12.1436973986781
0.361800000000000	13.4543943810025
0.361850000000000	-16.4985507649261
0.361900000000000	28.5760012339637
0.361950000000000	66.7805764814258
0.362000000000000	41.6442284793876
0.362050000000000	12.8995784486854
0.362100000000000	-14.6564943471887
0.362150000000000	-48.3619894373072
0.362200000000000	-10.5517863189711
0.362250000000000	9.70385733378398
0.362300000000000	-32.4078796336214
0.362350000000000	37.2757045132921
0.362400000000000	20.3725405394945
0.362450000000000	-6.66688540334548
0.362500000000000	-22.2374427335672
0.362550000000000	62.7529066936336
0.362600000000000	59.6542162339404
0.362650000000000	-33.8991582617146
0.362700000000000	-4.17717381556951
0.362750000000000	-12.9760776329183
0.362800000000000	39.7724513836844
0.362850000000000	-16.7163342800960
0.362900000000000	-29.7604197925813
0.362950000000000	18.9451475665986
0.363000000000000	4.76680344328274
0.363050000000000	18.6203651514697
0.363100000000000	23.0608467007341
0.363150000000000	-86.3210116450338
0.363200000000000	24.4950104026069
0.363250000000000	6.81331907220258
0.363300000000000	64.4833557570301
0.363350000000000	-4.22082425766684
0.363400000000000	-4.06953075933336
0.363450000000000	17.8536370826178
0.363500000000000	25.2640358577467
0.363550000000000	1.98839428690410
0.363600000000000	-23.8886543201690
0.363650000000000	49.8466625750304
0.363700000000000	42.9989643440291
0.363750000000000	1.86742696940354
0.363800000000000	-15.8283749290377
0.363850000000000	24.3853387015729
0.363900000000000	47.8310451639833
0.363950000000000	4.34199322393947
0.364000000000000	41.9770097461646
0.364050000000000	33.4645909552632
0.364100000000000	-3.96820939356540
0.364150000000000	19.0617222530216
0.364200000000000	27.8660339086141
0.364250000000000	57.3188814687428
0.364300000000000	22.3981985687020
0.364350000000000	16.7112083664818
0.364400000000000	31.8941468667850
0.364450000000000	40.7077629807921
0.364500000000000	50.4308359534128
0.364550000000000	69.2303081734574
0.364600000000000	20.6972037446697
0.364650000000000	30.7298563979366
0.364700000000000	72.9613156035916
0.364750000000000	56.3236947595845
0.364800000000000	36.2082527830960
0.364850000000000	-7.84804816999224
0.364900000000000	44.0862310276418
0.364950000000000	82.2124205156137
0.365000000000000	51.5331963166084
0.365050000000000	27.0451048890515
0.365100000000000	-12.0033887353435
0.365150000000000	64.5893825833301
0.365200000000000	-0.136505051056481
0.365250000000000	51.8632411090836
0.365300000000000	37.5549872777769
0.365350000000000	33.8298238522097
0.365400000000000	-14.9168463061161
0.365450000000000	-16.7858160606116
0.365500000000000	-2.60222671784649
0.365550000000000	59.5034581474112
0.365600000000000	49.7031779819931
0.365650000000000	-14.9465061146282
0.365700000000000	-5.55508924734873
0.365750000000000	-0.587326673847961
0.365800000000000	25.2552350953491
0.365850000000000	-26.6315989164824
0.365900000000000	39.5620454231108
0.365950000000000	9.57306761108370
0.366000000000000	-20.2253046260885
0.366050000000000	-39.2189027667268
0.366100000000000	-20.6802840622629
0.366150000000000	-20.0254233044560
0.366200000000000	2.67482355203960
0.366250000000000	21.0403864719046
0.366300000000000	-69.1264665261987
0.366350000000000	-4.48032185364600
0.366400000000000	-6.58893402245777
0.366450000000000	31.2260152248853
0.366500000000000	5.80774717928750
0.366550000000000	22.4055179479524
0.366600000000000	-39.3162536374392
0.366650000000000	-20.8167706581225
0.366700000000000	32.9210049022093
0.366750000000000	24.5878690212763
0.366800000000000	20.7851513334960
0.366850000000000	48.5515778497455
0.366900000000000	15.2449086144160
0.366950000000000	-43.4467963995972
0.367000000000000	-4.72838594426358
0.367050000000000	-15.0553220081649
0.367100000000000	80.1199082791007
0.367150000000000	9.72669784893598
0.367200000000000	19.5616693293378
0.367250000000000	20.4400497961787
0.367300000000000	-1.26345153553955
0.367350000000000	-22.6844046166594
0.367400000000000	32.1123781837102
0.367450000000000	0.518262180038628
0.367500000000000	-42.8570548197056
0.367550000000000	-43.0334193875190
0.367600000000000	19.6264513505736
0.367650000000000	-18.1255354840999
0.367700000000000	-1.72438863513432
0.367750000000000	13.8901285094382
0.367800000000000	79.7134559515682
0.367850000000000	-7.38930440731111
0.367900000000000	2.85997113708192
0.367950000000000	59.5717270227948
0.368000000000000	6.44354940005787
0.368050000000000	55.5870346539279
0.368100000000000	66.1760371505036
0.368150000000000	42.6547462087345
0.368200000000000	40.6857046314612
0.368250000000000	73.0767758581399
0.368300000000000	47.9277288185217
0.368350000000000	52.0037711563060
0.368400000000000	-0.881513463959870
0.368450000000000	-5.30963811325560
0.368500000000000	-16.2166056437962
0.368550000000000	31.7895776876521
0.368600000000000	-9.29769781770396
0.368650000000000	7.84279639879290
0.368700000000000	49.4106546126647
0.368750000000000	89.9324914951163
0.368800000000000	36.4514566264089
0.368850000000000	20.5092433227853
0.368900000000000	0.0102138044286804
0.368950000000000	94.5083957386890
0.369000000000000	24.2271108983176
0.369050000000000	59.6353994166422
0.369100000000000	-4.79654671933374
0.369150000000000	52.4936094321426
0.369200000000000	55.0495945445859
0.369250000000000	44.9694096094056
0.369300000000000	23.4909046837717
0.369350000000000	-74.8853254194296
0.369400000000000	7.72276823486708
0.369450000000000	-0.456617065122849
0.369500000000000	2.51539769307551
0.369550000000000	37.4726026486842
0.369600000000000	54.0375804429859
0.369650000000000	-11.0204121162260
0.369700000000000	36.7499990201266
0.369750000000000	7.92377845433269
0.369800000000000	3.83395128690379
0.369850000000000	-46.1696570045925
0.369900000000000	1.90315003069023
0.369950000000000	-18.8282169231414
0.370000000000000	1.83833333153550
0.370050000000000	49.1874751117104
0.370100000000000	70.3027591871619
0.370150000000000	-18.1392330202370
0.370200000000000	-18.8561327185829
0.370250000000000	-43.3540773832233
0.370300000000000	-67.9184776034465
0.370350000000000	30.1884672011329
0.370400000000000	-34.4029269781842
0.370450000000000	3.06022537591248
0.370500000000000	19.6623486618272
0.370550000000000	34.2131401894157
0.370600000000000	14.1253737712705
0.370650000000000	23.9189787621404
0.370700000000000	-47.0283693551162
0.370750000000000	-32.8593602695359
0.370800000000000	-0.674950784854961
0.370850000000000	-3.59125540204601
0.370900000000000	31.6624824816545
0.370950000000000	29.8569705466196
0.371000000000000	50.9891583030113
0.371050000000000	19.7318302045385
0.371100000000000	-27.1156155361262
0.371150000000000	27.2962693935840
0.371200000000000	14.0865916752215
0.371250000000000	-44.8013747303064
0.371300000000000	-17.7667568371906
0.371350000000000	39.8065844923054
0.371400000000000	34.4921785395236
0.371450000000000	-75.1389143286393
0.371500000000000	-1.03919379988157
0.371550000000000	17.5059650646751
0.371600000000000	20.3254001059944
0.371650000000000	-48.7297166385392
0.371700000000000	-34.2829271259820
0.371750000000000	58.1373073520878
0.371800000000000	-17.7447275099054
0.371850000000000	35.0579064567996
0.371900000000000	34.3861015297360
0.371950000000000	72.7753333597695
0.372000000000000	11.3312593333532
0.372050000000000	20.3255740176556
0.372100000000000	-2.62916409859642
0.372150000000000	68.5862547104105
0.372200000000000	-19.8987453789802
0.372250000000000	21.2446159293119
0.372300000000000	75.0841577867748
0.372350000000000	49.0941825832145
0.372400000000000	45.6867338029996
0.372450000000000	42.6814395107869
0.372500000000000	-13.9552807248429
0.372550000000000	72.8834416172463
0.372600000000000	29.5391077590304
0.372650000000000	64.2667951011579
0.372700000000000	119.741242825014
0.372750000000000	18.5189063326406
0.372800000000000	48.0792083507641
0.372850000000000	27.7839124088122
0.372900000000000	-9.50353885170443
0.372950000000000	78.2466299241934
0.373000000000000	-2.20922251131801
0.373050000000000	66.2493207738252
0.373100000000000	35.5524899149484
0.373150000000000	60.1758982081833
0.373200000000000	8.53884851263585
0.373250000000000	-2.88824786889486
0.373300000000000	85.5803428798642
0.373350000000000	-32.9832881273423
0.373400000000000	4.98298520370913
0.373450000000000	34.0128344149577
0.373500000000000	35.0143810852498
0.373550000000000	-0.141942177959903
0.373600000000000	32.6765459963674
0.373650000000000	20.7582386338443
0.373700000000000	82.5212294288684
0.373750000000000	48.9025960980303
0.373800000000000	50.3213726754850
0.373850000000000	16.8603367918981
0.373900000000000	-0.0448061745098407
0.373950000000000	20.5732795676544
0.374000000000000	3.18591037380604
0.374050000000000	-32.0297685114702
0.374100000000000	4.96733470285466
0.374150000000000	-5.73734442831808
0.374200000000000	18.4761106157997
0.374250000000000	2.40424228672956
0.374300000000000	15.6008495289752
0.374350000000000	11.5237995171089
0.374400000000000	-6.06971548040619
0.374450000000000	21.5959848999421
0.374500000000000	21.1837618635197
0.374550000000000	18.3643364445308
0.374600000000000	-45.6009955278715
0.374650000000000	-8.32787209796133
0.374700000000000	13.6271629355508
0.374750000000000	-16.8202063141519
0.374800000000000	-75.9385651978635
0.374850000000000	19.1738089035753
0.374900000000000	-22.7140486327572
0.374950000000000	9.79667432520356
0.375000000000000	20.7242073837145
0.375050000000000	54.5673458941036
0.375100000000000	-9.60008458480599
0.375150000000000	43.8353780155129
0.375200000000000	-2.98331540894760
0.375250000000000	22.4576498739376
0.375300000000000	-34.0333452216384
0.375350000000000	-8.53099524094051
0.375400000000000	44.8525905718804
0.375450000000000	-26.6802520903207
0.375500000000000	35.3680395786624
0.375550000000000	-8.05310826137168
0.375600000000000	29.9083198651732
0.375650000000000	-52.4401021771396
0.375700000000000	4.70689168977283
0.375750000000000	15.8723416754084
0.375800000000000	6.86727634624424
0.375850000000000	52.3003867406607
0.375900000000000	10.0593790413514
0.375950000000000	59.8648841713428
0.376000000000000	116.519379223671
0.376050000000000	19.5304693722733
0.376100000000000	48.0618130843914
0.376150000000000	3.98223274945143
0.376200000000000	40.3410660848838
0.376250000000000	61.3309927356299
0.376300000000000	7.23616554452916
0.376350000000000	22.4965025744558
0.376400000000000	11.4292093640441
0.376450000000000	29.1639986488077
0.376500000000000	7.65906128382969
0.376550000000000	28.9023218194653
0.376600000000000	69.7489768148589
0.376650000000000	49.1272502105343
0.376700000000000	-16.5314581248857
0.376750000000000	16.0235476689327
0.376800000000000	19.4532051971120
0.376850000000000	55.8357841336660
0.376900000000000	18.2062318237364
0.376950000000000	1.70124370596277
0.377000000000000	-27.2480710587399
0.377050000000000	25.3328296812900
0.377100000000000	62.9470234078519
0.377150000000000	31.1723582025800
0.377200000000000	22.3633169967089
0.377250000000000	16.2876850829818
0.377300000000000	2.60757637175391
0.377350000000000	59.4446021042987
0.377400000000000	32.2188227216211
0.377450000000000	16.9112693310828
0.377500000000000	10.9873775679619
0.377550000000000	-1.61125994086562
0.377600000000000	20.0215726512047
0.377650000000000	-1.04367104775702
0.377700000000000	24.4255261394997
0.377750000000000	-31.0243556857617
0.377800000000000	-17.9185359419979
0.377850000000000	-20.3235697118786
0.377900000000000	-68.7863045806140
0.377950000000000	-24.8911351238162
0.378000000000000	-20.3138939598697
0.378050000000000	20.8272332390515
0.378100000000000	34.7992033418428
0.378150000000000	-10.8681474282079
0.378200000000000	31.7373194973829
0.378250000000000	-10.5637009531568
0.378300000000000	-15.2434878035131
0.378350000000000	33.4206478652833
0.378400000000000	-3.81374662773395
0.378450000000000	3.16873757987101
0.378500000000000	-33.6800080056449
0.378550000000000	81.7093553545698
0.378600000000000	24.4494463149460
0.378650000000000	-1.28254829452398
0.378700000000000	-29.7745236172157
0.378750000000000	-12.8060182655360
0.378800000000000	8.27555741597445
0.378850000000000	-61.4141720165419
0.378900000000000	13.3602458161071
0.378950000000000	32.2765644472980
0.379000000000000	-9.63611623928433
0.379050000000000	-14.9057500276104
0.379100000000000	-39.6637798663131
0.379150000000000	71.5518217789635
0.379200000000000	61.9376188519795
0.379250000000000	21.2130757058657
0.379300000000000	17.9175800596320
0.379350000000000	14.0787740535236
0.379400000000000	36.1397947309444
0.379450000000000	29.4125831622264
0.379500000000000	-11.4676304239045
0.379550000000000	-13.0321786319190
0.379600000000000	10.3277062338934
0.379650000000000	-0.656801565906463
0.379700000000000	44.5952721160354
0.379750000000000	-46.3902173535643
0.379800000000000	62.1205020021192
0.379850000000000	49.0117516815207
0.379900000000000	48.7936130399214
0.379950000000000	37.9900518057367
0.380000000000000	24.9443376253061
0.380050000000000	20.2429692176646
0.380100000000000	73.4889663608214
0.380150000000000	47.0127780950302
0.380200000000000	14.4683305229786
0.380250000000000	56.0292942150087
0.380300000000000	-35.3798320670566
0.380350000000000	-10.4933739923606
0.380400000000000	70.8168697266825
0.380450000000000	75.6872089653711
0.380500000000000	68.8167350887833
0.380550000000000	12.1040730944611
0.380600000000000	5.19478482654523
0.380650000000000	12.7567900473381
0.380700000000000	22.4679732366601
0.380750000000000	23.0396630998001
0.380800000000000	53.4959283868268
0.380850000000000	24.4855592864327
0.380900000000000	39.3604692052131
0.380950000000000	81.0134858114052
0.381000000000000	-7.33279542958604
0.381050000000000	36.4410112784792
0.381100000000000	26.0879720704537
0.381150000000000	41.7593431340080
0.381200000000000	12.9335694652905
0.381250000000000	24.7906191121108
0.381300000000000	23.6043170117422
0.381350000000000	50.5632651082491
0.381400000000000	60.3831810666672
0.381450000000000	11.2417561985136
0.381500000000000	58.5480778913999
0.381550000000000	63.5485224124591
0.381600000000000	-6.14426961693988
0.381650000000000	56.6525966873522
0.381700000000000	-1.29022747743409
0.381750000000000	63.5995390226024
0.381800000000000	11.1510813383489
0.381850000000000	31.7936961481166
0.381900000000000	-27.3067689424458
0.381950000000000	13.2945107733609
0.382000000000000	15.1492808725213
0.382050000000000	30.8419636865886
0.382100000000000	62.5393756205896
0.382150000000000	31.7664953277954
0.382200000000000	-16.1294324484576
0.382250000000000	19.4997940965762
0.382300000000000	-47.0432037791787
0.382350000000000	-22.6809521599574
0.382400000000000	0.689828032621630
0.382450000000000	-39.3765541769316
0.382500000000000	4.87704264843373
0.382550000000000	-17.8394364726008
0.382600000000000	-59.9823232375942
0.382650000000000	-40.6821972715618
0.382700000000000	14.8379593069689
0.382750000000000	-31.8840623959869
0.382800000000000	-24.3730019505523
0.382850000000000	56.0792597114058
0.382900000000000	7.58946375597686
0.382950000000000	6.52267874627043
0.383000000000000	34.5734086961981
0.383050000000000	-30.1002002967402
0.383100000000000	29.7182670739192
0.383150000000000	-9.78353626208654
0.383200000000000	-0.0569126382915961
0.383250000000000	-19.2905373926006
0.383300000000000	18.8596715427472
0.383350000000000	38.1678584021909
0.383400000000000	1.10047961056814
0.383450000000000	3.67896510336947
0.383500000000000	23.2897268022612
0.383550000000000	-36.4278289320964
0.383600000000000	54.0083648723905
0.383650000000000	31.6499332023659
0.383700000000000	-33.3161203757593
0.383750000000000	24.9303536249364
0.383800000000000	7.04595361444861
0.383850000000000	12.7797610559351
0.383900000000000	47.7331937816559
0.383950000000000	59.3118426440244
0.384000000000000	20.8457681450676
0.384050000000000	56.4808815668653
0.384100000000000	40.8578812410501
0.384150000000000	40.9835865520271
0.384200000000000	80.9888751161828
0.384250000000000	45.9227882213190
0.384300000000000	14.4325976794749
0.384350000000000	17.4623344501692
0.384400000000000	55.6563727623632
0.384450000000000	42.5372273997546
0.384500000000000	30.5285730502732
0.384550000000000	50.9612824609109
0.384600000000000	14.2139540293383
0.384650000000000	2.02455090630819
0.384700000000000	26.3232040715918
0.384750000000000	34.2056069025049
0.384800000000000	-68.7776391800028
0.384850000000000	66.9822695383985
0.384900000000000	7.90143474523052
0.384950000000000	-4.74081646281126
0.385000000000000	41.1102155528401
0.385050000000000	-57.1735622208319
0.385100000000000	30.8485177942921
0.385150000000000	62.4419440444844
0.385200000000000	-4.20188923020272
0.385250000000000	26.3789288489851
0.385300000000000	41.1756699072215
0.385350000000000	40.2750109835301
0.385400000000000	-12.9516257718897
0.385450000000000	0.652872978206981
0.385500000000000	-1.67990607912118
0.385550000000000	-14.8711229221093
0.385600000000000	39.4211462488600
0.385650000000000	-4.27384576012933
0.385700000000000	45.5368707464194
0.385750000000000	-45.1361556327557
0.385800000000000	76.2359084635738
0.385850000000000	35.1112089201164
0.385900000000000	5.30972109980020
0.385950000000000	-31.9839441404841
0.386000000000000	16.9282600942976
0.386050000000000	-5.59328926177178
0.386100000000000	-68.0679407811913
0.386150000000000	10.1474182230141
0.386200000000000	-31.2435480648033
0.386250000000000	55.1552302714451
0.386300000000000	-32.7223185378560
0.386350000000000	2.83577904966439
0.386400000000000	-41.8213798997698
0.386450000000000	-23.8823399327268
0.386500000000000	16.5724451409356
0.386550000000000	-19.2024412541129
0.386600000000000	12.3294813230832
0.386650000000000	4.74744152445180
0.386700000000000	-4.99441028028842
0.386750000000000	16.0192062387835
0.386800000000000	9.56746034653881
0.386850000000000	17.8521625565069
0.386900000000000	52.8626980020580
0.386950000000000	7.10941412149544
0.387000000000000	-4.19974146367401
0.387050000000000	-9.86327401966916
0.387100000000000	-23.3305898454386
0.387150000000000	29.8640056107857
0.387200000000000	2.67286718259114
0.387250000000000	8.65175678858016
0.387300000000000	-59.9444775324434
0.387350000000000	-39.1129230525965
0.387400000000000	42.0821039768335
0.387450000000000	-5.12016063753325
0.387500000000000	-18.0072702600029
0.387550000000000	-3.22451242975763
0.387600000000000	-27.8220524339579
0.387650000000000	59.7684086984311
0.387700000000000	17.5337031371357
0.387750000000000	38.9065514314337
0.387800000000000	-4.40897251309321
0.387850000000000	43.1146134222730
0.387900000000000	7.92858174032815
0.387950000000000	12.4021517162023
0.388000000000000	80.9829218755853
0.388050000000000	22.8423956972501
0.388100000000000	-7.86959442245317
0.388150000000000	41.3301815106048
0.388200000000000	28.5936435593540
0.388250000000000	23.9153438356414
0.388300000000000	36.1263327124574
0.388350000000000	78.3339915681537
0.388400000000000	14.7595355245608
0.388450000000000	44.5298847524533
0.388500000000000	1.99398859029550
0.388550000000000	120.686250457422
0.388600000000000	66.6090834457228
0.388650000000000	35.0930325348820
0.388700000000000	40.7562860390405
0.388750000000000	91.9111574701778
0.388800000000000	63.7379192474264
0.388850000000000	16.1953830478789
0.388900000000000	42.1219103528095
0.388950000000000	63.1125566128138
0.389000000000000	35.7460724890177
0.389050000000000	47.2123271829140
0.389100000000000	38.1652527663821
0.389150000000000	-48.7724283745911
0.389200000000000	-7.23013837020373
0.389250000000000	-6.99107393819215
0.389300000000000	60.5007310348374
0.389350000000000	14.1166734655923
0.389400000000000	16.5742253000279
0.389450000000000	36.4678984480365
0.389500000000000	0.643081802333335
0.389550000000000	31.7079625378321
0.389600000000000	-40.8213100114891
0.389650000000000	-47.2421093432142
0.389700000000000	-47.9867729051924
0.389750000000000	7.77786720026399
0.389800000000000	34.3833052596668
0.389850000000000	36.7116428182761
0.389900000000000	37.0921548068524
0.389950000000000	19.3427937777249
0.390000000000000	-63.2365971848602
0.390050000000000	1.81132939163250
0.390100000000000	17.5989893957113
0.390150000000000	-18.3687378934211
0.390200000000000	-7.16127541713411
0.390250000000000	26.4727411456545
0.390300000000000	-17.9120269911520
0.390350000000000	10.6895019130668
0.390400000000000	-17.4849460178100
0.390450000000000	-9.04109917991795
0.390500000000000	-68.4006933400347
0.390550000000000	58.3392289749678
0.390600000000000	33.5596113241423
0.390650000000000	6.00813135335588
0.390700000000000	42.3127847605680
0.390750000000000	34.3610581064372
0.390800000000000	-2.10042232061219
0.390850000000000	22.3813967081897
0.390900000000000	7.28290575143618
0.390950000000000	-12.7081647124225
0.391000000000000	0.727931554214617
0.391050000000000	-19.7279341604349
0.391100000000000	-28.6315263384986
0.391150000000000	7.59229906696826
0.391200000000000	50.6269557011100
0.391250000000000	24.0251377549070
0.391300000000000	24.8954702860439
0.391350000000000	27.4748687778749
0.391400000000000	41.8542574555132
0.391450000000000	52.6076187877799
0.391500000000000	1.84244980507034
0.391550000000000	1.62168131822376
0.391600000000000	-23.7923976408985
0.391650000000000	22.1088404310797
0.391700000000000	36.6883943274867
0.391750000000000	60.9441912132351
0.391800000000000	32.7871640928097
0.391850000000000	1.08560342166373
0.391900000000000	33.6318264310481
0.391950000000000	-41.6572701009462
0.392000000000000	38.0686032074637
0.392050000000000	70.3673781147758
0.392100000000000	21.6695558506371
0.392150000000000	86.7396920004797
0.392200000000000	31.0243666495492
0.392250000000000	37.3804163106514
0.392300000000000	93.6459235794471
0.392350000000000	-8.95776345655434
0.392400000000000	47.8716212998456
0.392450000000000	27.3499929144557
0.392500000000000	-12.0265084160041
0.392550000000000	37.1302815945056
0.392600000000000	3.33386136539596
0.392650000000000	65.3619174705605
0.392700000000000	20.5591871728636
0.392750000000000	14.2792576067117
0.392800000000000	-8.69410716941517
0.392850000000000	88.7412324976554
0.392900000000000	39.1180789771269
0.392950000000000	55.4478960592939
0.393000000000000	25.4231784319945
0.393050000000000	73.3540740124204
0.393100000000000	57.2722276093815
0.393150000000000	30.5365029437259
0.393200000000000	45.3367214929627
0.393250000000000	-8.55788226084795
0.393300000000000	96.1394508345182
0.393350000000000	61.7716325087124
0.393400000000000	11.9443404208532
0.393450000000000	22.9470499787454
0.393500000000000	-32.0442516727483
0.393550000000000	55.4370375686575
0.393600000000000	62.9228282184585
0.393650000000000	2.50146147008710
0.393700000000000	-30.6208209196093
0.393750000000000	-1.33907297026560
0.393800000000000	36.2296511335461
0.393850000000000	13.3085761619747
0.393900000000000	-17.2441264912142
0.393950000000000	2.30371410236540
0.394000000000000	-10.3934861371960
0.394050000000000	-3.26381220783236
0.394100000000000	-20.0062231881544
0.394150000000000	54.4549204967244
0.394200000000000	-45.2605827595653
0.394250000000000	5.43905954151277
0.394300000000000	-12.5918347651979
0.394350000000000	11.6347728616674
0.394400000000000	-5.39350726400312
0.394450000000000	29.8393756685395
0.394500000000000	-24.3232570603648
0.394550000000000	26.7820482538308
0.394600000000000	-27.3327274801689
0.394650000000000	-49.6055594253430
0.394700000000000	-27.2496807441449
0.394750000000000	57.8892001425219
0.394800000000000	-53.7155796650798
0.394850000000000	26.4638487361231
0.394900000000000	33.8476576621132
0.394950000000000	1.63404327997651
0.395000000000000	-22.8842032309180
0.395050000000000	-55.7805418201813
0.395100000000000	1.38826669610284
0.395150000000000	-28.6797898513226
0.395200000000000	8.67469863577667
0.395250000000000	7.17832864600469
0.395300000000000	-18.9817331420597
0.395350000000000	-11.2298085814551
0.395400000000000	7.13669333195481
0.395450000000000	2.55261870268940
0.395500000000000	44.5617564602032
0.395550000000000	5.15431066336442
0.395600000000000	1.31138890534922
0.395650000000000	39.1302905610737
0.395700000000000	-52.2284811904776
0.395750000000000	-27.8581396222007
0.395800000000000	18.5521570658524
0.395850000000000	-6.04260720688952
0.395900000000000	7.57732967301790
0.395950000000000	50.6157475952978
0.396000000000000	31.9477655814488
0.396050000000000	75.1020011215033
0.396100000000000	40.9073712936779
0.396150000000000	95.0126316179645
0.396200000000000	14.7509973642191
0.396250000000000	-9.48445845638798
0.396300000000000	10.8984448015795
0.396350000000000	15.0495009204998
0.396400000000000	34.1512737403535
0.396450000000000	85.1506541196979
0.396500000000000	63.7917440148929
0.396550000000000	-7.52943333966761
0.396600000000000	55.1752704091259
0.396650000000000	36.9588386455701
0.396700000000000	16.7295983576609
0.396750000000000	31.9383712565543
0.396800000000000	29.0779562414637
0.396850000000000	-2.68662864225837
0.396900000000000	36.2002870874775
0.396950000000000	-4.76809717205329
0.397000000000000	-15.7825411519229
0.397050000000000	-0.937310320577051
0.397100000000000	43.3931084063762
0.397150000000000	20.4818267053040
0.397200000000000	43.9975197907195
0.397250000000000	13.3041649848018
0.397300000000000	-27.7854414620600
0.397350000000000	38.9066423159282
0.397400000000000	-52.6454860367846
0.397450000000000	31.8003356310087
0.397500000000000	40.2883962289842
0.397550000000000	15.5632236433421
0.397600000000000	7.73977399446930
0.397650000000000	64.1145744283252
0.397700000000000	28.5522854585294
0.397750000000000	44.4097648564666
0.397800000000000	23.5633042205408
0.397850000000000	-22.0168924793953
0.397900000000000	13.0005101815605
0.397950000000000	62.2559207149076
0.398000000000000	80.7466897845044
0.398050000000000	34.5113719784935
0.398100000000000	24.4522717967504
0.398150000000000	71.7829758207812
0.398200000000000	22.4315855506131
0.398250000000000	-52.2268386446943
0.398300000000000	12.1905391370377
0.398350000000000	42.9916887099937
0.398400000000000	-6.32203410597364
0.398450000000000	-64.6050514717833
0.398500000000000	-12.0755507493842
0.398550000000000	30.9855414124217
0.398600000000000	-15.0515134224198
0.398650000000000	62.2926419687437
0.398700000000000	-55.2240667490456
0.398750000000000	-63.4411797274084
0.398800000000000	2.79975832628295
0.398850000000000	-29.0812771650648
0.398900000000000	-64.4595638914741
0.398950000000000	-38.7042823340756
0.399000000000000	-42.5093743243278
0.399050000000000	-19.1408435089429
0.399100000000000	20.8897139519554
0.399150000000000	-13.9200123454283
0.399200000000000	-62.9027920049054
0.399250000000000	-22.1358610580716
0.399300000000000	35.2995966168292
0.399350000000000	-26.7762018480094
0.399400000000000	-65.4755370079816
0.399450000000000	40.9621546225478
0.399500000000000	-20.1716851259790
0.399550000000000	-11.9569645800695
0.399600000000000	11.9747498138432
0.399650000000000	38.3772589641102
0.399700000000000	4.63737171158468
0.399750000000000	-37.4129646462561
0.399800000000000	80.9255909266054
0.399850000000000	22.4883447574417
0.399900000000000	24.8573240575265
0.399950000000000	-5.07200314927184
0.400000000000000	15.8432864573095
0.400050000000000	12.2660799909234
0.400100000000000	25.1250621749169
0.400150000000000	30.2321225070707
0.400200000000000	4.16825518966910
0.400250000000000	25.3741856014269
0.400300000000000	12.8245001431765
0.400350000000000	43.5847961500883
0.400400000000000	60.2470927598155
0.400450000000000	16.1164171958404
0.400500000000000	73.7454437120780
0.400550000000000	38.6761930540821
0.400600000000000	13.4359102148276
0.400650000000000	35.4674233143151
0.400700000000000	-21.0774676616151
0.400750000000000	-3.15001683039811
0.400800000000000	-10.8870843763701
0.400850000000000	85.9029494889713
0.400900000000000	16.2304949400675
0.400950000000000	4.39914839625023
0.401000000000000	34.7744907531579
0.401050000000000	-12.4924587615194
0.401100000000000	26.4187265419229
0.401150000000000	78.3191907129135
0.401200000000000	36.7416291795685
0.401250000000000	38.1844513053794
0.401300000000000	-33.5300626878940
0.401350000000000	90.7929382292796
0.401400000000000	-8.27591927644802
0.401450000000000	-0.320765230547719
0.401500000000000	28.0095778124287
0.401550000000000	-5.96122339573562
0.401600000000000	55.8409216469529
0.401650000000000	57.1622622107297
0.401700000000000	21.8819757548636
0.401750000000000	71.0299177351841
0.401800000000000	31.3236770138587
0.401850000000000	25.0568380620123
0.401900000000000	53.9016702083564
0.401950000000000	-3.38536910627217
0.402000000000000	-33.4982522652111
0.402050000000000	38.7560361691098
0.402100000000000	34.3005945867792
0.402150000000000	-28.2142942171385
0.402200000000000	27.5421586817979
0.402250000000000	9.74777694724537
0.402300000000000	23.7083883695370
0.402350000000000	47.6529138391755
0.402400000000000	20.1212548067995
0.402450000000000	13.6749640477328
0.402500000000000	-37.8107946270221
0.402550000000000	-45.5021627216087
0.402600000000000	12.0149385806252
0.402650000000000	5.06358444081507
0.402700000000000	17.7149839725313
0.402750000000000	-21.2276173157659
0.402800000000000	27.6181730428765
0.402850000000000	-63.4122905147892
0.402900000000000	42.9600137861818
0.402950000000000	-26.6156758575969
0.403000000000000	-22.8482463090600
0.403050000000000	8.95952496624447
0.403100000000000	26.2090287888327
0.403150000000000	24.5659814521286
0.403200000000000	-24.3133058846975
0.403250000000000	-0.515567972020623
0.403300000000000	44.5676493883591
0.403350000000000	50.9229988228347
0.403400000000000	0.209507888223762
0.403450000000000	-53.0704139500357
0.403500000000000	4.44098531260934
0.403550000000000	13.8669089840104
0.403600000000000	61.5537682423274
0.403650000000000	-4.45781957201203
0.403700000000000	42.3309775466879
0.403750000000000	7.05818909951983
0.403800000000000	-4.32904403951918
0.403850000000000	62.4118387655298
0.403900000000000	51.6620229528723
0.403950000000000	-8.11668797606669
0.404000000000000	12.7711370694374
0.404050000000000	46.5476589110729
0.404100000000000	30.3254870004048
0.404150000000000	42.7745283449882
0.404200000000000	24.7836817280148
0.404250000000000	27.1793726992871
0.404300000000000	-9.60011954735170
0.404350000000000	79.3845869180547
0.404400000000000	85.2401179267468
0.404450000000000	49.3185154999748
0.404500000000000	46.2944747333412
0.404550000000000	2.68394325409781
0.404600000000000	19.8410170974352
0.404650000000000	89.7836884444308
0.404700000000000	4.40617264632684
0.404750000000000	72.4955229530651
0.404800000000000	14.4460911459397
0.404850000000000	20.6042125129086
0.404900000000000	38.3120028805909
0.404950000000000	-1.07858670878507
0.405000000000000	14.4006560989830
0.405050000000000	-14.1792042659861
0.405100000000000	28.2309388694891
0.405150000000000	17.9415853361019
0.405200000000000	-39.0646517232632
0.405250000000000	29.5517924160860
0.405300000000000	18.9886274058113
0.405350000000000	-13.6323527910994
0.405400000000000	52.7561566355693
0.405450000000000	20.2479990991312
0.405500000000000	-11.6082685345342
0.405550000000000	7.43923209929927
0.405600000000000	11.0092465184188
0.405650000000000	-9.02691140259266
0.405700000000000	12.0591737602527
0.405750000000000	-10.0418420746829
0.405800000000000	44.3509206578064
0.405850000000000	120.114436946571
0.405900000000000	5.98364431648480
0.405950000000000	-47.5870976456684
0.406000000000000	0.0781173841405298
0.406050000000000	-60.5282523185270
0.406100000000000	16.1336109223935
0.406150000000000	-25.7580456237758
0.406200000000000	-6.75012079651044
0.406250000000000	-2.98375750401562
0.406300000000000	71.7898002200503
0.406350000000000	11.9753239137644
0.406400000000000	-56.8340688478729
0.406450000000000	-34.2928297263242
0.406500000000000	32.2357666190485
0.406550000000000	17.9191588015785
0.406600000000000	18.0367200814269
0.406650000000000	-59.6018151424254
0.406700000000000	-12.0482260537029
0.406750000000000	-15.8706727694075
0.406800000000000	5.38219697984834
0.406850000000000	2.91275483545278
0.406900000000000	9.26475188478818
0.406950000000000	-40.8994421627686
0.407000000000000	-60.0160438947115
0.407050000000000	-39.6601880064096
0.407100000000000	5.29085007153074
0.407150000000000	-1.10142516189043
0.407200000000000	31.2983876293143
0.407250000000000	-16.4064053737470
0.407300000000000	-16.8751880859107
0.407350000000000	-73.8802324730642
0.407400000000000	45.1393726713575
0.407450000000000	48.0224403965643
0.407500000000000	63.3038124796783
0.407550000000000	51.5086569839608
0.407600000000000	22.3799861663184
0.407650000000000	50.9700075536121
0.407700000000000	41.4847387978617
0.407750000000000	3.79428144378766
0.407800000000000	16.5870723661146
0.407850000000000	-7.14101397119415
0.407900000000000	34.1445023508483
0.407950000000000	37.0999173708194
0.408000000000000	35.5920120244936
0.408050000000000	99.7884719712648
0.408100000000000	44.3179146613687
0.408150000000000	17.3805700902916
0.408200000000000	11.9765808137669
0.408250000000000	4.00280104506226
0.408300000000000	6.85526448303934
0.408350000000000	15.5796396483601
0.408400000000000	59.0299306407018
0.408450000000000	38.5841075624056
0.408500000000000	39.5819433928314
0.408550000000000	87.5103596870152
0.408600000000000	74.2916303577272
0.408650000000000	-0.312221641635709
0.408700000000000	-11.4910841816422
0.408750000000000	32.5091751532173
0.408800000000000	79.0562048186873
0.408850000000000	47.4994897088828
0.408900000000000	28.3819299614316
0.408950000000000	73.0012201419700
0.409000000000000	39.4717149151633
0.409050000000000	32.5917395369297
0.409100000000000	52.7579618586325
0.409150000000000	4.26210372281677
0.409200000000000	4.41900951436443
0.409250000000000	49.0723298217054
0.409300000000000	-19.4566187518022
0.409350000000000	36.6831146657738
0.409400000000000	-20.0408783664777
0.409450000000000	4.40581441090533
0.409500000000000	-10.8846307066769
0.409550000000000	55.4077294823615
0.409600000000000	91.7324601887820
0.409650000000000	40.0182812444558
0.409700000000000	-29.6120773986372
0.409750000000000	22.0682554327850
0.409800000000000	67.2963538868643
0.409850000000000	-47.2285880981312
0.409900000000000	20.6831155275573
0.409950000000000	4.44294801352437
0.410000000000000	-0.177379708777508
0.410050000000000	-23.4710869181558
0.410100000000000	21.4917968752991
0.410150000000000	28.7529019626888
0.410200000000000	11.5545114142957
0.410250000000000	1.89411885348630
0.410300000000000	-27.4732213334311
0.410350000000000	-47.7876429267482
0.410400000000000	-19.3825943370400
0.410450000000000	-25.1714491199764
0.410500000000000	45.1019641509498
0.410550000000000	-11.4850100101133
0.410600000000000	-66.1440716268766
0.410650000000000	9.84424428927588
0.410700000000000	11.2524686756832
0.410750000000000	41.3159244973397
0.410800000000000	-39.7198550295069
0.410850000000000	62.4920463080573
0.410900000000000	18.7630293929553
0.410950000000000	-62.7467578895743
0.411000000000000	3.87613185053892
0.411050000000000	41.9620662321605
0.411100000000000	-13.1710700653969
0.411150000000000	48.9999918859154
0.411200000000000	14.0309888380324
0.411250000000000	17.3435286917079
0.411300000000000	35.2302331754963
0.411350000000000	29.7487981857342
0.411400000000000	20.0812457437829
0.411450000000000	-9.11647714496537
0.411500000000000	-21.5414543755965
0.411550000000000	45.1669039482739
0.411600000000000	-38.7590388090172
0.411650000000000	2.50470621613685
0.411700000000000	-34.0832062276444
0.411750000000000	-28.6645707887307
0.411800000000000	-0.318440140781178
0.411850000000000	27.9493059718729
0.411900000000000	22.3902741934914
0.411950000000000	20.0909307367814
0.412000000000000	-17.3431446457365
0.412050000000000	-38.3438036082026
0.412100000000000	-13.0077424777335
0.412150000000000	-16.3917646296930
0.412200000000000	-7.12840785866020
0.412250000000000	47.9458992359860
0.412300000000000	39.0244932695772
0.412350000000000	29.6485468790048
0.412400000000000	27.2580841777347
0.412450000000000	30.3513115450330
0.412500000000000	60.0409272315945
0.412550000000000	51.7014128243020
0.412600000000000	32.4948158469884
0.412650000000000	27.2386289137777
0.412700000000000	25.4884269004719
0.412750000000000	38.7453160819534
0.412800000000000	17.2452584552125
0.412850000000000	41.7565275599266
0.412900000000000	35.3297898242652
0.412950000000000	26.6521638477915
0.413000000000000	27.6523576112434
0.413050000000000	20.7193412269990
0.413100000000000	34.6449206400077
0.413150000000000	35.4169160743740
0.413200000000000	-14.5480993524134
0.413250000000000	45.8257347805828
0.413300000000000	-32.0235708861597
0.413350000000000	-7.85157153253891
0.413400000000000	45.2461728220692
0.413450000000000	5.39715255008505
0.413500000000000	1.90481280880740
0.413550000000000	-18.0020369670780
0.413600000000000	-1.99779096495942
0.413650000000000	46.7150252588438
0.413700000000000	56.1923422267655
0.413750000000000	-7.85803777571586
0.413800000000000	0.134518444504920
0.413850000000000	0.563320763636479
0.413900000000000	-14.0235613675793
0.413950000000000	-64.6955855735576
0.414000000000000	70.1319199103215
0.414050000000000	-20.6368052776270
0.414100000000000	-13.3847574984960
0.414150000000000	11.1585483400642
0.414200000000000	-17.6354396373288
0.414250000000000	-10.4131631556789
0.414300000000000	-7.62628838629216
0.414350000000000	26.8511178878306
0.414400000000000	-16.9135822105929
0.414450000000000	-10.1408861436830
0.414500000000000	-5.78968126579990
0.414550000000000	-31.4336982688014
0.414600000000000	-15.3362465100653
0.414650000000000	14.3018648978304
0.414700000000000	49.5748447388304
0.414750000000000	-23.3256324116696
0.414800000000000	12.0287406968819
0.414850000000000	16.7216878032979
0.414900000000000	49.8495845152007
0.414950000000000	-12.1136765633600
0.415000000000000	8.43151364144885
0.415050000000000	-3.76712328326457
0.415100000000000	3.45581723918865
0.415150000000000	-31.4433476489241
0.415200000000000	11.4131759411184
0.415250000000000	14.4821097604778
0.415300000000000	19.9378929317975
0.415350000000000	9.65173004450818
0.415400000000000	-44.9992765067169
0.415450000000000	28.5801263579985
0.415500000000000	66.5528402656179
0.415550000000000	26.8184991516719
0.415600000000000	17.0658513345804
0.415650000000000	1.05872604838121
0.415700000000000	56.2280088412037
0.415750000000000	-0.512556614472114
0.415800000000000	5.60654116072474
0.415850000000000	42.9471150384422
0.415900000000000	39.7831861000668
0.415950000000000	-8.88350167842883
0.416000000000000	49.9767766198273
0.416050000000000	107.829883828391
0.416100000000000	42.9904089073077
0.416150000000000	-29.6983666977158
0.416200000000000	20.5161334090555
0.416250000000000	45.1774835294119
0.416300000000000	90.6538081806988
0.416350000000000	67.8359099931435
0.416400000000000	47.9189518616098
0.416450000000000	53.2437983877638
0.416500000000000	67.5074276917752
0.416550000000000	37.1529193633616
0.416600000000000	48.6521479439968
0.416650000000000	62.1791052656012
0.416700000000000	51.5587105967916
0.416750000000000	58.4875257442237
0.416800000000000	44.6329505024942
0.416850000000000	30.7521229516637
0.416900000000000	76.2063841190961
0.416950000000000	29.3967820267391
0.417000000000000	73.6547828238007
0.417050000000000	22.7706040410951
0.417100000000000	19.8271812183109
0.417150000000000	-40.6189487825036
0.417200000000000	62.6145027238998
0.417250000000000	28.3903414465073
0.417300000000000	62.3703382296332
0.417350000000000	17.4367714260718
0.417400000000000	6.49735246536497
0.417450000000000	33.6530366651667
0.417500000000000	21.9841606937244
0.417550000000000	31.3746721815831
0.417600000000000	149.905379947070
0.417650000000000	18.0791749421131
0.417700000000000	4.30836446767104
0.417750000000000	22.5019002387500
0.417800000000000	42.1333011837230
0.417850000000000	3.11891795118655
0.417900000000000	-15.0979374209092
0.417950000000000	4.33758377774486
0.418000000000000	5.55887400376703
0.418050000000000	20.2544301045636
0.418100000000000	35.1435508670821
0.418150000000000	9.23196543799932
0.418200000000000	-21.7548188297207
0.418250000000000	29.3201637560750
0.418300000000000	13.1270451566598
0.418350000000000	-11.6615865798942
0.418400000000000	9.74076332935318
0.418450000000000	-48.2908121000807
0.418500000000000	-49.3224954984237
0.418550000000000	14.1498078536856
0.418600000000000	30.9419944122584
0.418650000000000	-16.8540364055769
0.418700000000000	-37.7143283764678
0.418750000000000	13.3738502926680
0.418800000000000	3.88994538755941
0.418850000000000	-26.8533526512719
0.418900000000000	20.1151415783665
0.418950000000000	8.36649605496888
0.419000000000000	-31.4774342261495
0.419050000000000	-9.36344066098151
0.419100000000000	-24.0070847106628
0.419150000000000	16.1909187383760
0.419200000000000	30.6686028029180
0.419250000000000	12.9937880418864
0.419300000000000	-13.0873746919990
0.419350000000000	22.8625317947931
0.419400000000000	28.9097759132985
0.419450000000000	-3.15158937739932
0.419500000000000	39.6106849591110
0.419550000000000	-5.34204306082807
0.419600000000000	13.5119206414603
0.419650000000000	11.5124887052904
0.419700000000000	48.8553623735642
0.419750000000000	-32.9809722762550
0.419800000000000	24.1436052554338
0.419850000000000	31.7606878058747
0.419900000000000	37.3415932661832
0.419950000000000	35.7281717231381
0.420000000000000	0.313719614343194
0.420050000000000	-3.79422382997691
0.420100000000000	-8.40576999144278
0.420150000000000	29.8541648711781
0.420200000000000	-0.647670107432244
0.420250000000000	16.6996443450703
0.420300000000000	72.3000634580873
0.420350000000000	-24.2062425917446
0.420400000000000	34.2724982341147
0.420450000000000	27.0176498225688
0.420500000000000	46.9466225160528
0.420550000000000	19.1589336733406
0.420600000000000	57.4626360254306
0.420650000000000	18.4063851265385
0.420700000000000	53.4356545776578
0.420750000000000	-0.447674126867305
0.420800000000000	31.1898371236047
0.420850000000000	-9.57162471730922
0.420900000000000	41.8260769783705
0.420950000000000	7.53067557515147
0.421000000000000	88.8435313948164
0.421050000000000	21.1985989194653
0.421100000000000	40.1874808212717
0.421150000000000	10.2612108868591
0.421200000000000	66.6148239031128
0.421250000000000	-2.79413569817959
0.421300000000000	79.9165695182750
0.421350000000000	4.93572234784880
0.421400000000000	-7.58613103856321
0.421450000000000	9.03802225799650
0.421500000000000	-11.7590759843080
0.421550000000000	-27.5029813941387
0.421600000000000	-11.4379832971219
0.421650000000000	34.0610248186555
0.421700000000000	18.2027432987667
0.421750000000000	15.2905632769524
0.421800000000000	-4.72011564244388
0.421850000000000	41.2424143622432
0.421900000000000	10.0109782794377
0.421950000000000	43.8431746762364
0.422000000000000	18.9516831219278
0.422050000000000	-34.4920286257674
0.422100000000000	-20.5705391950873
0.422150000000000	-45.2905384499706
0.422200000000000	29.5359811030312
0.422250000000000	-14.0965172777123
0.422300000000000	-30.5407912383852
0.422350000000000	-23.4813202202762
0.422400000000000	15.2465006501214
0.422450000000000	-27.1164174660725
0.422500000000000	8.42061711035127
0.422550000000000	-6.04936376468000
0.422600000000000	-2.14536682144534
0.422650000000000	15.8363780712957
0.422700000000000	-44.0682982728684
0.422750000000000	-16.0472545187578
0.422800000000000	29.3771308168828
0.422850000000000	-1.39589378339285
0.422900000000000	10.4789898343441
0.422950000000000	4.05972119936300
0.423000000000000	-20.7170608283622
0.423050000000000	2.67317976810935
0.423100000000000	-10.8156773037217
0.423150000000000	-21.8439555936071
0.423200000000000	22.9777131615676
0.423250000000000	-46.4642770319218
0.423300000000000	19.3498347801497
0.423350000000000	34.5099653136174
0.423400000000000	30.5433643231362
0.423450000000000	24.2397757655249
0.423500000000000	-12.9716293742303
0.423550000000000	-10.9429356177041
0.423600000000000	-15.7014213911524
0.423650000000000	-9.70487266784084
0.423700000000000	31.8303498521021
0.423750000000000	11.5615614406725
0.423800000000000	-2.54889676540401
0.423850000000000	23.7731517263493
0.423900000000000	30.6393876253148
0.423950000000000	23.7426997604513
0.424000000000000	3.55083448010633
0.424050000000000	-13.1662537161928
0.424100000000000	16.3809046918186
0.424150000000000	27.3723081609392
0.424200000000000	50.5059589245558
0.424250000000000	25.4113572696040
0.424300000000000	46.1515281350368
0.424350000000000	19.1748899758322
0.424400000000000	80.9231288419657
0.424450000000000	41.0906146615321
0.424500000000000	26.3422521041623
0.424550000000000	-25.0119658964033
0.424600000000000	82.3201588292896
0.424650000000000	52.8592110679475
0.424700000000000	69.1856270125358
0.424750000000000	29.8547830428060
0.424800000000000	38.2372602889664
0.424850000000000	29.2917066101613
0.424900000000000	4.70819367714455
0.424950000000000	34.9195305133007
0.425000000000000	10.4024330462061
0.425050000000000	40.7430988953749
0.425100000000000	-65.3509898287821
0.425150000000000	6.36422502764248
0.425200000000000	-26.6051359027401
0.425250000000000	-21.0664803526658
0.425300000000000	7.82586878559593
0.425350000000000	32.3345970911271
0.425400000000000	9.70032446139537
0.425450000000000	-22.6340770544189
0.425500000000000	59.5232127244395
0.425550000000000	-12.0649950494592
0.425600000000000	-13.3098383685096
0.425650000000000	23.1589405598165
0.425700000000000	84.6134681261218
0.425750000000000	36.6356851406913
0.425800000000000	47.3864426548127
0.425850000000000	22.3206100204123
0.425900000000000	5.58639232698506
0.425950000000000	16.2253493346682
0.426000000000000	1.71518635114125
0.426050000000000	-12.3625469212539
0.426100000000000	3.67863769042051
0.426150000000000	37.2848484107291
0.426200000000000	-7.91009678668024
0.426250000000000	9.53605162224016
0.426300000000000	4.79946010133757
0.426350000000000	-27.8304573545811
0.426400000000000	28.3699205372850
0.426450000000000	-29.4346365598324
0.426500000000000	31.9832983722168
0.426550000000000	1.62582885692384
0.426600000000000	-27.1120862121880
0.426650000000000	-9.02475777903873
0.426700000000000	-47.2351542923452
0.426750000000000	16.8348056065719
0.426800000000000	-60.6610664154764
0.426850000000000	-34.6039678717216
0.426900000000000	-29.4037216034539
0.426950000000000	-1.84847576646024
0.427000000000000	31.5436074996363
0.427050000000000	40.1973320947797
0.427100000000000	39.8431618401827
0.427150000000000	-21.4643399061993
0.427200000000000	-20.5568675930937
0.427250000000000	49.8867946742127
0.427300000000000	4.64110288532323
0.427350000000000	30.1631990964010
0.427400000000000	-20.1723684105347
0.427450000000000	53.5226123691266
0.427500000000000	1.32620836631706
0.427550000000000	-3.79609578602748
0.427600000000000	-54.1331239801124
0.427650000000000	-42.1857307835999
0.427700000000000	30.1961962641666
0.427750000000000	41.9306505975393
0.427800000000000	54.0034222507001
0.427850000000000	38.7397834758096
0.427900000000000	47.8235381621380
0.427950000000000	23.2541527087103
0.428000000000000	22.4020659917552
0.428050000000000	18.0101876650384
0.428100000000000	4.84452530120133
0.428150000000000	39.1849531872645
0.428200000000000	-15.4443785606237
0.428250000000000	108.235674006208
0.428300000000000	4.64674790947149
0.428350000000000	70.1030723929768
0.428400000000000	4.60097995317173
0.428450000000000	10.1484249896346
0.428500000000000	22.7710558498884
0.428550000000000	33.3361176087986
0.428600000000000	49.5684217527168
0.428650000000000	-1.78640279331036
0.428700000000000	55.1499826649084
0.428750000000000	17.7848499133016
0.428800000000000	58.9055929653326
0.428850000000000	56.6972949849661
0.428900000000000	21.0192748771580
0.428950000000000	42.8571906830041
0.429000000000000	28.7626235966884
0.429050000000000	37.9123214875787
0.429100000000000	-59.8319390150162
0.429150000000000	47.3975224079425
0.429200000000000	42.3584777815360
0.429250000000000	3.15576510600591
0.429300000000000	29.5225461947335
0.429350000000000	14.1600305761197
0.429400000000000	45.0824483457379
0.429450000000000	43.9831268560114
0.429500000000000	67.7771896291988
0.429550000000000	-23.5965734937193
0.429600000000000	25.2562527413839
0.429650000000000	13.9653858565756
0.429700000000000	13.5635059693834
0.429750000000000	6.54220413278209
0.429800000000000	10.7409860620281
0.429850000000000	24.7645146182297
0.429900000000000	-10.2133481676270
0.429950000000000	9.42336767486150
0.430000000000000	16.1501970349295
0.430050000000000	-14.0285187490150
0.430100000000000	-29.6579535501376
0.430150000000000	-6.71429045389343
0.430200000000000	42.3577303995862
0.430250000000000	-77.0444968957879
0.430300000000000	-3.34067963077100
0.430350000000000	-43.1089302075291
0.430400000000000	-13.3074266581752
0.430450000000000	61.4697897026670
0.430500000000000	4.43700037756551
0.430550000000000	31.1436750355077
0.430600000000000	57.0388869090624
0.430650000000000	6.96227466413738
0.430700000000000	-78.5074155873628
0.430750000000000	26.4426070184006
0.430800000000000	21.5281028893277
0.430850000000000	50.9052486414982
0.430900000000000	-24.9832717247247
0.430950000000000	-65.3796007862313
0.431000000000000	-42.2300695825697
0.431050000000000	-16.0516497990750
0.431100000000000	34.6939884193193
0.431150000000000	-42.1701985850218
0.431200000000000	-72.8364182243807
0.431250000000000	39.1122752048525
0.431300000000000	43.2201953446065
0.431350000000000	59.4065506098146
0.431400000000000	22.4477188892160
0.431450000000000	-3.41942052194412
0.431500000000000	40.0492618688302
0.431550000000000	12.1622809367844
0.431600000000000	-20.5395874514368
0.431650000000000	55.4535548444836
0.431700000000000	36.8008770465200
0.431750000000000	47.0710778839629
0.431800000000000	-35.1711170406390
0.431850000000000	-9.47544130083665
0.431900000000000	19.4233747065174
0.431950000000000	-13.5501497509128
0.432000000000000	47.6441627223475
0.432050000000000	10.0668177204820
0.432100000000000	74.4290725510635
0.432150000000000	72.7416641649666
0.432200000000000	43.2728440725130
0.432250000000000	7.80294379666951
0.432300000000000	64.1551658940624
0.432350000000000	41.0685637927926
0.432400000000000	40.1719843419720
0.432450000000000	70.4842233588286
0.432500000000000	11.7646640326189
0.432550000000000	69.6218811033977
0.432600000000000	29.8203189333975
0.432650000000000	50.3075764224805
0.432700000000000	-1.17852358768652
0.432750000000000	65.0707288126887
0.432800000000000	61.5052454829515
0.432850000000000	77.4392062873436
0.432900000000000	52.7918801882685
0.432950000000000	24.3382879705987
0.433000000000000	68.4280025359804
0.433050000000000	37.4944482652063
0.433100000000000	87.5852208732279
0.433150000000000	-15.5488748629984
0.433200000000000	21.5683908354587
0.433250000000000	31.7180440564675
0.433300000000000	-11.8465102330817
0.433350000000000	53.6630626706970
0.433400000000000	62.7596095544815
0.433450000000000	16.9409289079829
0.433500000000000	19.5325412232551
0.433550000000000	15.2559719469247
0.433600000000000	-29.8882233364144
0.433650000000000	42.8877593141314
0.433700000000000	41.2946288619996
0.433750000000000	7.75292372614221
0.433800000000000	56.0372430656226
0.433850000000000	-17.6071578578463
0.433900000000000	-5.17115502599980
0.433950000000000	47.2853856604101
0.434000000000000	-8.58546881828548
0.434050000000000	48.1008486435082
0.434100000000000	-28.4075859136816
0.434150000000000	-26.6846414239539
0.434200000000000	33.6955325200448
0.434250000000000	66.2705301759306
0.434300000000000	27.4924078052382
0.434350000000000	13.3550847253985
0.434400000000000	10.7728023002738
0.434450000000000	-50.0152183566000
0.434500000000000	-46.2656347991541
0.434550000000000	-20.1165850549364
0.434600000000000	-92.2790792613133
0.434650000000000	3.09977066077621
0.434700000000000	9.51703706307895
0.434750000000000	8.54964183289048
0.434800000000000	-8.01542579594952
0.434850000000000	42.4395369973971
0.434900000000000	-28.7755770265886
0.434950000000000	24.5489405129409
0.435000000000000	-3.20185442985861
0.435050000000000	-11.6177888535747
0.435100000000000	-18.9232564038901
0.435150000000000	-78.3655138519714
0.435200000000000	1.16258509470791
0.435250000000000	1.33766610032459
0.435300000000000	-26.2319481984967
0.435350000000000	-28.0856164058708
0.435400000000000	32.0080778413765
0.435450000000000	-25.6644220268682
0.435500000000000	32.9696149965124
0.435550000000000	20.7209786883230
0.435600000000000	41.3778222254267
0.435650000000000	-7.23309309041977
0.435700000000000	9.10708757446248
0.435750000000000	51.0915123052008
0.435800000000000	-4.93639763874464
0.435850000000000	-4.53367064692344
0.435900000000000	41.6462462770240
0.435950000000000	-32.3078440198391
0.436000000000000	-16.2764634677744
0.436050000000000	43.3766002269451
0.436100000000000	31.3041397782736
0.436150000000000	68.7527642390284
0.436200000000000	87.3091974911576
0.436250000000000	23.3080621455011
0.436300000000000	19.7849483263384
0.436350000000000	86.0662693753250
0.436400000000000	64.7193329677411
0.436450000000000	56.9539506989029
0.436500000000000	41.4078842289287
0.436550000000000	77.2735392770190
0.436600000000000	20.0423432539352
0.436650000000000	52.9481509669221
0.436700000000000	48.1819929539475
0.436750000000000	11.2126309420382
0.436800000000000	46.1617072181792
0.436850000000000	67.7449407206056
0.436900000000000	42.2673788037864
0.436950000000000	29.0240322063848
0.437000000000000	63.7626856273670
0.437050000000000	62.1796742739184
0.437100000000000	16.5741902663038
0.437150000000000	-5.44273767952593
0.437200000000000	-25.4187030814474
0.437250000000000	25.9638694033733
0.437300000000000	48.7371586161695
0.437350000000000	30.2215727501575
0.437400000000000	21.4531835773751
0.437450000000000	23.1147885667733
0.437500000000000	38.1327416101188
0.437550000000000	41.3751900942854
0.437600000000000	16.2317538922215
0.437650000000000	-35.2322013843766
0.437700000000000	-0.290168132299320
0.437750000000000	54.4907779272785
0.437800000000000	-12.8776462166685
0.437850000000000	-20.8181695246027
0.437900000000000	-78.0872927172391
0.437950000000000	13.1114914036869
0.438000000000000	48.1894036959946
0.438050000000000	-31.2910873929053
0.438100000000000	23.5319318246635
0.438150000000000	0.704587777657109
0.438200000000000	-45.1418364677392
0.438250000000000	-19.8284847830288
0.438300000000000	-14.5712071086658
0.438350000000000	40.6441734053404
0.438400000000000	-9.23397510352601
0.438450000000000	63.7511976088648
0.438500000000000	2.57693109564805
0.438550000000000	-72.6587636924904
0.438600000000000	11.1618498199226
0.438650000000000	34.0184989693635
0.438700000000000	27.5070646236822
0.438750000000000	-8.91021205875221
0.438800000000000	7.97144824471180
0.438850000000000	-20.1860737419019
0.438900000000000	-4.68734741040220
0.438950000000000	-43.2018298702403
0.439000000000000	30.6906652397394
0.439050000000000	10.8639722394894
0.439100000000000	-40.0078595930944
0.439150000000000	-43.7500380705176
0.439200000000000	12.7023189939790
0.439250000000000	26.3481087725109
0.439300000000000	18.8908854704392
0.439350000000000	29.5317415651099
0.439400000000000	13.7502913922529
0.439450000000000	-23.8053413538203
0.439500000000000	36.1498470504532
0.439550000000000	-13.1158287954623
0.439600000000000	82.5845244503859
0.439650000000000	-10.3641239921869
0.439700000000000	21.7977176058543
0.439750000000000	-29.7401779262068
0.439800000000000	52.7567938720535
0.439850000000000	50.1806695191048
0.439900000000000	72.6597796599262
0.439950000000000	-3.06117379162198
0.440000000000000	65.7801567579612
0.440050000000000	20.4040797007106
0.440100000000000	59.6481623769577
0.440150000000000	31.4790519915328
0.440200000000000	56.0037177273395
0.440250000000000	56.2824058443646
0.440300000000000	45.4126374012508
0.440350000000000	24.8504195200780
0.440400000000000	61.4360968735194
0.440450000000000	44.5345915071713
0.440500000000000	31.4201737388346
0.440550000000000	46.8842365353105
0.440600000000000	58.1916309378463
0.440650000000000	69.3589846817677
0.440700000000000	36.0871149620205
0.440750000000000	5.22291488695889
0.440800000000000	58.6456277433051
0.440850000000000	88.6158319087552
0.440900000000000	-22.3253533577835
0.440950000000000	18.8417753508538
0.441000000000000	36.8530053394722
0.441050000000000	50.3460330781540
0.441100000000000	29.5874851033494
0.441150000000000	65.8312831584941
0.441200000000000	14.5593212396858
0.441250000000000	77.0035728284807
0.441300000000000	-7.64750578792817
0.441350000000000	-36.0358287870155
0.441400000000000	-22.4962826753763
0.441450000000000	79.3201973253030
0.441500000000000	55.4577409400204
0.441550000000000	-11.5414375687797
0.441600000000000	78.7371832123170
0.441650000000000	60.8010995764867
0.441700000000000	17.5537403549282
0.441750000000000	8.45789757812299
0.441800000000000	-2.18339900374851
0.441850000000000	-28.4327573770409
0.441900000000000	71.6996902619087
0.441950000000000	47.3235091595249
0.442000000000000	16.9894845994557
0.442050000000000	32.0462150887643
0.442100000000000	20.7525796604313
0.442150000000000	-19.6037526549837
0.442200000000000	-28.2545451104249
0.442250000000000	-31.8106722767235
0.442300000000000	-57.8618939427694
0.442350000000000	-30.1232491091103
0.442400000000000	19.6508314444357
0.442450000000000	-4.75589741117933
0.442500000000000	-30.2867424719353
0.442550000000000	-21.1720702063839
0.442600000000000	-16.5592021064923
0.442650000000000	-20.7855869817855
0.442700000000000	-75.7516763355901
0.442750000000000	59.5115330890577
0.442800000000000	38.5783100242744
0.442850000000000	13.0010560896428
0.442900000000000	-52.6384184283207
0.442950000000000	-21.4910283385016
0.443000000000000	-16.2446742695189
0.443050000000000	-28.4892051230638
0.443100000000000	44.6840119732531
0.443150000000000	10.1146679707419
0.443200000000000	-20.3882126606827
0.443250000000000	28.3304668049661
0.443300000000000	-7.48252980124714
0.443350000000000	64.8185556840789
0.443400000000000	58.1346769789662
0.443450000000000	3.14641415791240
0.443500000000000	15.6362976349408
0.443550000000000	-36.7709668694341
0.443600000000000	56.6131500605709
0.443650000000000	12.6864237923931
0.443700000000000	9.21397394101213
0.443750000000000	16.7140090210637
0.443800000000000	46.5149477479185
0.443850000000000	59.9557508967384
0.443900000000000	59.9371357726986
0.443950000000000	19.1375384629889
0.444000000000000	72.4365234776267
0.444050000000000	-8.11000332489518
0.444100000000000	18.9798544794421
0.444150000000000	-0.0941110366996512
0.444200000000000	61.4507944713255
0.444250000000000	37.3749011193052
0.444300000000000	61.0622972081083
0.444350000000000	92.6018923218556
0.444400000000000	-0.759745123579823
0.444450000000000	38.7078619961235
0.444500000000000	70.6800206112000
0.444550000000000	80.7361079953711
0.444600000000000	73.7061774934604
0.444650000000000	3.56412788026265
0.444700000000000	49.9650107079734
0.444750000000000	20.1951070155815
0.444800000000000	-9.96151034727914
0.444850000000000	58.5648375988612
0.444900000000000	80.5577830076337
0.444950000000000	45.7472899170415
0.445000000000000	56.0341610960076
0.445050000000000	30.1355222561133
0.445100000000000	-7.73144241241155
0.445150000000000	23.0130249710562
0.445200000000000	20.9035889224087
0.445250000000000	-0.225755754569390
0.445300000000000	27.8692397007014
0.445350000000000	-6.22567756268757
0.445400000000000	-40.5780947625926
0.445450000000000	44.0473177877325
0.445500000000000	78.7924583421704
0.445550000000000	-33.6867533987760
0.445600000000000	4.97542304299006
0.445650000000000	38.8552840474752
0.445700000000000	57.8328615843123
0.445750000000000	-9.94730266399009
0.445800000000000	53.1701414658264
0.445850000000000	-29.5286492807145
0.445900000000000	73.1011487870003
0.445950000000000	1.15978016636094
0.446000000000000	10.8622470300585
0.446050000000000	-60.1461700230317
0.446100000000000	2.02895178673576
0.446150000000000	18.1193797263722
0.446200000000000	-2.97312052045383
0.446250000000000	41.8884611009590
0.446300000000000	6.43553625119832
0.446350000000000	25.4521329905241
0.446400000000000	-24.4759016862167
0.446450000000000	46.6915678965810
0.446500000000000	-29.8081504281322
0.446550000000000	11.4374638473591
0.446600000000000	-33.1311703765781
0.446650000000000	-5.14264059086813
0.446700000000000	-93.8820216470487
0.446750000000000	17.4342341555134
0.446800000000000	22.5164870655075
0.446850000000000	-16.5647322481522
0.446900000000000	32.3044222339023
0.446950000000000	-0.799783634428355
0.447000000000000	-7.67711199766994
0.447050000000000	2.68867190430743
0.447100000000000	-33.5222993242977
0.447150000000000	-1.23753275542311
0.447200000000000	11.7673151028757
0.447250000000000	-34.7109946603658
0.447300000000000	21.9081202952612
0.447350000000000	-21.1675296785775
0.447400000000000	67.1645018977615
0.447450000000000	-15.6850685210162
0.447500000000000	14.4701151461535
0.447550000000000	-9.61447224478663
0.447600000000000	-2.01824833318817
0.447650000000000	-26.7641559099486
0.447700000000000	2.75632505618115
0.447750000000000	-38.0422647802338
0.447800000000000	50.6552226794951
0.447850000000000	54.8025087061743
0.447900000000000	-16.9283589432885
0.447950000000000	33.1928955648265
0.448000000000000	0.328062509669934
0.448050000000000	-23.0515351581896
0.448100000000000	19.3767363623088
0.448150000000000	-6.02811355456622
0.448200000000000	27.7172987477171
0.448250000000000	62.8346456620960
0.448300000000000	42.0547944135997
0.448350000000000	40.3985601890449
0.448400000000000	15.4970175645889
0.448450000000000	81.7573762920784
0.448500000000000	12.2180941420120
0.448550000000000	15.8576928951767
0.448600000000000	27.4736337422959
0.448650000000000	10.3674810022349
0.448700000000000	59.5167525609666
0.448750000000000	49.5994728618499
0.448800000000000	22.0797292820337
0.448850000000000	44.5945049057514
0.448900000000000	1.82916818274544
0.448950000000000	35.5614438146675
0.449000000000000	58.3772665141756
0.449050000000000	43.2517775185893
0.449100000000000	95.9070535721639
0.449150000000000	32.5542487172207
0.449200000000000	-29.7774718441177
0.449250000000000	34.4755655820652
0.449300000000000	-14.9569185092716
0.449350000000000	45.2700711065311
0.449400000000000	-16.8299996393136
0.449450000000000	28.6196766158417
0.449500000000000	44.0078749741008
0.449550000000000	7.59280665963920
0.449600000000000	37.3437060757812
0.449650000000000	57.2647119256153
0.449700000000000	32.2441286483718
0.449750000000000	34.9874419487344
0.449800000000000	-22.6716723641274
0.449850000000000	10.9090322644238
0.449900000000000	30.7947058845600
0.449950000000000	-29.3391989874398
0.450000000000000	-11.3952693779831
0.450050000000000	-23.5668654424409
0.450100000000000	8.23885505787825
0.450150000000000	-29.0033226872260
0.450200000000000	33.1250903739601
0.450250000000000	40.2873029743874
0.450300000000000	-14.6548003284037
0.450350000000000	30.8254311206060
0.450400000000000	-31.0893757263269
0.450450000000000	22.8323576275516
0.450500000000000	32.2815189832178
0.450550000000000	-40.0281976061432
0.450600000000000	-36.7792370082325
0.450650000000000	31.9264133699717
0.450700000000000	18.9005364455527
0.450750000000000	-8.38801077327481
0.450800000000000	-42.0521361944679
0.450850000000000	-1.03703806492614
0.450900000000000	-5.49795543777690
0.450950000000000	-39.6020110403871
0.451000000000000	40.1062123257766
0.451050000000000	-3.72322147522116
0.451100000000000	34.6533691944000
0.451150000000000	-51.7994596186021
0.451200000000000	61.1883284707183
0.451250000000000	6.22520691113637
0.451300000000000	-21.0562635109267
0.451350000000000	1.06143284892153
0.451400000000000	-28.0271380511233
0.451450000000000	56.5000620425368
0.451500000000000	14.5753586098357
0.451550000000000	-1.26578222548052
0.451600000000000	7.31213917387882
0.451650000000000	99.9081025338094
0.451700000000000	-11.2418972695217
0.451750000000000	2.70820737609890
0.451800000000000	-4.13574840179471
0.451850000000000	-19.3474597297805
0.451900000000000	53.8538790610159
0.451950000000000	35.8391198121801
0.452000000000000	-15.0318239197116
0.452050000000000	-17.7933059773982
0.452100000000000	39.7721310860521
0.452150000000000	-13.7745036919593
0.452200000000000	12.7964887915513
0.452250000000000	0.860553139765724
0.452300000000000	6.61354470047478
0.452350000000000	79.7087380669714
0.452400000000000	-23.8338606182705
0.452450000000000	54.5404719593209
0.452500000000000	53.7333912743778
0.452550000000000	-21.8258062681336
0.452600000000000	71.4520782009366
0.452650000000000	17.8155571621674
0.452700000000000	0.171661132050538
0.452750000000000	26.7965734616765
0.452800000000000	-34.6664234292951
0.452850000000000	26.8125905275047
0.452900000000000	22.7903025755916
0.452950000000000	-0.0929895795969991
0.453000000000000	55.9248637300597
0.453050000000000	32.8125638013520
0.453100000000000	17.0617072604944
0.453150000000000	40.7357874750478
0.453200000000000	-18.6784812965099
0.453250000000000	99.5104156964530
0.453300000000000	7.04819029668735
0.453350000000000	24.7333498714421
0.453400000000000	33.6522762289477
0.453450000000000	-34.0950915691176
0.453500000000000	-29.8703722429713
0.453550000000000	49.0640450798778
0.453600000000000	-16.8938620045963
0.453650000000000	36.0825227275176
0.453700000000000	15.7544772173258
0.453750000000000	0.472038965212114
0.453800000000000	33.9910290021660
0.453850000000000	31.1880233656013
0.453900000000000	-23.7340962651708
0.453950000000000	3.13346091870917
0.454000000000000	8.26090301485364
0.454050000000000	8.99546618101483
0.454100000000000	-38.1528323230930
0.454150000000000	14.7908085012503
0.454200000000000	52.0073466865865
0.454250000000000	-6.66087854242696
0.454300000000000	49.9971239014012
0.454350000000000	15.1532877964874
0.454400000000000	44.3709288219214
0.454450000000000	-1.11457642408804
0.454500000000000	57.7523418067834
0.454550000000000	4.06779337750798
0.454600000000000	-20.7204672753276
0.454650000000000	-26.0411277378057
0.454700000000000	36.3399763225669
0.454750000000000	59.7949068482097
0.454800000000000	-30.1116360786718
0.454850000000000	9.48722931553340
0.454900000000000	43.7491607466578
0.454950000000000	-58.2775917931136
0.455000000000000	4.46837687796903
0.455050000000000	-70.0053998946794
0.455100000000000	-78.7823052009525
0.455150000000000	3.21277229230995
0.455200000000000	-40.2405919601615
0.455250000000000	11.7819665016297
0.455300000000000	-18.0740266385633
0.455350000000000	-59.9460527785033
0.455400000000000	-2.15485274286187
0.455450000000000	41.6971257079581
0.455500000000000	-5.80232546113301
0.455550000000000	12.7177636480954
0.455600000000000	-21.4025690114656
0.455650000000000	-12.4890674907774
0.455700000000000	61.5499992010769
0.455750000000000	35.4137947957588
0.455800000000000	24.8605227080456
0.455850000000000	62.8581867158041
0.455900000000000	77.6792541400590
0.455950000000000	60.2338353394664
0.456000000000000	37.8028729006161
0.456050000000000	-16.7859936274664
0.456100000000000	4.48582099866996
0.456150000000000	-13.5418216882249
0.456200000000000	33.2739339790572
0.456250000000000	69.3734088181270
0.456300000000000	37.1200974045236
0.456350000000000	12.4939611716855
0.456400000000000	20.9934955087339
0.456450000000000	61.3864527131794
0.456500000000000	50.7310782967546
0.456550000000000	13.6653851240491
0.456600000000000	33.8878276250970
0.456650000000000	11.6235314061810
0.456700000000000	49.0986796307948
0.456750000000000	23.3252690621679
0.456800000000000	10.1551772084855
0.456850000000000	14.6042802750988
0.456900000000000	13.5348308996336
0.456950000000000	33.6552673462753
0.457000000000000	45.2949433887244
0.457050000000000	36.4889947033271
0.457100000000000	-10.5402856224829
0.457150000000000	-1.28513323234712
0.457200000000000	55.6875698307852
0.457250000000000	-34.1482487999632
0.457300000000000	-6.03449088566083
0.457350000000000	51.5086093864373
0.457400000000000	-19.6286453618719
0.457450000000000	26.6843291554779
0.457500000000000	112.713345736238
0.457550000000000	-3.24435585547519
0.457600000000000	23.5082978248930
0.457650000000000	2.75242083133989
0.457700000000000	8.01317353991147
0.457750000000000	-4.31007802474873
0.457800000000000	11.5835887825635
0.457850000000000	19.6355703259215
0.457900000000000	42.6338529193157
0.457950000000000	20.6555786992505
0.458000000000000	21.1251401728470
0.458050000000000	17.4854717136995
0.458100000000000	-12.9364782993420
0.458150000000000	17.2591843302817
0.458200000000000	-11.7930721441597
0.458250000000000	-31.9865584774165
0.458300000000000	-61.1413048726442
0.458350000000000	-3.14266278162673
0.458400000000000	-26.2495299188873
0.458450000000000	50.7141629205349
0.458500000000000	-4.94577419661698
0.458550000000000	-13.5531695220693
0.458600000000000	12.4628986492966
0.458650000000000	-22.6972476978443
0.458700000000000	3.07410449033679
0.458750000000000	7.32305467214362
0.458800000000000	-62.2635553817135
0.458850000000000	-72.2581684184774
0.458900000000000	47.7858596583661
0.458950000000000	4.38784802892995
0.459000000000000	51.2453884855549
0.459050000000000	80.6850515937131
0.459100000000000	20.9566993123182
0.459150000000000	2.62272397596525
0.459200000000000	3.89633589223742
0.459250000000000	38.0218204157111
0.459300000000000	48.7952346883710
0.459350000000000	3.17186474396011
0.459400000000000	-62.7391853528337
0.459450000000000	30.2687522979662
0.459500000000000	6.12271796596607
0.459550000000000	31.9160420649670
0.459600000000000	0.271048544497502
0.459650000000000	12.1619728534708
0.459700000000000	29.8064118826874
0.459750000000000	-10.6211486665128
0.459800000000000	48.8758573960309
0.459850000000000	-9.06406174082428
0.459900000000000	13.2137546336560
0.459950000000000	17.0102508051406
0.460000000000000	68.2227797097471
0.460050000000000	21.6797005794839
0.460100000000000	-26.2810311127122
0.460150000000000	17.3474693692305
0.460200000000000	-8.13781601167773
0.460250000000000	20.5529398211877
0.460300000000000	12.5328954952935
0.460350000000000	54.0333257803459
0.460400000000000	47.9643228577877
0.460450000000000	5.53885088565383
0.460500000000000	13.7119840710490
0.460550000000000	50.9451288509201
0.460600000000000	22.5584280233520
0.460650000000000	80.3620243354286
0.460700000000000	104.391402289404
0.460750000000000	62.5749401828097
0.460800000000000	34.4774129409651
0.460850000000000	48.9517864535885
0.460900000000000	21.8477223790564
0.460950000000000	57.4522147309824
0.461000000000000	29.7006508902093
0.461050000000000	20.3663166541494
0.461100000000000	54.1245789943140
0.461150000000000	26.0598292268313
0.461200000000000	23.5290204131111
0.461250000000000	2.29518604962724
0.461300000000000	7.97463574154975
0.461350000000000	48.9767828128601
0.461400000000000	-14.6711961507326
0.461450000000000	31.2495762888471
0.461500000000000	10.3868871705203
0.461550000000000	12.7980804633451
0.461600000000000	54.6498358052528
0.461650000000000	13.9114574413423
0.461700000000000	-10.1159220241182
0.461750000000000	54.8678928439041
0.461800000000000	14.4102837214759
0.461850000000000	-33.3597032308127
0.461900000000000	11.9198254438153
0.461950000000000	30.7500590348709
0.462000000000000	43.6117568612786
0.462050000000000	-3.38219600062750
0.462100000000000	-5.37200847773016
0.462150000000000	21.4145191995618
0.462200000000000	25.4590845893585
0.462250000000000	2.43767318128665
0.462300000000000	26.3194158810781
0.462350000000000	37.9112172118638
0.462400000000000	-49.4718335598867
0.462450000000000	-79.5464797020993
0.462500000000000	-52.7076788917622
0.462550000000000	-29.0053059029655
0.462600000000000	-58.0144764211584
0.462650000000000	-33.0617868023936
0.462700000000000	-37.8181147427273
0.462750000000000	23.6037804110125
0.462800000000000	25.2243138168250
0.462850000000000	-34.8572553948142
0.462900000000000	65.6606221069981
0.462950000000000	-35.3290178716318
0.463000000000000	-4.93093313043942
0.463050000000000	6.50196641664189
0.463100000000000	11.2780239445865
0.463150000000000	53.7586132362724
0.463200000000000	-2.84705038072983
0.463250000000000	73.0098679464362
0.463300000000000	-34.5651152793155
0.463350000000000	-32.6674540738868
0.463400000000000	2.24669893942803
0.463450000000000	39.5101054925009
0.463500000000000	15.0335867041406
0.463550000000000	34.5356266932245
0.463600000000000	35.1101470711959
0.463650000000000	9.28504728585141
0.463700000000000	-11.0155742597759
0.463750000000000	79.6819305694368
0.463800000000000	-4.37490896096774
0.463850000000000	40.6301023202112
0.463900000000000	69.6354685290605
0.463950000000000	35.0135664526597
0.464000000000000	22.7061521571174
0.464050000000000	12.0781247992029
0.464100000000000	-42.1508337958436
0.464150000000000	12.1685814765407
0.464200000000000	0.813150120560035
0.464250000000000	-38.6290850859134
0.464300000000000	42.5138455134404
0.464350000000000	21.3883304539912
0.464400000000000	20.8883503944941
0.464450000000000	64.8439605412799
0.464500000000000	15.7326812153290
0.464550000000000	23.7066651821170
0.464600000000000	18.1246705060594
0.464650000000000	46.8644054271179
0.464700000000000	96.0043545708397
0.464750000000000	1.38596869854107
0.464800000000000	35.0777747710646
0.464850000000000	6.89471114624544
0.464900000000000	43.7313125898477
0.464950000000000	-0.532450656744413
0.465000000000000	55.2361315045605
0.465050000000000	46.9583326188610
0.465100000000000	92.6694291926227
0.465150000000000	87.7742707771145
0.465200000000000	-8.13865196339140
0.465250000000000	87.5401565954383
0.465300000000000	-11.4108725476655
0.465350000000000	31.8382560460783
0.465400000000000	-58.8276929969287
0.465450000000000	27.6056192949564
0.465500000000000	-4.55520051005246
0.465550000000000	8.73111141924117
0.465600000000000	-44.1137622307732
0.465650000000000	-6.70932990353177
0.465700000000000	-16.0551540484704
0.465750000000000	-64.0198543951423
0.465800000000000	5.14176149689874
0.465850000000000	30.4241057480065
0.465900000000000	67.1535955715920
0.465950000000000	36.5143121083076
0.466000000000000	17.8415192658701
0.466050000000000	-0.284136370822210
0.466100000000000	-36.6933303948692
0.466150000000000	7.58794839934820
0.466200000000000	3.75864697247694
0.466250000000000	17.1244402240884
0.466300000000000	-20.6925725245740
0.466350000000000	30.8402702696154
0.466400000000000	59.1242973359214
0.466450000000000	18.3470485441948
0.466500000000000	10.7790147833883
0.466550000000000	19.8145054612884
0.466600000000000	-39.5052547034104
0.466650000000000	46.5430130967901
0.466700000000000	27.4190945525035
0.466750000000000	-2.01396753380666
0.466800000000000	-26.5880192858628
0.466850000000000	30.7346971735030
0.466900000000000	-76.1776827788086
0.466950000000000	4.72881173682896
0.467000000000000	6.96027140404584
0.467050000000000	-10.5658292461275
0.467100000000000	33.8172095812058
0.467150000000000	25.6156815049391
0.467200000000000	37.4563563612759
0.467250000000000	12.2703567034440
0.467300000000000	52.7682404677968
0.467350000000000	18.6384203786128
0.467400000000000	-19.1355488597649
0.467450000000000	-8.22801366024929
0.467500000000000	9.83681842066246
0.467550000000000	78.4834104042212
0.467600000000000	38.7082906261562
0.467650000000000	42.9819423861035
0.467700000000000	1.41903774265198
0.467750000000000	16.6617898410650
0.467800000000000	48.4865719260416
0.467850000000000	2.80766319721361
0.467900000000000	44.4088795973941
0.467950000000000	-31.5935729320800
0.468000000000000	20.4290306601414
0.468050000000000	29.9005895829555
0.468100000000000	54.7993819761004
0.468150000000000	42.8584954114887
0.468200000000000	16.3474759092779
0.468250000000000	10.2806148347075
0.468300000000000	29.0319889591264
0.468350000000000	21.4587457089336
0.468400000000000	140.924806864955
0.468450000000000	-20.8237122010474
0.468500000000000	76.1134207848403
0.468550000000000	2.17503071790576
0.468600000000000	48.7905395422029
0.468650000000000	-1.32313272487518
0.468700000000000	26.8004188429827
0.468750000000000	47.5538418945787
0.468800000000000	44.9565559443018
0.468850000000000	42.3234689312277
0.468900000000000	60.3214511549278
0.468950000000000	-31.2091787858770
0.469000000000000	39.2591958401822
0.469050000000000	-19.2429213724898
0.469100000000000	6.68643584644645
0.469150000000000	44.7014746477609
0.469200000000000	-12.5466109560644
0.469250000000000	-7.81334244730441
0.469300000000000	-41.9335524241721
0.469350000000000	-38.1198052036479
0.469400000000000	59.5562235992638
0.469450000000000	17.0172571372357
0.469500000000000	30.7837705771813
0.469550000000000	44.1915419182504
0.469600000000000	16.0002950300552
0.469650000000000	36.9738228037518
0.469700000000000	28.7044958147979
0.469750000000000	24.3296715392180
0.469800000000000	31.8104515354845
0.469850000000000	33.6813871865497
0.469900000000000	13.1068670180134
0.469950000000000	51.2844831224223
0.470000000000000	6.18542579694070
0.470050000000000	-16.6016494460050
0.470100000000000	-19.3829297327470
0.470150000000000	0.236159086040544
0.470200000000000	-7.65076354109517
0.470250000000000	4.82971296573305
0.470300000000000	-41.9749278870936
0.470350000000000	8.80863386115813
0.470400000000000	-5.43896343669443
0.470450000000000	-0.454624303310759
0.470500000000000	18.2209122477493
0.470550000000000	-50.0676193251928
0.470600000000000	-19.8517197318011
0.470650000000000	-16.4578540103960
0.470700000000000	-2.28765193241658
0.470750000000000	10.5954265507618
0.470800000000000	-6.51656101093556
0.470850000000000	11.3214323594886
0.470900000000000	-24.4233996744941
0.470950000000000	-10.9548379706423
0.471000000000000	58.8042189641959
0.471050000000000	-51.0786546467070
0.471100000000000	7.49228948025406
0.471150000000000	-9.85161210911221
0.471200000000000	2.77531229288638
0.471250000000000	21.2064918051477
0.471300000000000	-18.6200505055357
0.471350000000000	32.2209075220012
0.471400000000000	-9.35276911519716
0.471450000000000	-17.7362514482488
0.471500000000000	5.61324084687144
0.471550000000000	-46.5405088462135
0.471600000000000	11.8964902690076
0.471650000000000	-3.53220140673476
0.471700000000000	-27.4334747634925
0.471750000000000	36.1514689026988
0.471800000000000	61.7028031094844
0.471850000000000	16.2309382071411
0.471900000000000	51.3359110401636
0.471950000000000	4.99770171594031
0.472000000000000	-2.37418583299717
0.472050000000000	1.07240895415329
0.472100000000000	9.10109141464200
0.472150000000000	9.03410125435834
0.472200000000000	106.698041360045
0.472250000000000	29.6566762505262
0.472300000000000	52.1105564261575
0.472350000000000	10.4050267722541
0.472400000000000	-2.85916400420332
0.472450000000000	0.691431413789417
0.472500000000000	55.6032010527992
0.472550000000000	102.232041102872
0.472600000000000	24.4567630263977
0.472650000000000	44.9790561421570
0.472700000000000	51.2058824336713
0.472750000000000	14.1857935868801
0.472800000000000	21.4647710712623
0.472850000000000	44.0298318044100
0.472900000000000	-18.1072300406113
0.472950000000000	28.9495230307448
0.473000000000000	13.1611938220525
0.473050000000000	70.2202178887925
0.473100000000000	-0.405488627900647
0.473150000000000	20.9358222122114
0.473200000000000	15.0919797032305
0.473250000000000	45.5616515701171
0.473300000000000	58.3556691092745
0.473350000000000	-33.4651090660973
0.473400000000000	34.0927089303576
0.473450000000000	48.1518196780637
0.473500000000000	34.4192614174015
0.473550000000000	-39.7951663708382
0.473600000000000	20.6250758723271
0.473650000000000	-9.06454888562236
0.473700000000000	45.8853358460482
0.473750000000000	50.9670026294909
0.473800000000000	-53.3965430710447
0.473850000000000	-0.941853982497605
0.473900000000000	46.6033641513878
0.473950000000000	8.26377499118880
0.474000000000000	-25.1056977296267
0.474050000000000	20.8804763951931
0.474100000000000	30.1686505831814
0.474150000000000	31.1885381773977
0.474200000000000	28.1812208563126
0.474250000000000	18.3307408915526
0.474300000000000	39.3607076508870
0.474350000000000	-31.4488369865027
0.474400000000000	4.81998824524841
0.474450000000000	-0.464149457133940
0.474500000000000	40.7123351574381
0.474550000000000	14.2277738889605
0.474600000000000	0.196942471303283
0.474650000000000	54.2896866315308
0.474700000000000	19.8498450083191
0.474750000000000	14.4491139405459
0.474800000000000	41.3159229000444
0.474850000000000	44.5974011681771
0.474900000000000	-18.6334672826148
0.474950000000000	5.91346324278181
0.475000000000000	25.3839371132325
0.475050000000000	-16.1419717438482
0.475100000000000	-19.8603208891281
0.475150000000000	29.3857407358986
0.475200000000000	3.39568279617833
0.475250000000000	-3.02233584859913
0.475300000000000	38.9030855953454
0.475350000000000	-4.28969717190031
0.475400000000000	22.5312126131408
0.475450000000000	2.13137729341605
0.475500000000000	-35.5213363796014
0.475550000000000	6.06999653832047
0.475600000000000	62.1812088702186
0.475650000000000	60.7295229369254
0.475700000000000	60.5066903547080
0.475750000000000	119.737720338870
0.475800000000000	51.7800219151687
0.475850000000000	77.6019134858088
0.475900000000000	6.33911020264107
0.475950000000000	43.1211574771851
0.476000000000000	-3.97273796522285
0.476050000000000	79.9085914184096
0.476100000000000	58.7895030383482
0.476150000000000	65.8487012501393
0.476200000000000	69.4254893212060
0.476250000000000	25.8306792181799
0.476300000000000	0.284937104273098
0.476350000000000	68.3891097886140
0.476400000000000	64.8201773878091
0.476450000000000	101.127952543560
0.476500000000000	-2.82346037305314
0.476550000000000	56.2871962644088
0.476600000000000	48.4158212923714
0.476650000000000	50.3139032942838
0.476700000000000	53.7503992727123
0.476750000000000	68.0160693596984
0.476800000000000	22.2185005238298
0.476850000000000	-43.7300848719448
0.476900000000000	35.0730469025072
0.476950000000000	57.6249364912744
0.477000000000000	-3.08982542710207
0.477050000000000	109.056832414084
0.477100000000000	19.6708844639836
0.477150000000000	84.4956180585786
0.477200000000000	54.6858618568514
0.477250000000000	-41.7030890957132
0.477300000000000	19.3401617284271
0.477350000000000	-18.0748339804687
0.477400000000000	22.9926182021365
0.477450000000000	3.20791479302329
0.477500000000000	37.3210264502762
0.477550000000000	20.1577033105674
0.477600000000000	56.1859289175053
0.477650000000000	47.6063875009858
0.477700000000000	-35.3635636617197
0.477750000000000	1.29479433289453
0.477800000000000	-19.2162598457817
0.477850000000000	41.2698782407164
0.477900000000000	45.5485428075572
0.477950000000000	23.8561849872212
0.478000000000000	-32.6479526660237
0.478050000000000	-38.9796196728471
0.478100000000000	-31.1793754629156
0.478150000000000	-54.9974390267358
0.478200000000000	-11.9801691942669
0.478250000000000	-26.5078229694552
0.478300000000000	-8.95905659157344
0.478350000000000	75.0438731714780
0.478400000000000	-53.7929499533454
0.478450000000000	-23.7419387039194
0.478500000000000	-3.44578132305555
0.478550000000000	-52.5388992103709
0.478600000000000	-37.3972982222497
0.478650000000000	17.5537254853686
0.478700000000000	-0.955705816163423
0.478750000000000	-27.4643772894125
0.478800000000000	-12.7462820142510
0.478850000000000	-18.5236398200647
0.478900000000000	-17.0964750242407
0.478950000000000	-45.7110988324359
0.479000000000000	-0.634000191101297
0.479050000000000	-35.3332051905459
0.479100000000000	-39.6462155674987
0.479150000000000	-53.9092356382443
0.479200000000000	2.00400636343616
0.479250000000000	44.0317231373149
0.479300000000000	47.2144370712347
0.479350000000000	-29.7132025648929
0.479400000000000	23.0508868814016
0.479450000000000	25.2819304146069
0.479500000000000	-0.0633161816956260
0.479550000000000	-32.6656818998143
0.479600000000000	74.3626128582103
0.479650000000000	-4.92707611360319
0.479700000000000	-8.79026453953850
0.479750000000000	0.0994773628790497
0.479800000000000	-27.3372553668573
0.479850000000000	46.9314585532831
0.479900000000000	52.4715866663153
0.479950000000000	44.6248291528460
0.480000000000000	23.2313739521637
0.480050000000000	50.9329182771903
0.480100000000000	37.2908982665120
0.480150000000000	40.6089547031552
0.480200000000000	44.0196380448286
0.480250000000000	-28.4508289648219
0.480300000000000	32.0453354720433
0.480350000000000	7.81487254495421
0.480400000000000	28.1894110001849
0.480450000000000	42.9317112672502
0.480500000000000	50.6016296282829
0.480550000000000	-16.0448378904623
0.480600000000000	17.8109020396131
0.480650000000000	70.4803875051605
0.480700000000000	127.350578143773
0.480750000000000	57.1292044513225
0.480800000000000	70.9656735218989
0.480850000000000	42.4726323072020
0.480900000000000	13.8901408735388
0.480950000000000	-27.3188205998994
0.481000000000000	24.3312504752419
0.481050000000000	37.6731422701988
0.481100000000000	52.1163693110092
0.481150000000000	48.8351039636097
0.481200000000000	43.9888701095918
0.481250000000000	25.5615288948308
0.481300000000000	59.6145612703660
0.481350000000000	90.8217108284325
0.481400000000000	17.8034287641148
0.481450000000000	9.96465425395464
0.481500000000000	22.4944376403982
0.481550000000000	36.4244498538479
0.481600000000000	55.8224781837726
0.481650000000000	33.4028167347424
0.481700000000000	7.58210142185146
0.481750000000000	-9.98353984410550
0.481800000000000	-10.3135497075969
0.481850000000000	32.4929857512201
0.481900000000000	25.6749637048739
0.481950000000000	6.72609137610359
0.482000000000000	10.1696862533150
0.482050000000000	-19.9383388403977
0.482100000000000	-30.3654066017404
0.482150000000000	12.3866348980098
0.482200000000000	-16.7604765736046
0.482250000000000	-22.3595672350188
0.482300000000000	-0.946221069251720
0.482350000000000	49.3543406221329
0.482400000000000	8.83197230761804
0.482450000000000	-23.4419583221526
0.482500000000000	25.4243314835291
0.482550000000000	9.20697917272307
0.482600000000000	-17.6398416467284
0.482650000000000	-27.5811180820077
0.482700000000000	-47.4005242321729
0.482750000000000	34.0158911432030
0.482800000000000	-19.9744755498412
0.482850000000000	-34.4420059133554
0.482900000000000	-16.9697161054691
0.482950000000000	-40.0616877798924
0.483000000000000	8.88967842841758
0.483050000000000	83.4360017939830
0.483100000000000	8.90926457618779
0.483150000000000	-7.01425354781768
0.483200000000000	-44.2133747506610
0.483250000000000	4.02397441982059
0.483300000000000	-37.0357493088695
0.483350000000000	-4.55763069280020
0.483400000000000	62.7744637868595
0.483450000000000	16.0527164732052
0.483500000000000	24.0681239068537
0.483550000000000	34.1319778533204
0.483600000000000	32.4037302533317
0.483650000000000	35.6041856635238
0.483700000000000	22.5122294529514
0.483750000000000	-13.5322190800205
0.483800000000000	69.6494895201096
0.483850000000000	71.9485019520828
0.483900000000000	40.6842957927107
0.483950000000000	28.6380017448792
0.484000000000000	-6.95781496721295
0.484050000000000	46.1875985437129
0.484100000000000	-41.2588440296704
0.484150000000000	19.6541607595329
0.484200000000000	38.6403807869677
0.484250000000000	96.9897868624477
0.484300000000000	-7.79016793358380
0.484350000000000	58.6562235597418
0.484400000000000	32.9119668252650
0.484450000000000	58.5761868842243
0.484500000000000	56.2924353173073
0.484550000000000	3.99712371471887
0.484600000000000	77.2345991333289
0.484650000000000	35.7521704963922
0.484700000000000	57.3264026355472
0.484750000000000	67.7295054498193
0.484800000000000	4.08193268379596
0.484850000000000	38.6412075291457
0.484900000000000	-12.5360686949794
0.484950000000000	29.5202876723774
0.485000000000000	57.9327262764595
0.485050000000000	-14.2595476007250
0.485100000000000	43.7845496525933
0.485150000000000	63.5513283755628
0.485200000000000	17.0611973761691
0.485250000000000	-15.3024416421131
0.485300000000000	56.1858553363983
0.485350000000000	67.5804361791623
0.485400000000000	32.5773942088243
0.485450000000000	62.7604493688288
0.485500000000000	-3.03941485054910
0.485550000000000	32.6080161996057
0.485600000000000	18.9089752614485
0.485650000000000	32.1273213344862
0.485700000000000	-10.1129505914914
0.485750000000000	12.5485668790411
0.485800000000000	-34.1462408841916
0.485850000000000	-79.7723787852601
0.485900000000000	32.2323659737159
0.485950000000000	2.61263062472549
0.486000000000000	13.5911538936791
0.486050000000000	-14.3296039576060
0.486100000000000	30.5836753032299
0.486150000000000	21.7139822564587
0.486200000000000	-15.9625945453570
0.486250000000000	-13.8341705078177
0.486300000000000	5.54581889849784
0.486350000000000	-48.9425437551023
0.486400000000000	-17.1939121117285
0.486450000000000	-35.9682381782456
0.486500000000000	29.6692939863248
0.486550000000000	57.7769390815394
0.486600000000000	47.3286893638012
0.486650000000000	-47.2998649033769
0.486700000000000	1.18555023934694
0.486750000000000	17.3462844681443
0.486800000000000	-0.423367937555010
0.486850000000000	3.49342675545341
0.486900000000000	-18.4280051340450
0.486950000000000	22.6718447017845
0.487000000000000	-19.7910534623386
0.487050000000000	-38.0971484889186
0.487100000000000	-7.28175952265823
0.487150000000000	31.1028277682706
0.487200000000000	-1.73670626924354
0.487250000000000	25.9040747983803
0.487300000000000	16.8188018885103
0.487350000000000	-17.6596325821594
0.487400000000000	0.225835702677287
0.487450000000000	-35.7437319729184
0.487500000000000	78.2518154776359
0.487550000000000	-10.4129650827878
0.487600000000000	30.3023152675478
0.487650000000000	-4.84993629292540
0.487700000000000	10.5072559485812
0.487750000000000	-29.2710563222940
0.487800000000000	5.94587104362829
0.487850000000000	38.2842919446680
0.487900000000000	21.9685765484948
0.487950000000000	30.7874971076809
0.488000000000000	52.8556995811086
0.488050000000000	25.2023474234981
0.488100000000000	-1.20610193859511
0.488150000000000	20.5464025590729
0.488200000000000	59.1282826775991
0.488250000000000	62.7689071913529
0.488300000000000	56.8623442397629
0.488350000000000	20.1179846022652
0.488400000000000	-4.03616061106917
0.488450000000000	82.4541178203649
0.488500000000000	-6.23623200550801
0.488550000000000	28.1034899621180
0.488600000000000	64.3872016414853
0.488650000000000	70.2153782437416
0.488700000000000	9.09641021986841
0.488750000000000	74.6165390797523
0.488800000000000	-12.2601791778090
0.488850000000000	76.9163342612692
0.488900000000000	37.3531306869218
0.488950000000000	79.5482094672679
0.489000000000000	92.1935230514243
0.489050000000000	25.2789676624868
0.489100000000000	72.0959202649802
0.489150000000000	-48.5593368587509
0.489200000000000	52.8652574179223
0.489250000000000	45.5179006817522
0.489300000000000	20.9633517896446
0.489350000000000	60.3329041570588
0.489400000000000	59.0524086191674
0.489450000000000	-30.5239918093183
0.489500000000000	1.63160230896747
0.489550000000000	77.3745327066916
0.489600000000000	-55.5204474236165
0.489650000000000	-47.7361864223935
0.489700000000000	12.3019733800536
0.489750000000000	-36.2290030213669
0.489800000000000	-21.5779894530938
0.489850000000000	42.0071355327538
0.489900000000000	1.88564846957804
0.489950000000000	63.5742962748116
0.490000000000000	-37.1391459793527
0.490050000000000	-28.1377948508497
0.490100000000000	-45.3413873529368
0.490150000000000	14.9106323367719
0.490200000000000	3.53247702228182
0.490250000000000	20.4509435001866
0.490300000000000	21.4767041789379
0.490350000000000	-42.2376871167777
0.490400000000000	-39.2376858877962
0.490450000000000	9.58022524143226
0.490500000000000	-43.8035624879487
0.490550000000000	-2.52175103920560
0.490600000000000	-3.47564669044361
0.490650000000000	-98.1990377900679
0.490700000000000	23.4166590594543
0.490750000000000	64.4470566901875
0.490800000000000	27.2442555581044
0.490850000000000	-73.7620190053018
0.490900000000000	-28.8317583906898
0.490950000000000	-9.44193172938903
0.491000000000000	-23.6820833910829
0.491050000000000	20.2866937141413
0.491100000000000	-31.2359157053108
0.491150000000000	14.4329590382722
0.491200000000000	-15.5459296546743
0.491250000000000	-12.0712818373600
0.491300000000000	-19.1698164724085
0.491350000000000	-24.4899393600543
0.491400000000000	-7.74263550667743
0.491450000000000	20.1504702197445
0.491500000000000	37.6711739201632
0.491550000000000	31.8812545323630
0.491600000000000	8.85865487029377
0.491650000000000	-7.51777496420964
0.491700000000000	-42.3799586625324
0.491750000000000	99.0994478264598
0.491800000000000	-8.01442946243560
0.491850000000000	25.1836273409518
0.491900000000000	-22.9064829381969
0.491950000000000	73.8737203081201
0.492000000000000	80.3867565381106
0.492050000000000	53.7403146965184
0.492100000000000	32.0377432457341
0.492150000000000	28.0013677154232
0.492200000000000	33.8125147751323
0.492250000000000	-24.1371180468894
0.492300000000000	-10.4405002356440
0.492350000000000	5.41657563657775
0.492400000000000	77.8713932214380
0.492450000000000	-33.0809431197628
0.492500000000000	55.3272596053537
0.492550000000000	-21.8536817201327
0.492600000000000	64.2016895595156
0.492650000000000	52.8024870206042
0.492700000000000	91.6217828494932
0.492750000000000	-3.71372207229438
0.492800000000000	33.3924058691348
0.492850000000000	-19.0178702916268
0.492900000000000	-21.8849147854036
0.492950000000000	52.2726611976854
0.493000000000000	76.4960689695477
0.493050000000000	80.8982696667899
0.493100000000000	3.11769127387060
0.493150000000000	22.4789824065971
0.493200000000000	14.3210109145870
0.493250000000000	50.6300343841722
0.493300000000000	30.2892965648202
0.493350000000000	17.3974484488945
0.493400000000000	2.37265831738970
0.493450000000000	-12.5318289898702
0.493500000000000	-7.52426995132321
0.493550000000000	39.7042530460825
0.493600000000000	36.6321235444303
0.493650000000000	-40.9569760219309
0.493700000000000	-31.5657678747318
0.493750000000000	5.51309408918498
0.493800000000000	-38.1594095638478
0.493850000000000	-13.6863296454774
0.493900000000000	-61.7171250288381
0.493950000000000	19.2278771731268
0.494000000000000	30.7658416511505
0.494050000000000	-38.2402060253739
0.494100000000000	28.2074935769446
0.494150000000000	-29.6791177508755
0.494200000000000	4.54481399705329
0.494250000000000	79.0581977190266
0.494300000000000	-3.03632930790011
0.494350000000000	-4.70761562092371
0.494400000000000	14.7959434150439
0.494450000000000	14.5045875484586
0.494500000000000	-85.8835855930533
0.494550000000000	-8.42195771926218
0.494600000000000	-0.845365712790587
0.494650000000000	-66.4010937513474
0.494700000000000	-56.7748526035148
0.494750000000000	-40.3486112643625
0.494800000000000	-26.0742990489801
0.494850000000000	12.2585944240856
0.494900000000000	9.46893513810836
0.494950000000000	-4.00353921438805
0.495000000000000	-16.0946425931351
0.495050000000000	-11.2127183529016
0.495100000000000	-29.9322600913509
0.495150000000000	6.77464495758879
0.495200000000000	-22.3088537947191
0.495250000000000	31.9076725871019
0.495300000000000	-8.89552931575525
0.495350000000000	-11.2122358238178
0.495400000000000	5.58376993424354
0.495450000000000	-37.0427491324982
0.495500000000000	-54.6203689880949
0.495550000000000	19.2162379815818
0.495600000000000	19.9002899358688
0.495650000000000	0.366894111593034
0.495700000000000	55.9134285928406
0.495750000000000	-2.90498582519756
0.495800000000000	25.3227838618454
0.495850000000000	-50.1583765610399
0.495900000000000	33.2432367515561
0.495950000000000	52.1638739997276
0.496000000000000	-15.9960788307766
0.496050000000000	-14.2773453641948
0.496100000000000	33.1732164117431
0.496150000000000	-3.99015934419732
0.496200000000000	46.2181894232570
0.496250000000000	26.5138146408979
0.496300000000000	45.2455075941420
0.496350000000000	73.1275644467930
0.496400000000000	42.3752218591132
0.496450000000000	-2.85648991483320
0.496500000000000	-5.11838677886072
0.496550000000000	15.8101352224152
0.496600000000000	-10.6606640519848
0.496650000000000	59.0125228059809
0.496700000000000	24.1355967863656
0.496750000000000	50.8948720144314
0.496800000000000	11.2357330100534
0.496850000000000	97.9544359237046
0.496900000000000	25.1300474149845
0.496950000000000	-14.6629469347705
0.497000000000000	2.90512532948432
0.497050000000000	123.026257398069
0.497100000000000	6.76886741539671
0.497150000000000	-41.2663439772594
0.497200000000000	45.4107813988645
0.497250000000000	-21.5914715055174
0.497300000000000	29.8474013360348
0.497350000000000	18.8157131162989
0.497400000000000	27.1549165365025
0.497450000000000	38.2808327992085
0.497500000000000	-9.17999158246784
0.497550000000000	37.4546080246719
0.497600000000000	11.0650418496899
0.497650000000000	10.0747927860346
0.497700000000000	53.9198338073265
0.497750000000000	39.4949459055860
0.497800000000000	29.3775485838795
0.497850000000000	31.4675453008301
0.497900000000000	-17.6034709238418
0.497950000000000	43.1418625490589
0.498000000000000	-37.0778739636359
0.498050000000000	1.00322702358057
0.498100000000000	15.1675956974031
0.498150000000000	-46.0654953130603
0.498200000000000	-29.8510817107355
0.498250000000000	42.4542076229728
0.498300000000000	-9.06543184377480
0.498350000000000	11.1996759264556
0.498400000000000	-7.93040700130161
0.498450000000000	-16.9334474275035
0.498500000000000	-39.8745385826262
0.498550000000000	-36.4259516884019
0.498600000000000	-1.60526405776127
0.498650000000000	23.4231609899705
0.498700000000000	-15.0198261244497
0.498750000000000	-19.7898334667651
0.498800000000000	50.4234940631402
0.498850000000000	2.46564987961339
0.498900000000000	42.0929941565338
0.498950000000000	34.5617864464359
0.499000000000000	-7.46654484932710
0.499050000000000	-24.2070209309539
0.499100000000000	-29.0258566947055
0.499150000000000	0.357893273927219
0.499200000000000	27.3844306549781
0.499250000000000	64.9593016947799
0.499300000000000	22.7939283762902
0.499350000000000	15.6003600762893
0.499400000000000	35.6281623374094
0.499450000000000	20.9149890197194
0.499500000000000	40.6010007831939
0.499550000000000	-24.1261274216006
0.499600000000000	-31.0389740108103
0.499650000000000	40.9619597411468
0.499700000000000	0.142472533122888
0.499750000000000	-32.5592405883699
0.499800000000000	25.0553921574161
0.499850000000000	8.57093961295567
0.499900000000000	0.988122503309366
0.499950000000000	27.3734035348822
0.500000000000000	-6.28267938911267
0.500050000000000	-3.19056634846496
0.500100000000000	7.96852457496446
0.500150000000000	16.8016748154451
0.500200000000000	0.246347981956513
0.500250000000000	52.8276124196405
0.500300000000000	52.1811146708428
0.500350000000000	48.3534806785808
0.500400000000000	18.3284263525864
0.500450000000000	4.57405539897357
0.500500000000000	66.3645346010088
0.500550000000000	51.5903544137138
0.500600000000000	78.1710908498602
0.500650000000000	48.9209442915959
0.500700000000000	16.2289643128379
0.500750000000000	2.91505030759330
0.500800000000000	83.7353892624343
0.500850000000000	57.0587750910834
0.500900000000000	41.0783660313923
0.500950000000000	1.00377534568406
0.501000000000000	-9.02428896178731
0.501050000000000	75.8924918149450
0.501100000000000	33.8748428127951
0.501150000000000	34.5120065627090
0.501200000000000	20.6270269118134
0.501250000000000	7.36361891266682
0.501300000000000	8.74171311077034
0.501350000000000	2.55103787404542
0.501400000000000	35.0716940923220
0.501450000000000	54.4432315113351
0.501500000000000	53.3931183673941
0.501550000000000	-4.42485689300404
0.501600000000000	47.0358698101739
0.501650000000000	6.46871738273224
0.501700000000000	0.794952144829916
0.501750000000000	-10.7411560625323
0.501800000000000	43.3794732604458
0.501850000000000	-112.326035102136
0.501900000000000	-2.55042093308046
0.501950000000000	-69.3944298783549
0.502000000000000	12.8850389172977
0.502050000000000	-10.8538176587539
0.502100000000000	55.6429084963669
0.502150000000000	16.5738905514877
0.502200000000000	-8.96771080892060
0.502250000000000	-12.7338769759954
0.502300000000000	-3.43043373672387
0.502350000000000	39.5992237232654
0.502400000000000	-12.5581116007677
0.502450000000000	41.4844243444013
0.502500000000000	26.1252897967626
0.502550000000000	-7.35390709238271
0.502600000000000	-0.901744750475054
0.502650000000000	-7.49481974585765
0.502700000000000	8.48247093808331
0.502750000000000	-32.0395136991572
0.502800000000000	12.4251203474465
0.502850000000000	-44.6878802440476
0.502900000000000	8.18426520039918
0.502950000000000	-6.39519636913850
0.503000000000000	-26.5298114980537
0.503050000000000	44.1357710510872
0.503100000000000	5.07359715123390
0.503150000000000	-11.9912951885854
0.503200000000000	-68.4621409596847
0.503250000000000	27.8568446959316
0.503300000000000	-2.36236877918890
0.503350000000000	-46.1505572987704
0.503400000000000	3.92926899811297
0.503450000000000	-47.7332900569649
0.503500000000000	3.53289541903220
0.503550000000000	-4.82072933156197
0.503600000000000	20.8664040046765
0.503650000000000	61.4831187932996
0.503700000000000	34.6890344452963
0.503750000000000	0.618482875864364
0.503800000000000	-9.81926988581519
0.503850000000000	-19.9252544792149
0.503900000000000	-23.1550816914248
0.503950000000000	50.4664866134993
0.504000000000000	45.4550201158944
0.504050000000000	41.5889398362740
0.504100000000000	59.1602066942023
0.504150000000000	50.5849730259323
0.504200000000000	16.7295715050526
0.504250000000000	20.5254566306359
0.504300000000000	-0.388085921418465
0.504350000000000	47.8532330298266
0.504400000000000	3.66039050928921
0.504450000000000	48.5630536430284
0.504500000000000	71.0078091615663
0.504550000000000	-28.8222115947536
0.504600000000000	34.8060163613420
0.504650000000000	13.1368983850684
0.504700000000000	54.0701710214844
0.504750000000000	1.03993795297981
0.504800000000000	15.9772497966256
0.504850000000000	54.0341350082268
0.504900000000000	31.0808241933647
0.504950000000000	28.6612794497011
0.505000000000000	32.3247469093529
0.505050000000000	69.4200050986060
0.505100000000000	-6.85446432201771
0.505150000000000	-33.2657723555536
0.505200000000000	28.1713687240835
0.505250000000000	-35.0214646255961
0.505300000000000	87.8267093779559
0.505350000000000	37.6499220748274
0.505400000000000	-18.2488158294804
0.505450000000000	9.44432203677671
0.505500000000000	-36.1555693884533
0.505550000000000	44.2086062200079
0.505600000000000	-27.8328101258062
0.505650000000000	25.8142300402484
0.505700000000000	35.1250504773494
0.505750000000000	8.86214214052416
0.505800000000000	-63.9752891657184
0.505850000000000	47.2182510650932
0.505900000000000	-25.8820465224974
0.505950000000000	57.6361818667954
0.506000000000000	-14.7851527764315
0.506050000000000	25.0159279981734
0.506100000000000	-8.67730719210055
0.506150000000000	39.4306687034605
0.506200000000000	62.0856937905982
0.506250000000000	-2.55274972309892
0.506300000000000	-0.857583505560603
0.506350000000000	-61.2701699495236
0.506400000000000	-21.9207950100472
0.506450000000000	-29.6118273280907
0.506500000000000	-0.0151392611670822
0.506550000000000	-35.6940871996907
0.506600000000000	16.6268488213100
0.506650000000000	41.4749840018497
0.506700000000000	-71.2858194129701
0.506750000000000	-11.7727899499710
0.506800000000000	-9.22874559518886
0.506850000000000	-10.8672441201650
0.506900000000000	38.0966593537332
0.506950000000000	15.0039567783179
0.507000000000000	12.8717717677214
0.507050000000000	5.50103314006844
0.507100000000000	29.8798059041495
0.507150000000000	-49.6448247630828
0.507200000000000	24.7237326481710
0.507250000000000	14.2610141497286
0.507300000000000	62.0430486550905
0.507350000000000	-3.40680567625602
0.507400000000000	21.2187155104592
0.507450000000000	17.4474842583847
0.507500000000000	-34.0339347348145
0.507550000000000	-21.4486205149006
0.507600000000000	76.4807814765672
0.507650000000000	-11.4032764662661
0.507700000000000	34.6652220814795
0.507750000000000	-27.7820979949381
0.507800000000000	51.9787090942077
0.507850000000000	-47.8790343766473
0.507900000000000	0.652539226249107
0.507950000000000	35.5922509058466
0.508000000000000	30.3498584833972
0.508050000000000	-7.50923901811304
0.508100000000000	30.6905289501204
0.508150000000000	38.0126646869589
0.508200000000000	45.7909152444031
0.508250000000000	54.2574209015245
0.508300000000000	20.3312857712284
0.508350000000000	46.0004437251952
0.508400000000000	70.4050784214712
0.508450000000000	-34.7996922971912
0.508500000000000	25.2575939583493
0.508550000000000	89.5701866838664
0.508600000000000	13.3765173599248
0.508650000000000	1.61759007570112
0.508700000000000	14.8198777809441
0.508750000000000	3.44319347368774
0.508800000000000	54.5039539103810
0.508850000000000	69.2741944878190
0.508900000000000	0.0477226877571511
0.508950000000000	42.5486396551917
0.509000000000000	51.0531966141394
0.509050000000000	20.6258075382463
0.509100000000000	39.9303801454785
0.509150000000000	13.3522069687762
0.509200000000000	10.6507341357244
0.509250000000000	61.1303797093306
0.509300000000000	40.9355119083491
0.509350000000000	-25.5446821980934
0.509400000000000	-6.51560294537665
0.509450000000000	17.1375442890210
0.509500000000000	27.1538807511482
0.509550000000000	-16.3506369709330
0.509600000000000	-33.0403479127921
0.509650000000000	11.9945483496857
0.509700000000000	-19.1342506035366
0.509750000000000	27.4608627087512
0.509800000000000	39.9419539087500
0.509850000000000	-6.93453331094799
0.509900000000000	62.3243255032218
0.509950000000000	-21.7320305604072
0.510000000000000	-18.4867678017724
0.510050000000000	-1.43956020263835
0.510100000000000	27.1277558422379
0.510150000000000	11.9741251427362
0.510200000000000	-13.7825477616558
0.510250000000000	-36.1606204892576
0.510300000000000	-8.84471854972636
0.510350000000000	-48.3304100371230
0.510400000000000	17.0944981181902
0.510450000000000	72.8988626338753
0.510500000000000	28.9652872670471
0.510550000000000	13.0773587666517
0.510600000000000	-68.9663387712473
0.510650000000000	-27.6319037067211
0.510700000000000	-2.16309273513590
0.510750000000000	-7.83744406811117
0.510800000000000	7.42568648177802
0.510850000000000	66.2940211308655
0.510900000000000	13.9605856637535
0.510950000000000	-20.4404274775170
0.511000000000000	7.66428698920852
0.511050000000000	55.8771196850463
0.511100000000000	14.3066637089624
0.511150000000000	7.40581983260232
0.511200000000000	58.4354654281039
0.511250000000000	30.5429695135649
0.511300000000000	-11.7518253493093
0.511350000000000	57.7209771967238
0.511400000000000	66.0139704642454
0.511450000000000	24.4709421557600
0.511500000000000	-30.9034331823289
0.511550000000000	2.79229760068552
0.511600000000000	-33.4837453626537
0.511650000000000	14.2810991581961
0.511700000000000	-30.1560471289729
0.511750000000000	-7.36752693503073
0.511800000000000	11.0800754182792
0.511850000000000	25.0118009021836
0.511900000000000	30.0009573960960
0.511950000000000	45.1290239890905
0.512000000000000	31.2144510529882
0.512050000000000	-11.0724708457026
0.512100000000000	27.8938688756399
0.512150000000000	33.0964568997749
0.512200000000000	15.1985811549447
0.512250000000000	7.67028208185499
0.512300000000000	76.6835773169415
0.512350000000000	-15.0475314293694
0.512400000000000	-3.67744286138255
0.512450000000000	41.5345397964698
0.512500000000000	-17.1786606803588
0.512550000000000	20.9037413006387
0.512600000000000	83.5164859187323
0.512650000000000	-26.8423166645571
0.512700000000000	69.7652763490561
0.512750000000000	61.7873034693751
0.512800000000000	10.3645276049641
0.512850000000000	56.6362137129592
0.512900000000000	51.9333405619731
0.512950000000000	52.7643667023994
0.513000000000000	-1.20636567399074
0.513050000000000	18.9964542468438
0.513100000000000	52.2529942342121
0.513150000000000	-5.23378802610220
0.513200000000000	17.0527108051881
0.513250000000000	-1.70348563333068
0.513300000000000	-0.532368328024125
0.513350000000000	71.2391593753636
0.513400000000000	48.7702824246680
0.513450000000000	-21.4073930889115
0.513500000000000	34.4962404329039
0.513550000000000	-3.65974095598612
0.513600000000000	44.1827878141088
0.513650000000000	-8.45696019901022
0.513700000000000	-0.835789445707137
0.513750000000000	32.7141867091218
0.513800000000000	4.49180574857714
0.513850000000000	24.5934168668377
0.513900000000000	40.1893607564364
0.513950000000000	-13.7096872979470
0.514000000000000	11.9745986107248
0.514050000000000	39.0343465306095
0.514100000000000	1.62907280985052
0.514150000000000	32.2264773700366
0.514200000000000	58.3582022794326
0.514250000000000	43.1738446154945
0.514300000000000	-6.19043885796337
0.514350000000000	11.3725993310240
0.514400000000000	-69.5047294845120
0.514450000000000	29.5274921794821
0.514500000000000	-36.5155976065816
0.514550000000000	-14.6891523002228
0.514600000000000	37.6052757002895
0.514650000000000	-14.0683477430487
0.514700000000000	-32.3798060628552
0.514750000000000	-43.8278077810687
0.514800000000000	49.9196131268202
0.514850000000000	-5.66505663593104
0.514900000000000	-43.3918408458574
0.514950000000000	-35.0056344298714
0.515000000000000	9.18429334020247
0.515050000000000	63.1933438080444
0.515100000000000	32.8467109861855
0.515150000000000	-35.4760108484892
0.515200000000000	21.9378638447127
0.515250000000000	7.13013101539095
0.515300000000000	22.1883656048099
0.515350000000000	-35.3050604036513
0.515400000000000	-70.0273642881690
0.515450000000000	-32.9598994243773
0.515500000000000	-3.23611637995207
0.515550000000000	35.2986355471976
0.515600000000000	19.2065892483395
0.515650000000000	46.6917992307733
0.515700000000000	-15.3342892725990
0.515750000000000	14.1446260908405
0.515800000000000	57.7637399584257
0.515850000000000	2.37092386422720
0.515900000000000	-16.4483860648305
0.515950000000000	-23.3958620835021
0.516000000000000	2.33486515299173
0.516050000000000	45.0446731516685
0.516100000000000	70.2500148981718
0.516150000000000	85.4894541475476
0.516200000000000	24.1561159972948
0.516250000000000	61.5894820035733
0.516300000000000	48.5904180751921
0.516350000000000	20.6440252297507
0.516400000000000	39.9304287908878
0.516450000000000	0.507814829008677
0.516500000000000	58.9467176385216
0.516550000000000	58.6792114139902
0.516600000000000	6.66187608576025
0.516650000000000	29.1411015517092
0.516700000000000	17.9340690378041
0.516750000000000	0.805454861339364
0.516800000000000	10.2752699206470
0.516850000000000	82.7285199979240
0.516900000000000	57.6328602557126
0.516950000000000	48.9532302804375
0.517000000000000	62.7525091311069
0.517050000000000	1.88436474249450
0.517100000000000	-7.59729462432960
0.517150000000000	19.6358276670576
0.517200000000000	-10.4605938415682
0.517250000000000	22.8156574807604
0.517300000000000	42.4171510055151
0.517350000000000	44.1191559708816
0.517400000000000	8.81284129990409
0.517450000000000	26.7995837888355
0.517500000000000	39.1768143563357
0.517550000000000	35.9119355216831
0.517600000000000	35.3817516983522
0.517650000000000	38.3491293531455
0.517700000000000	-20.2262646544650
0.517750000000000	75.3474284815587
0.517800000000000	11.1777352694606
0.517850000000000	7.69116281801545
0.517900000000000	-16.0508920930450
0.517950000000000	-33.8793857564749
0.518000000000000	10.6466793197304
0.518050000000000	-18.0208497697952
0.518100000000000	1.36443347961954
0.518150000000000	36.0726913348407
0.518200000000000	12.9000885938022
0.518250000000000	-17.4414746092957
0.518300000000000	25.5713586783772
0.518350000000000	11.2400144561556
0.518400000000000	-69.8293921761925
0.518450000000000	54.3334384384058
0.518500000000000	-47.5710008169892
0.518550000000000	13.5047063510461
0.518600000000000	16.1388407696663
0.518650000000000	-17.7867889021006
0.518700000000000	3.49355030338946
0.518750000000000	-26.7777107983003
0.518800000000000	-13.1414671072742
0.518850000000000	23.6819119716983
0.518900000000000	-50.6313963972246
0.518950000000000	-10.9987998522739
0.519000000000000	-50.2049908710400
0.519050000000000	56.5985204558367
0.519100000000000	-2.75769398120532
0.519150000000000	-32.3838023048205
0.519200000000000	23.2105601141747
0.519250000000000	-30.0693354492158
0.519300000000000	-14.6184493405987
0.519350000000000	-11.0474647366382
0.519400000000000	18.4625675198476
0.519450000000000	8.60757502558638
0.519500000000000	51.4458579880959
0.519550000000000	-18.5651466988287
0.519600000000000	32.4336020547318
0.519650000000000	27.0914597201864
0.519700000000000	97.1453327846367
0.519750000000000	36.1757451744059
0.519800000000000	-0.856599451745321
0.519850000000000	56.1379078051039
0.519900000000000	52.4053339410727
0.519950000000000	-6.09515661256861
0.520000000000000	-56.9823335764146
0.520050000000000	0.956797888175885
0.520100000000000	30.6443397481713
0.520150000000000	-1.02591339787221
0.520200000000000	-0.161509173698743
0.520250000000000	-10.2399029235960
0.520300000000000	15.7650385607906
0.520350000000000	12.6149923478829
0.520400000000000	23.2838360619010
0.520450000000000	87.9462512549169
0.520500000000000	99.9353945526637
0.520550000000000	110.726399151433
0.520600000000000	54.3355118704323
0.520650000000000	-8.37998114614391
0.520700000000000	31.7449969194781
0.520750000000000	32.9459271212459
0.520800000000000	38.2263807247474
0.520850000000000	-0.554385873827304
0.520900000000000	82.9187838097677
0.520950000000000	34.7915389705051
0.521000000000000	26.9137159900065
0.521050000000000	51.2121276593218
0.521100000000000	12.3642402890843
0.521150000000000	4.53199343731258
0.521200000000000	20.9134221709484
0.521250000000000	26.0215102834672
0.521300000000000	2.56092475093042
0.521350000000000	7.26759427177568
0.521400000000000	-23.5701152997916
0.521450000000000	-16.2369112843023
0.521500000000000	-20.0451342869111
0.521550000000000	42.9078612359601
0.521600000000000	13.6443188222139
0.521650000000000	-52.1442205162959
0.521700000000000	3.84980892197206
0.521750000000000	37.3403723878560
0.521800000000000	25.7548602357646
0.521850000000000	61.5611981536712
0.521900000000000	-30.8303757552509
0.521950000000000	-44.1386063959176
0.522000000000000	22.5518518720387
0.522050000000000	19.7113493405509
0.522100000000000	32.8848936863477
0.522150000000000	-59.8297352547120
0.522200000000000	13.2608249288197
0.522250000000000	3.66568382531415
0.522300000000000	-14.0446743793203
0.522350000000000	14.7023647238998
0.522400000000000	17.3948691790866
0.522450000000000	-82.1468442260486
0.522500000000000	-65.9955439551104
0.522550000000000	0.968247487367446
0.522600000000000	-16.6753099874335
0.522650000000000	-23.5609130749565
0.522700000000000	-7.28617182039037
0.522750000000000	-71.3515271832564
0.522800000000000	8.48274459398935
0.522850000000000	11.8474079111231
0.522900000000000	2.85500141764643
0.522950000000000	-16.3380514313881
0.523000000000000	-8.57778542458135
0.523050000000000	-46.0895395199510
0.523100000000000	-32.7127073775957
0.523150000000000	-22.9531127881688
0.523200000000000	-31.9088186481652
0.523250000000000	-3.47514827296088
0.523300000000000	-18.1925903662374
0.523350000000000	5.18665823976477
0.523400000000000	-31.0246168817757
0.523450000000000	-35.5131493187002
0.523500000000000	13.7520692310191
0.523550000000000	42.9383037735873
0.523600000000000	17.0859013793255
0.523650000000000	15.5983759244760
0.523700000000000	3.23622602290286
0.523750000000000	39.4399369048152
0.523800000000000	56.6320259359371
0.523850000000000	49.5849816239417
0.523900000000000	35.9852349332678
0.523950000000000	8.62619864693559
0.524000000000000	-14.8282583696167
0.524050000000000	41.5643227669902
0.524100000000000	59.1192235541334
0.524150000000000	40.4171945101283
0.524200000000000	94.0483370396220
0.524250000000000	16.3501665879436
0.524300000000000	34.2375041187073
0.524350000000000	81.8945048607138
0.524400000000000	38.6189581588451
0.524450000000000	62.3464754007999
0.524500000000000	31.9640655723584
0.524550000000000	90.6611186378512
0.524600000000000	22.8927359902506
0.524650000000000	-12.9979344203842
0.524700000000000	77.4203460752017
0.524750000000000	-18.6685603606502
0.524800000000000	39.1924792255440
0.524850000000000	46.1625253123533
0.524900000000000	-2.91739490790613
0.524950000000000	4.94656123290277
0.525000000000000	60.7040778640670
0.525050000000000	44.5322015414237
0.525100000000000	30.0990982224707
0.525150000000000	32.0611292759004
0.525200000000000	-10.9070445598652
0.525250000000000	55.7675530551996
0.525300000000000	13.7343166469659
0.525350000000000	-26.9712120924645
0.525400000000000	45.7138279904277
0.525450000000000	33.9383986023579
0.525500000000000	27.3970972303562
0.525550000000000	64.4698046780100
0.525600000000000	36.7160868423132
0.525650000000000	50.6460525901070
0.525700000000000	55.8319490336364
0.525750000000000	-43.4137563622162
0.525800000000000	-1.95027497153135
0.525850000000000	1.81130984835923
0.525900000000000	18.2351719973650
0.525950000000000	4.11140806549036
0.526000000000000	-29.6710719888978
0.526050000000000	-57.6233804297835
0.526100000000000	-17.1383614313562
0.526150000000000	10.0020366337064
0.526200000000000	-1.47124047771051
0.526250000000000	-21.1848169058612
0.526300000000000	10.3419356759662
0.526350000000000	-44.5689872008519
0.526400000000000	22.3050376276596
0.526450000000000	-33.3820672957871
0.526500000000000	-78.4981703901113
0.526550000000000	-19.8992867129482
0.526600000000000	12.6818419143380
0.526650000000000	-3.61313278383932
0.526700000000000	33.9132382261723
0.526750000000000	59.0580109252418
0.526800000000000	-12.1525234123506
0.526850000000000	24.4385419758805
0.526900000000000	-7.25854319938643
0.526950000000000	-7.64966536587392
0.527000000000000	-7.10778482122571
0.527050000000000	-9.62894757543241
0.527100000000000	46.8246035415787
0.527150000000000	-27.6146274110548
0.527200000000000	-13.3624502809411
0.527250000000000	25.2955110978060
0.527300000000000	-1.49588097273520
0.527350000000000	32.4455267087946
0.527400000000000	-10.5477453101324
0.527450000000000	-0.767610709327530
0.527500000000000	22.7252532559971
0.527550000000000	4.38047052989635
0.527600000000000	33.9335184510176
0.527650000000000	4.71124319289392
0.527700000000000	4.17054459181365
0.527750000000000	12.8185604076949
0.527800000000000	5.94731030116085
0.527850000000000	32.2801255749505
0.527900000000000	-2.80452618303827
0.527950000000000	-17.8128626437764
0.528000000000000	-10.9993293734930
0.528050000000000	24.3059830559196
0.528100000000000	1.59307771023393
0.528150000000000	-8.00689772172726
0.528200000000000	-17.5586430303278
0.528250000000000	24.3771737732004
0.528300000000000	14.9296612189539
0.528350000000000	62.6262939831772
0.528400000000000	25.0864476189304
0.528450000000000	2.98547189015098
0.528500000000000	-0.578721384111336
0.528550000000000	46.8116480327691
0.528600000000000	18.5762038809880
0.528650000000000	50.4708691513612
0.528700000000000	-3.78334117269110
0.528750000000000	0.453988131187892
0.528800000000000	57.1811006063935
0.528850000000000	52.5472358584004
0.528900000000000	43.1513678447189
0.528950000000000	101.867338155342
0.529000000000000	53.2756816087779
0.529050000000000	34.8828364251621
0.529100000000000	28.4954276439725
0.529150000000000	48.4898046032057
0.529200000000000	-49.1084122055449
0.529250000000000	51.4969358757507
0.529300000000000	38.7221348162606
0.529350000000000	22.4161159004968
0.529400000000000	33.5649572830802
0.529450000000000	-14.0313445695348
0.529500000000000	-25.4848003558486
0.529550000000000	16.8789500995207
0.529600000000000	84.5848603582693
0.529650000000000	9.13898775100326
0.529700000000000	36.9927155035517
0.529750000000000	-13.4516470016838
0.529800000000000	-12.6854229791338
0.529850000000000	3.11901702430848
0.529900000000000	-0.699054035224830
0.529950000000000	-7.90664491508831
0.530000000000000	26.2232116974994
0.530050000000000	-7.99916296440213
0.530100000000000	-27.0417947318858
0.530150000000000	16.7621445883195
0.530200000000000	3.74791858395266
0.530250000000000	-35.3050126542024
0.530300000000000	50.7357969793304
0.530350000000000	-40.4029700184532
0.530400000000000	33.4465333601174
0.530450000000000	60.0069744777559
0.530500000000000	-1.20059466118019
0.530550000000000	-12.1686953314919
0.530600000000000	-26.5338191038523
0.530650000000000	-46.9827017981869
0.530700000000000	-49.2669689893489
0.530750000000000	-36.8716043823468
0.530800000000000	-50.0041078945301
0.530850000000000	-14.4941421866746
0.530900000000000	-15.1465887582125
0.530950000000000	0.946034110053635
0.531000000000000	-26.2212761198877
0.531050000000000	3.13989761982983
0.531100000000000	19.9763724363032
0.531150000000000	64.0237095450706
0.531200000000000	41.6150768333666
0.531250000000000	13.1950542714986
0.531300000000000	35.3104316124274
0.531350000000000	39.9475673483243
0.531400000000000	-29.3679050088787
0.531450000000000	27.7655486326771
0.531500000000000	1.47877908318668
0.531550000000000	-0.136175937130609
0.531600000000000	-16.5925968202747
0.531650000000000	32.3808233782012
0.531700000000000	43.1201793936782
0.531750000000000	113.778991263375
0.531800000000000	19.6724879949745
0.531850000000000	-10.7710042643336
0.531900000000000	34.8321907442608
0.531950000000000	66.9079067568032
0.532000000000000	24.4717460617055
0.532050000000000	-16.8406752838606
0.532100000000000	20.6179328757574
0.532150000000000	13.8422592889343
0.532200000000000	57.2932982324694
0.532250000000000	45.2612990511332
0.532300000000000	78.3019546143956
0.532350000000000	60.3105134515120
0.532400000000000	43.9886865388082
0.532450000000000	46.6640133864228
0.532500000000000	97.3728937734022
0.532550000000000	11.5390391973129
0.532600000000000	58.7759868398484
0.532650000000000	43.9195957882797
0.532700000000000	59.4208503612291
0.532750000000000	11.4896398390999
0.532800000000000	53.9430511594727
0.532850000000000	56.0907701477316
0.532900000000000	-3.32281693057051
0.532950000000000	52.1943495196608
0.533000000000000	32.3051963628898
0.533050000000000	75.9502570333071
0.533100000000000	-0.729011803523012
0.533150000000000	49.6156079226399
0.533200000000000	-5.38863068430488
0.533250000000000	25.6432893780789
0.533300000000000	19.5903006721964
0.533350000000000	36.6721219024697
0.533400000000000	60.5103473475429
0.533450000000000	34.5903854596232
0.533500000000000	17.7325905774175
0.533550000000000	6.28433228296931
0.533600000000000	-19.0785726406716
0.533650000000000	-24.1052466397178
0.533700000000000	35.3526445097081
0.533750000000000	8.21738943958792
0.533800000000000	63.3588472608882
0.533850000000000	-30.6810300358866
0.533900000000000	85.3438697822643
0.533950000000000	37.6305580365794
0.534000000000000	15.7398857985065
0.534050000000000	46.1325185936654
0.534100000000000	46.0110807953561
0.534150000000000	-32.7254400060144
0.534200000000000	0.972403017313711
0.534250000000000	-10.9705939346490
0.534300000000000	-15.2512176528407
0.534350000000000	-25.2567641554842
0.534400000000000	18.6524489236721
0.534450000000000	10.4041734189651
0.534500000000000	-8.07380925608124
0.534550000000000	6.89254109745559
0.534600000000000	-24.1304979386182
0.534650000000000	-14.4009522850156
0.534700000000000	24.7511330291317
0.534750000000000	-37.9811191127921
0.534800000000000	-39.6174062228782
0.534850000000000	-24.0515961094143
0.534900000000000	39.6826336825404
0.534950000000000	12.8478927322842
0.535000000000000	-40.5292312042251
0.535050000000000	-17.6848701839273
0.535100000000000	19.1632504191284
0.535150000000000	4.90443966622016
0.535200000000000	12.1285528698940
0.535250000000000	63.7579042985843
0.535300000000000	5.40181876502692
0.535350000000000	34.4830561603821
0.535400000000000	19.2580104881919
0.535450000000000	-49.7521751399131
0.535500000000000	-23.7236165386699
0.535550000000000	9.03847836328250
0.535600000000000	62.0745230504479
0.535650000000000	-36.6106081863282
0.535700000000000	-9.54988677449620
0.535750000000000	-11.3912282944343
0.535800000000000	-31.5490540123587
0.535850000000000	-15.2110592736261
0.535900000000000	53.9331849967699
0.535950000000000	0.834066152726159
0.536000000000000	18.6918818824660
0.536050000000000	-27.7553758618932
0.536100000000000	63.1346695981045
0.536150000000000	89.4665251734850
0.536200000000000	7.43484767332357
0.536250000000000	0.732490883233250
0.536300000000000	48.5102473068887
0.536350000000000	7.09831289525231
0.536400000000000	40.8459362213645
0.536450000000000	-48.9969960215990
0.536500000000000	8.45655047181331
0.536550000000000	51.7987647921046
0.536600000000000	63.0014746000481
0.536650000000000	41.8426931775670
0.536700000000000	40.5653137279600
0.536750000000000	-5.12649408826256
0.536800000000000	43.3291209187792
0.536850000000000	-5.22667212542093
0.536900000000000	31.0236616721122
0.536950000000000	65.9609235732746
0.537000000000000	39.1445234529852
0.537050000000000	32.7116629135023
0.537100000000000	34.3652993660972
0.537150000000000	39.6807111774069
0.537200000000000	57.3522065345323
0.537250000000000	57.8785871243473
0.537300000000000	5.23437265771212
0.537350000000000	-28.6478815953321
0.537400000000000	50.9859825225184
0.537450000000000	-29.9021043815345
0.537500000000000	5.95785201384561
0.537550000000000	22.0441361147287
0.537600000000000	36.1168085507157
0.537650000000000	-22.3576876439422
0.537700000000000	-30.7991586099612
0.537750000000000	-28.9042606854964
0.537800000000000	-5.64799997575068
0.537850000000000	63.1222800024098
0.537900000000000	-3.53243006863920
0.537950000000000	7.24194423052402
0.538000000000000	39.5549167796068
0.538050000000000	19.4238081789758
0.538100000000000	1.38408926989727
0.538150000000000	-14.1609900637379
0.538200000000000	-38.3004092529995
0.538250000000000	-44.2871077848051
0.538300000000000	-10.7535715242841
0.538350000000000	-50.5449763515390
0.538400000000000	0.242278184758208
0.538450000000000	-40.6173091976963
0.538500000000000	-29.3072882547299
0.538550000000000	-22.3806443843573
0.538600000000000	-23.1827334961391
0.538650000000000	60.8354380123919
0.538700000000000	-4.04572256070857
0.538750000000000	2.45044579098174
0.538800000000000	-42.2845117851925
0.538850000000000	11.7728076573661
0.538900000000000	3.39991752438155
0.538950000000000	-19.6059532328680
0.539000000000000	-1.97201735674748
0.539050000000000	-31.5437117687875
0.539100000000000	-33.6920309661527
0.539150000000000	-28.1471250764499
0.539200000000000	2.83822115746007
0.539250000000000	-20.1713044824997
0.539300000000000	15.8982591211329
0.539350000000000	-4.17286150780447
0.539400000000000	61.1201416539517
0.539450000000000	49.3023760422612
0.539500000000000	56.4037113647532
0.539550000000000	37.7949284799428
0.539600000000000	12.8904933698652
0.539650000000000	8.02425370976807
0.539700000000000	-16.8265790689283
0.539750000000000	-31.6383808715761
0.539800000000000	35.3179557804537
0.539850000000000	9.01459694448007
0.539900000000000	36.5604856776020
0.539950000000000	26.0605862042591
0.540000000000000	46.5621684943227
0.540050000000000	16.9869074952668
0.540100000000000	-1.32741467785747
0.540150000000000	41.8814762149261
0.540200000000000	18.0480492952344
0.540250000000000	4.75105489512553
0.540300000000000	50.4159780433484
0.540350000000000	62.5692127731124
0.540400000000000	37.2642111107862
0.540450000000000	15.8367174163220
0.540500000000000	-35.8846803327622
0.540550000000000	19.9816003526210
0.540600000000000	-3.36077939981858
0.540650000000000	12.5505288881300
0.540700000000000	30.3726768659017
0.540750000000000	110.303361925237
0.540800000000000	26.1890024821391
0.540850000000000	14.8412522184636
0.540900000000000	0.539552099197930
0.540950000000000	-3.96736598915566
0.541000000000000	8.01247522694953
0.541050000000000	70.4909082393294
0.541100000000000	-29.9138192914877
0.541150000000000	10.9530557644926
0.541200000000000	-8.69319600002310
0.541250000000000	56.4897820045876
0.541300000000000	70.8202199889002
0.541350000000000	10.6021480228095
0.541400000000000	-13.9648975318917
0.541450000000000	-27.1469085045064
0.541500000000000	63.6393426982475
0.541550000000000	-1.10711359005320
0.541600000000000	45.0636431652032
0.541650000000000	46.5326441573837
0.541700000000000	-29.4796081937821
0.541750000000000	42.5895409007558
0.541800000000000	-7.04521316838933
0.541850000000000	-6.19327576277337
0.541900000000000	-1.72846309122241
0.541950000000000	-89.1204319809017
0.542000000000000	15.5794044201980
0.542050000000000	-69.9771287574108
0.542100000000000	-14.0755447461554
0.542150000000000	-12.1487660339934
0.542200000000000	13.1070749919173
0.542250000000000	-44.8644181150296
0.542300000000000	-56.9847524719465
0.542350000000000	-51.8154463808048
0.542400000000000	-27.2632249813379
0.542450000000000	-9.79538426961403
0.542500000000000	35.5298019069173
0.542550000000000	18.5624694164053
0.542600000000000	-2.80944349650850
0.542650000000000	21.0215989926574
0.542700000000000	-29.6491834653540
0.542750000000000	-20.8412309287444
0.542800000000000	20.1036729967189
0.542850000000000	-2.81336430955200
0.542900000000000	20.5490246228159
0.542950000000000	11.8800567215866
0.543000000000000	21.6500725156696
0.543050000000000	8.24324799982614
0.543100000000000	31.0549660894563
0.543150000000000	-4.35522431603653
0.543200000000000	36.0725110329213
0.543250000000000	-28.1557652878017
0.543300000000000	-32.5171122490567
0.543350000000000	8.40447978166211
0.543400000000000	5.68292061871993
0.543450000000000	20.2419875253142
0.543500000000000	-50.2200672998935
0.543550000000000	8.49406143355555
0.543600000000000	24.2655523591010
0.543650000000000	2.12165983494770
0.543700000000000	43.4214865459008
0.543750000000000	5.93945324784166
0.543800000000000	-31.6937353522978
0.543850000000000	34.5567238204309
0.543900000000000	36.1849099405610
0.543950000000000	24.9088786530862
0.544000000000000	20.3579728721366
0.544050000000000	31.2401792708941
0.544100000000000	54.4866013925875
0.544150000000000	47.7846434726746
0.544200000000000	-0.482274734736942
0.544250000000000	74.6643185495683
0.544300000000000	66.3922494290245
0.544350000000000	23.9786312068135
0.544400000000000	29.2435031421785
0.544450000000000	18.8138499656978
0.544500000000000	32.3833376679915
0.544550000000000	20.4323075201778
0.544600000000000	48.8643573118933
0.544650000000000	37.8434125997222
0.544700000000000	49.3308836461761
0.544750000000000	23.0852687466473
0.544800000000000	32.8335937111421
0.544850000000000	45.2549647014857
0.544900000000000	104.934430605853
0.544950000000000	-2.43589420684349
0.545000000000000	18.9017161765659
0.545050000000000	40.5387696691719
0.545100000000000	33.0178117037584
0.545150000000000	29.8187508664162
0.545200000000000	136.297150642007
0.545250000000000	25.4244656790091
0.545300000000000	-0.577438254582258
0.545350000000000	7.63213026849214
0.545400000000000	9.20680655607348
0.545450000000000	52.2448065615264
0.545500000000000	33.8349730104946
0.545550000000000	-8.40166941161261
0.545600000000000	24.5087974490726
0.545650000000000	7.12464044407298
0.545700000000000	-2.76457663625689
0.545750000000000	39.6309611910212
0.545800000000000	-10.4217444258306
0.545850000000000	31.4048442232267
0.545900000000000	22.7454496066894
0.545950000000000	-0.113651229971772
0.546000000000000	1.59753913867275
0.546050000000000	3.99086908121674
0.546100000000000	13.0204610802563
0.546150000000000	8.58195868774812
0.546200000000000	69.9684830961407
0.546250000000000	-10.1348621393869
0.546300000000000	-16.1599874994816
0.546350000000000	47.8326288605389
0.546400000000000	31.9218991372166
0.546450000000000	-30.1506578455100
0.546500000000000	3.62063026519253
0.546550000000000	-10.0253905204642
0.546600000000000	-0.210858709370367
0.546650000000000	8.82277179406754
0.546700000000000	9.09139723285680
0.546750000000000	-11.9339218080179
0.546800000000000	26.5626810369665
0.546850000000000	7.09817645628227
0.546900000000000	38.7621148173325
0.546950000000000	-2.12306252523079
0.547000000000000	-1.73300861467349
0.547050000000000	1.89073966593148
0.547100000000000	-7.20688742486390
0.547150000000000	-5.38026750769220
0.547200000000000	11.2787805761323
0.547250000000000	38.4304554401640
0.547300000000000	16.4835649351145
0.547350000000000	0.726834269112548
0.547400000000000	99.5624261978789
0.547450000000000	-16.2937555961038
0.547500000000000	20.2785669966578
0.547550000000000	60.1363797484801
0.547600000000000	2.06917919881229
0.547650000000000	3.30865856782755
0.547700000000000	-5.30348665708481
0.547750000000000	97.9012048758943
0.547800000000000	53.3119086386568
0.547850000000000	49.9412187815449
0.547900000000000	65.5189693227492
0.547950000000000	31.6678908757784
0.548000000000000	47.6005460942852
0.548050000000000	37.3173045880640
0.548100000000000	33.3391773587830
0.548150000000000	-11.6560124494061
0.548200000000000	23.6881334263797
0.548250000000000	6.48447736487010
0.548300000000000	10.6348678625534
0.548350000000000	-4.99655990414061
0.548400000000000	39.9820249344269
0.548450000000000	4.99838397599265
0.548500000000000	68.5781279086823
0.548550000000000	57.7633299570154
0.548600000000000	85.5760092983701
0.548650000000000	64.2225867124922
0.548700000000000	-2.85419229710645
0.548750000000000	13.4490708951906
0.548800000000000	15.5053272569880
0.548850000000000	2.48260669724764
0.548900000000000	6.58857204788418
0.548950000000000	9.45355843705056
0.549000000000000	-22.5975657290709
0.549050000000000	-5.13536078974861
0.549100000000000	17.3278967099526
0.549150000000000	20.7108618391251
0.549200000000000	101.313577431428
0.549250000000000	22.7550956960607
0.549300000000000	57.3296633784286
0.549350000000000	27.6166478468788
0.549400000000000	7.13043544174822
0.549450000000000	8.25893880072532
0.549500000000000	27.2588226033354
0.549550000000000	38.5377751867864
0.549600000000000	-7.31086624512495
0.549650000000000	50.6715108241539
0.549700000000000	90.3664125576851
0.549750000000000	54.3852381068422
0.549800000000000	-37.9128345754695
0.549850000000000	-1.57866139731888
0.549900000000000	52.3147936731587
0.549950000000000	13.4212703940218
0.550000000000000	-0.163060795992378
0.550050000000000	-58.5022050870354
0.550100000000000	6.00101889212221
0.550150000000000	-38.0991684662191
0.550200000000000	8.04841864918148
0.550250000000000	-8.87334861560231
0.550300000000000	15.4778836363162
0.550350000000000	19.6030751664465
0.550400000000000	37.5093044229085
0.550450000000000	6.80397078310573
0.550500000000000	-40.1745445041110
0.550550000000000	-88.4368734415047
0.550600000000000	-13.3414443716260
0.550650000000000	50.4259433282039
0.550700000000000	-20.1448531064856
0.550750000000000	33.4511322883168
0.550800000000000	-33.5041888464516
0.550850000000000	-2.18039242311163
0.550900000000000	-31.0525789638376
0.550950000000000	12.4421848515018
0.551000000000000	-4.89004432121919
0.551050000000000	40.3857334447891
0.551100000000000	-63.5004291550576
0.551150000000000	8.75510532836383
0.551200000000000	22.3511466868714
0.551250000000000	-8.66420180924110
0.551300000000000	11.3803453375178
0.551350000000000	-22.7440099680132
0.551400000000000	-5.39993580094423
0.551450000000000	14.0318393599110
0.551500000000000	28.6610146510252
0.551550000000000	0.840740891433631
0.551600000000000	39.1653779932262
0.551650000000000	18.3193933067646
0.551700000000000	37.4844384492275
0.551750000000000	41.1900977652502
0.551800000000000	7.45064725019479
0.551850000000000	74.8098892735869
0.551900000000000	32.2554110359570
0.551950000000000	30.7799100241071
0.552000000000000	-1.42988557965131
0.552050000000000	10.8016720233262
0.552100000000000	29.1913633914121
0.552150000000000	12.7559083166152
0.552200000000000	59.9423495017118
0.552250000000000	49.9709065022872
0.552300000000000	10.1841633760138
0.552350000000000	50.2504464957369
0.552400000000000	67.5839406130161
0.552450000000000	32.2440140269174
0.552500000000000	-35.8123894693311
0.552550000000000	17.0581334373284
0.552600000000000	45.2334152546601
0.552650000000000	28.6729360292816
0.552700000000000	59.0866334641619
0.552750000000000	45.6391073715278
0.552800000000000	52.3263267952738
0.552850000000000	64.8170880993756
0.552900000000000	51.8916820768349
0.552950000000000	-20.5474748625804
0.553000000000000	39.2535374436908
0.553050000000000	78.2869777230796
0.553100000000000	-4.92674345247414
0.553150000000000	-10.8177936920115
0.553200000000000	26.2773155700275
0.553250000000000	-9.27117717435582
0.553300000000000	92.8672065974819
0.553350000000000	42.7681233259345
0.553400000000000	21.2218662235333
0.553450000000000	81.6871388043116
0.553500000000000	59.3561543249186
0.553550000000000	27.5703394781008
0.553600000000000	0.748512590135437
0.553650000000000	73.2386191186411
0.553700000000000	2.83560312461538
0.553750000000000	-18.8425461532507
0.553800000000000	-19.0258561784333
0.553850000000000	27.8595972271450
0.553900000000000	19.7914377909056
0.553950000000000	-3.97151209776552
0.554000000000000	9.36492929237158
0.554050000000000	28.2025485466472
0.554100000000000	7.13580361107013
0.554150000000000	-5.46130686991575
0.554200000000000	-17.7193968192420
0.554250000000000	-29.9035339881742
0.554300000000000	-0.974212768053793
0.554350000000000	10.0336519068552
0.554400000000000	-27.3235804104928
0.554450000000000	7.25733506471132
0.554500000000000	-67.0194194055895
0.554550000000000	-51.2015931018848
0.554600000000000	-27.4251887588872
0.554650000000000	4.31685340877704
0.554700000000000	-5.67744513186163
0.554750000000000	0.866259083832054
0.554800000000000	-40.2067139403653
0.554850000000000	10.4531575222044
0.554900000000000	16.0474210830391
0.554950000000000	78.6329597730314
0.555000000000000	21.6047717291171
0.555050000000000	-37.0703526414277
0.555100000000000	-16.0313435808108
0.555150000000000	-11.0944597861393
0.555200000000000	-21.6200332550378
0.555250000000000	-7.22213901662758
0.555300000000000	23.8870208015293
0.555350000000000	29.6136058736644
0.555400000000000	-6.40936541152463
0.555450000000000	33.2722098742482
0.555500000000000	10.4656050350447
0.555550000000000	6.24322096597475
0.555600000000000	2.46575238520432
0.555650000000000	-19.4670328067377
0.555700000000000	69.9396704583844
0.555750000000000	15.3703192340177
0.555800000000000	36.1627954258224
0.555850000000000	47.1344679830083
0.555900000000000	27.0385573777126
0.555950000000000	20.6788866564357
0.556000000000000	83.7933311400551
0.556050000000000	35.4400249038836
0.556100000000000	31.7098678120091
0.556150000000000	7.16316914566060
0.556200000000000	22.7040266877086
0.556250000000000	80.2929076994973
0.556300000000000	-40.6925248327324
0.556350000000000	66.6951911813868
0.556400000000000	-8.52968530966843
0.556450000000000	58.1622058800090
0.556500000000000	23.5176072089340
0.556550000000000	107.171743099827
0.556600000000000	31.7998268402446
0.556650000000000	4.06089114728356
0.556700000000000	49.4384733866054
0.556750000000000	10.8841402097661
0.556800000000000	55.9543509374987
0.556850000000000	-3.26810507400835
0.556900000000000	31.6692754057880
0.556950000000000	37.7519337926667
0.557000000000000	33.8953107948322
0.557050000000000	30.3560266212314
0.557100000000000	1.47507832941002
0.557150000000000	23.1726951936510
0.557200000000000	-8.54738621711718
0.557250000000000	35.1015522197315
0.557300000000000	28.2041164435117
0.557350000000000	30.3252869836308
0.557400000000000	25.9771628452429
0.557450000000000	7.88401715554447
0.557500000000000	60.9851063277784
0.557550000000000	4.14479032114040
0.557600000000000	-7.33448029435388
0.557650000000000	14.2635058302416
0.557700000000000	21.7987825208702
0.557750000000000	1.43214366400387
0.557800000000000	38.5262122279227
0.557850000000000	3.07956068430392
0.557900000000000	39.3631896618051
0.557950000000000	70.4338569731816
0.558000000000000	43.8751708512551
0.558050000000000	17.7376615687907
0.558100000000000	19.3225029299838
0.558150000000000	14.9499501620678
0.558200000000000	-11.4207284643101
0.558250000000000	-13.1010524509880
0.558300000000000	35.8053909452997
0.558350000000000	1.78468602392573
0.558400000000000	-29.5034350754768
0.558450000000000	1.37214522580164
0.558500000000000	34.5876429843823
0.558550000000000	-6.66661206452385
0.558600000000000	21.4940311218620
0.558650000000000	9.24766515398724
0.558700000000000	8.59085067719941
0.558750000000000	-52.7229776973607
0.558800000000000	7.08564473634458
0.558850000000000	15.3840376591869
0.558900000000000	51.0503697356372
0.558950000000000	17.9414900950454
0.559000000000000	-1.67394098249469
0.559050000000000	-24.0137181799834
0.559100000000000	46.5409768883362
0.559150000000000	7.89977796695303
0.559200000000000	50.0315043052284
0.559250000000000	15.6150280675174
0.559300000000000	53.2974340448009
0.559350000000000	-23.7878595820970
0.559400000000000	10.8628247913757
0.559450000000000	-1.78722477688241
0.559500000000000	-10.7462903714997
0.559550000000000	-19.6610990705925
0.559600000000000	6.53548136230767
0.559650000000000	31.1612217247417
0.559700000000000	-25.8851629384726
0.559750000000000	49.6530597198889
0.559800000000000	-26.7004891285590
0.559850000000000	3.43669373396522
0.559900000000000	19.0072350556883
0.559950000000000	22.6308105341859
0.560000000000000	93.3902529466510
0.560050000000000	24.6936686640265
0.560100000000000	9.97834981667638
0.560150000000000	-7.29344181173317
0.560200000000000	-46.9310695596114
0.560250000000000	34.6064514553855
0.560300000000000	64.6146263465831
0.560350000000000	54.4003045641319
0.560400000000000	28.8464732380310
0.560450000000000	8.51717949312139
0.560500000000000	61.6139330705749
0.560550000000000	33.1964277852350
0.560600000000000	30.1577675927393
0.560650000000000	34.4441392310991
0.560700000000000	60.1643151357072
0.560750000000000	40.7013740057308
0.560800000000000	43.4567065506219
0.560850000000000	52.2845885735132
0.560900000000000	37.8716291539526
0.560950000000000	68.1114481961168
0.561000000000000	31.5437596477632
0.561050000000000	24.4933997540055
0.561100000000000	32.8899298473088
0.561150000000000	69.1200694706975
0.561200000000000	55.8769873044349
0.561250000000000	57.6550262225711
0.561300000000000	28.5010479560243
0.561350000000000	53.1690591846723
0.561400000000000	47.1969587799501
0.561450000000000	65.3073341421559
0.561500000000000	5.68181526959095
0.561550000000000	8.18495616240074
0.561600000000000	9.23834113490532
0.561650000000000	-9.78327427066368
0.561700000000000	37.7900231839898
0.561750000000000	14.3740576472858
0.561800000000000	-53.3649531921040
0.561850000000000	0.805612996971206
0.561900000000000	7.23420326706395
0.561950000000000	12.5698384706116
0.562000000000000	-11.3340803467610
0.562050000000000	34.9506255387182
0.562100000000000	-28.4170914879830
0.562150000000000	66.1009444213413
0.562200000000000	-10.4429221208816
0.562250000000000	8.63514901819497
0.562300000000000	5.03738393026008
0.562350000000000	2.00063086324823
0.562400000000000	3.50686761816438
0.562450000000000	-0.169741761749407
0.562500000000000	-34.8806764873189
0.562550000000000	11.1502915818453
0.562600000000000	-56.4419058705400
0.562650000000000	-8.96580547294721
0.562700000000000	10.1015362176783
0.562750000000000	70.1417498934170
0.562800000000000	-14.8465971261786
0.562850000000000	-52.6908627862877
0.562900000000000	4.41688071312873
0.562950000000000	-2.41971604567100
0.563000000000000	-39.5484661647751
0.563050000000000	-16.8280594910808
0.563100000000000	28.9993440660167
0.563150000000000	-15.0639253955189
0.563200000000000	-26.3984860447570
0.563250000000000	20.2442386946102
0.563300000000000	-9.45028941580429
0.563350000000000	51.9184769423025
0.563400000000000	60.8868607495891
0.563450000000000	-16.2068826419265
0.563500000000000	22.6448743278720
0.563550000000000	-48.4331539670799
0.563600000000000	64.3375141437104
0.563650000000000	25.7022550595307
0.563700000000000	-1.72600873048595
0.563750000000000	30.3401898691301
0.563800000000000	43.3537360699691
0.563850000000000	17.7901637335733
0.563900000000000	31.3071981794381
0.563950000000000	35.3132333833037
0.564000000000000	39.6897249884822
0.564050000000000	37.0718669430330
0.564100000000000	58.3584896408956
0.564150000000000	3.39169615512630
0.564200000000000	32.5544510960493
0.564250000000000	26.1488107162067
0.564300000000000	29.2116457677931
0.564350000000000	38.3666591469152
0.564400000000000	39.5001430085524
0.564450000000000	36.5187983792728
0.564500000000000	64.3892933838507
0.564550000000000	57.4454268572451
0.564600000000000	80.8651988568939
0.564650000000000	27.3373999596515
0.564700000000000	12.2584227422854
0.564750000000000	93.4836852096340
0.564800000000000	21.1253776523632
0.564850000000000	8.30813916043916
0.564900000000000	52.4768091395882
0.564950000000000	16.9689662342548
0.565000000000000	7.69201397233943
0.565050000000000	37.9622355017221
0.565100000000000	60.8642994078160
0.565150000000000	31.1413599853863
0.565200000000000	33.2071722883650
0.565250000000000	45.9297900040566
0.565300000000000	16.6844616272566
0.565350000000000	43.9413792106875
0.565400000000000	16.0337520174307
0.565450000000000	-45.4258571770445
0.565500000000000	43.8499205403520
0.565550000000000	55.3017507464259
0.565600000000000	8.44965183126850
0.565650000000000	28.3298047960598
0.565700000000000	29.5254314026677
0.565750000000000	65.0508105823902
0.565800000000000	46.5585482004131
0.565850000000000	-18.1542503365189
0.565900000000000	40.1337783528837
0.565950000000000	-0.665982965863993
0.566000000000000	33.9267664704401
0.566050000000000	43.2501036354291
0.566100000000000	19.2822089395921
0.566150000000000	-37.6664493493587
0.566200000000000	-79.2599658126757
0.566250000000000	61.3534670260047
0.566300000000000	-32.9759745582173
0.566350000000000	0.779823860292291
0.566400000000000	-22.4311263974942
0.566450000000000	35.9025065537326
0.566500000000000	-16.4791418052465
0.566550000000000	51.9169517080748
0.566600000000000	9.20824240600537
0.566650000000000	1.33716522353358
0.566700000000000	38.5025483829935
0.566750000000000	25.2199006321214
0.566800000000000	26.1333974106721
0.566850000000000	14.4584575314388
0.566900000000000	4.92277527352841
0.566950000000000	-53.7172292493159
0.567000000000000	17.5427826915540
0.567050000000000	1.02137895792858
0.567100000000000	14.9505869360882
0.567150000000000	26.2067241131423
0.567200000000000	-16.6765378024544
0.567250000000000	-24.5910219045591
0.567300000000000	21.3506069941557
0.567350000000000	-13.7119160999401
0.567400000000000	-7.29534364708752
0.567450000000000	78.4676995045225
0.567500000000000	-14.5425645161485
0.567550000000000	-12.3470599376046
0.567600000000000	39.9352312588518
0.567650000000000	15.6097839773711
0.567700000000000	72.8780638455991
0.567750000000000	14.2589330558471
0.567800000000000	-13.0533557073987
0.567850000000000	-26.1117359632022
0.567900000000000	23.0807928369508
0.567950000000000	25.9113666389601
0.568000000000000	2.00030789783045
0.568050000000000	79.1059455078181
0.568100000000000	-27.5527646726244
0.568150000000000	5.98555723661238
0.568200000000000	58.2579797519142
0.568250000000000	-42.0561977682909
0.568300000000000	21.0574072178201
0.568350000000000	-22.3872003404095
0.568400000000000	51.8236729294581
0.568450000000000	65.9419039005258
0.568500000000000	31.4756427135115
0.568550000000000	70.2098805102748
0.568600000000000	11.2187344543099
0.568650000000000	61.7049059275069
0.568700000000000	-21.9620771609305
0.568750000000000	27.1725471981701
0.568800000000000	56.3599616234927
0.568850000000000	23.1619858900302
0.568900000000000	-15.1992172102453
0.568950000000000	53.8951028621139
0.569000000000000	55.5553763392021
0.569050000000000	75.4250894273328
0.569100000000000	64.9853412589846
0.569150000000000	3.98768844630916
0.569200000000000	51.5791905254923
0.569250000000000	-16.1521460704450
0.569300000000000	47.7756112915547
0.569350000000000	-7.28111885255878
0.569400000000000	91.5956089841768
0.569450000000000	35.5551628255430
0.569500000000000	1.56861931735861
0.569550000000000	-2.18307476651592
0.569600000000000	18.5430006585225
0.569650000000000	37.8005273578045
0.569700000000000	9.99608120784157
0.569750000000000	14.5938507812850
0.569800000000000	48.1628199389200
0.569850000000000	13.9914261588529
0.569900000000000	-39.4658589791555
0.569950000000000	-23.0899225528158
0.570000000000000	-19.0780416794452
0.570050000000000	26.8057757420002
0.570100000000000	-23.6076887328230
0.570150000000000	-17.2048211855335
0.570200000000000	-29.0980460500222
0.570250000000000	-46.9822653772176
0.570300000000000	5.39211722814565
0.570350000000000	-28.0569149626760
0.570400000000000	-50.6348579924836
0.570450000000000	-34.7383487882363
0.570500000000000	-69.0622146431588
0.570550000000000	95.7297694089664
0.570600000000000	4.73504432589674
0.570650000000000	8.83679069021933
0.570700000000000	22.0305706011774
0.570750000000000	-37.8384649256358
0.570800000000000	2.07928363852053
0.570850000000000	-72.9103840855971
0.570900000000000	-7.45449257300030
0.570950000000000	26.9604827379127
0.571000000000000	1.96907523044208
0.571050000000000	25.6748005782571
0.571100000000000	-48.2245376071344
0.571150000000000	-1.17840580365824
0.571200000000000	-35.5695537469077
0.571250000000000	-16.7392719464773
0.571300000000000	-3.40799825208904
0.571350000000000	16.5755788509114
0.571400000000000	11.1032110064890
0.571450000000000	-15.2869318520813
0.571500000000000	-49.0969436160111
0.571550000000000	-18.8172789442732
0.571600000000000	86.7827050533375
0.571650000000000	-13.8221721706589
0.571700000000000	22.6948993975491
0.571750000000000	33.6271319639650
0.571800000000000	-26.0355483957083
0.571850000000000	34.5211447754907
0.571900000000000	47.8514713346488
0.571950000000000	-3.20486906804241
0.572000000000000	58.7292947170416
0.572050000000000	34.8325994816065
0.572100000000000	29.9095484007273
0.572150000000000	7.93473509905041
0.572200000000000	54.9359985367998
0.572250000000000	10.7760533094709
0.572300000000000	7.89105831993346
0.572350000000000	35.1967601851254
0.572400000000000	22.3774318283942
0.572450000000000	-41.6329979047170
0.572500000000000	9.83789738873476
0.572550000000000	32.7291840553317
0.572600000000000	43.9172788724192
0.572650000000000	89.5539793225308
0.572700000000000	71.5656186383412
0.572750000000000	-24.8340068960094
0.572800000000000	56.5750114854429
0.572850000000000	41.9929387777692
0.572900000000000	-1.59300174252687
0.572950000000000	40.6816004412834
0.573000000000000	58.4622864982145
0.573050000000000	81.0724843667558
0.573100000000000	-8.41332895101484
0.573150000000000	-27.5472960879680
0.573200000000000	58.5094145723237
0.573250000000000	-10.0524413394519
0.573300000000000	-28.1061290033013
0.573350000000000	0.0197719072550377
0.573400000000000	41.9283184162834
0.573450000000000	-8.40961941211175
0.573500000000000	11.6056435898049
0.573550000000000	-29.0100467173625
0.573600000000000	37.1189063341486
0.573650000000000	8.79880259299518
0.573700000000000	25.7690062435496
0.573750000000000	28.4814992818233
0.573800000000000	14.1050325895869
0.573850000000000	31.5295210401893
0.573900000000000	42.5544658836147
0.573950000000000	25.9344270523014
0.574000000000000	28.9597026413058
0.574050000000000	14.2307814934821
0.574100000000000	57.0327262243154
0.574150000000000	-1.19726949530242
0.574200000000000	5.15476304230122
0.574250000000000	2.19326846238399
0.574300000000000	37.3942291962977
0.574350000000000	5.16839278960591
0.574400000000000	27.8968169228005
0.574450000000000	-28.4247706650791
0.574500000000000	20.9655484199203
0.574550000000000	-17.2155163255322
0.574600000000000	17.5159209727935
0.574650000000000	-1.25425216865929
0.574700000000000	-14.5953813627421
0.574750000000000	-36.8595096651457
0.574800000000000	15.0237394936305
0.574850000000000	67.9933167326393
0.574900000000000	28.9388731184575
0.574950000000000	-23.9864973418928
0.575000000000000	42.8853238980966
0.575050000000000	38.1665233190494
0.575100000000000	26.7369371930324
0.575150000000000	1.28866647247632
0.575200000000000	-0.858023614812314
0.575250000000000	38.0413663602248
0.575300000000000	-16.9109431074947
0.575350000000000	31.1161129168528
0.575400000000000	-13.0620814712488
0.575450000000000	61.7070129064000
0.575500000000000	49.4320597156708
0.575550000000000	21.9715380717945
0.575600000000000	26.5079861905239
0.575650000000000	-8.46685244102915
0.575700000000000	-4.41153633098476
0.575750000000000	8.67192796474914
0.575800000000000	69.7337489404127
0.575850000000000	11.1661703971934
0.575900000000000	-38.1003624816952
0.575950000000000	92.4468106346597
0.576000000000000	18.3559217889661
0.576050000000000	63.4737039527954
0.576100000000000	0.171881769646841
0.576150000000000	48.0647997480489
0.576200000000000	60.9343385799523
0.576250000000000	23.7204055737488
0.576300000000000	61.7953776277842
0.576350000000000	66.8059284835051
0.576400000000000	63.6208292183445
0.576450000000000	19.1182585488878
0.576500000000000	31.0763349859999
0.576550000000000	10.6930065521348
0.576600000000000	40.7521491088255
0.576650000000000	7.29066636923090
0.576700000000000	8.21600781158949
0.576750000000000	121.483727805769
0.576800000000000	27.4813380098690
0.576850000000000	21.8957669697415
0.576900000000000	30.7702057795133
0.576950000000000	-12.7025817911240
0.577000000000000	-27.4578848656218
0.577050000000000	41.5011440060360
0.577100000000000	36.7172207291443
0.577150000000000	53.8522942931918
0.577200000000000	72.0131859968916
0.577250000000000	61.5266497998081
0.577300000000000	-0.843418799875934
0.577350000000000	63.0217804888262
0.577400000000000	17.8922215685762
0.577450000000000	25.2125727801773
0.577500000000000	8.09855309356479
0.577550000000000	-15.4497809649586
0.577600000000000	15.7302939605354
0.577650000000000	13.6260712749142
0.577700000000000	-4.34438132711950
0.577750000000000	-3.17917319446506
0.577800000000000	-17.7070929614854
0.577850000000000	54.8527849092624
0.577900000000000	74.5063812048231
0.577950000000000	-58.0208430932303
0.578000000000000	75.8187122070408
0.578050000000000	4.19826800395661
0.578100000000000	22.4775663990060
0.578150000000000	-11.6406531986254
0.578200000000000	45.8477426967635
0.578250000000000	-11.6247973678144
0.578300000000000	21.3912199991028
0.578350000000000	-67.3682178167050
0.578400000000000	-38.2070927238531
0.578450000000000	-47.2243439555470
0.578500000000000	-38.1490895205871
0.578550000000000	-24.2699861306375
0.578600000000000	7.61620836619550
0.578650000000000	-14.6224633099855
0.578700000000000	-22.7601274855755
0.578750000000000	7.86329998007168
0.578800000000000	12.9082356699187
0.578850000000000	-75.2478508149543
0.578900000000000	5.45528677453629
0.578950000000000	-26.3997710979653
0.579000000000000	-39.3489203914494
0.579050000000000	-16.2742714887039
0.579100000000000	11.7766356936665
0.579150000000000	-19.6880610228129
0.579200000000000	12.4200783154417
0.579250000000000	6.00952130925602
0.579300000000000	51.6286618198218
0.579350000000000	21.5526248867304
0.579400000000000	-0.363920930787316
0.579450000000000	3.08808764244589
0.579500000000000	-28.3231471876236
0.579550000000000	-2.13793055779715
0.579600000000000	50.1069240109874
0.579650000000000	12.1609725318106
0.579700000000000	-18.5253984511641
0.579750000000000	-24.8091411271101
0.579800000000000	27.7033888661685
0.579850000000000	36.7544838581161
0.579900000000000	73.4577775037654
0.579950000000000	-15.5439304662402
0.580000000000000	66.4331383116483
0.580050000000000	-6.25479530088065
0.580100000000000	20.3226072225667
0.580150000000000	105.333228334024
0.580200000000000	67.5038784292381
0.580250000000000	7.99294898199582
0.580300000000000	46.9265714532599
0.580350000000000	43.3046995684592
0.580400000000000	69.6094044340932
0.580450000000000	80.2291644562975
0.580500000000000	35.8830142307002
0.580550000000000	53.8658371274568
0.580600000000000	73.6312618212621
0.580650000000000	39.7562667397263
0.580700000000000	2.15757600869146
0.580750000000000	11.5229014130356
0.580800000000000	14.0359845283903
0.580850000000000	67.4012432680418
0.580900000000000	-13.8811418418607
0.580950000000000	-52.3261333903912
0.581000000000000	38.9505549025691
0.581050000000000	36.4538103715127
0.581100000000000	0.215922339096242
0.581150000000000	-57.7798325256080
0.581200000000000	13.5066216658121
0.581250000000000	46.7596018700732
0.581300000000000	39.8240658588401
0.581350000000000	70.4856855929667
0.581400000000000	49.3962739712889
0.581450000000000	4.00528457914817
0.581500000000000	23.8814865647460
0.581550000000000	75.5983895573127
0.581600000000000	-4.88265148209489
0.581650000000000	31.8952054244711
0.581700000000000	93.2022767381719
0.581750000000000	-41.1397781572812
0.581800000000000	8.31412639950576
0.581850000000000	-32.8868210747504
0.581900000000000	16.0731418474018
0.581950000000000	-36.1775704683161
0.582000000000000	-8.57883134351147
0.582050000000000	54.9864628123050
0.582100000000000	-27.8084202995746
0.582150000000000	-31.5665053622490
0.582200000000000	53.5779977325306
0.582250000000000	10.0958593225953
0.582300000000000	85.0265756861899
0.582350000000000	-8.80787124406314
0.582400000000000	24.1201924960669
0.582450000000000	11.4659854926242
0.582500000000000	25.4973674130519
0.582550000000000	-5.44010411241621
0.582600000000000	2.91874559732260
0.582650000000000	17.3812325061845
0.582700000000000	-5.79630635733538
0.582750000000000	28.7550513445551
0.582800000000000	18.4371520668049
0.582850000000000	-10.7705834634235
0.582900000000000	51.3232019969054
0.582950000000000	-40.9745754792617
0.583000000000000	-4.07943115750997
0.583050000000000	24.4800024967876
0.583100000000000	-10.2954169368028
0.583150000000000	14.4550903574398
0.583200000000000	0.433142269608254
0.583250000000000	-7.46915888741892
0.583300000000000	-68.5008319707570
0.583350000000000	13.5557938691462
0.583400000000000	-40.7548797228040
0.583450000000000	2.04950165899169
0.583500000000000	36.0101330185980
0.583550000000000	-14.1098972312654
0.583600000000000	-22.0917126506652
0.583650000000000	31.1696558588231
0.583700000000000	-23.2666309958086
0.583750000000000	-27.3049744867707
0.583800000000000	2.90703098167408
0.583850000000000	17.1986366020754
0.583900000000000	58.0618857732634
0.583950000000000	-1.86160563758311
0.584000000000000	24.5290715778575
0.584050000000000	25.2681874901489
0.584100000000000	86.7212881838647
0.584150000000000	39.6446419027357
0.584200000000000	22.5329865457362
0.584250000000000	45.5495446285509
0.584300000000000	18.6901487741231
0.584350000000000	117.767482565233
0.584400000000000	80.9814460182221
0.584450000000000	65.4311160987525
0.584500000000000	-38.7785035689725
0.584550000000000	-31.4930415563403
0.584600000000000	27.1636366830923
0.584650000000000	11.6955395623481
0.584700000000000	54.1807073824571
0.584750000000000	31.0594308742420
0.584800000000000	-21.3999747613241
0.584850000000000	8.51183923953090
0.584900000000000	-20.4638120591364
0.584950000000000	13.5384876933037
0.585000000000000	35.0898339010371
0.585050000000000	70.4213484506674
0.585100000000000	55.3464396528989
0.585150000000000	-1.24964895713266
0.585200000000000	43.6034573501744
0.585250000000000	-5.77808050359364
0.585300000000000	-14.6652989547634
0.585350000000000	28.0129012345348
0.585400000000000	31.7558784045809
0.585450000000000	91.6941575620161
0.585500000000000	-12.5057504421806
0.585550000000000	34.0251836681750
0.585600000000000	-70.9082776004139
0.585650000000000	15.8585095879832
0.585700000000000	64.4720774101800
0.585750000000000	37.9564708020225
0.585800000000000	-1.14865233913736
0.585850000000000	-2.07181112844881
0.585900000000000	-24.2608455997588
0.585950000000000	-9.92438052565552
0.586000000000000	11.8129693597173
0.586050000000000	6.54997648147775
0.586100000000000	7.70742224928701
0.586150000000000	22.9189570679899
0.586200000000000	-64.6635125528061
0.586250000000000	-19.1436142993017
0.586300000000000	35.1291588088309
0.586350000000000	5.40558097133383
0.586400000000000	-2.47352995246955
0.586450000000000	-10.1896406330080
0.586500000000000	11.3488526262568
0.586550000000000	-2.77272879044724
0.586600000000000	-11.9378742908937
0.586650000000000	26.5485667403338
0.586700000000000	4.11347996424903
0.586750000000000	-37.3231162587823
0.586800000000000	-14.4480456269904
0.586850000000000	-1.32581636780553
0.586900000000000	26.6712763174925
0.586950000000000	2.82208621190335
0.587000000000000	-27.6188284830870
0.587050000000000	-53.3667111032494
0.587100000000000	-9.40980602684425
0.587150000000000	-42.4584116024211
0.587200000000000	54.7873273847477
0.587250000000000	-0.680712805718500
0.587300000000000	-22.6658797844701
0.587350000000000	27.0286579695118
0.587400000000000	-11.8471412598280
0.587450000000000	-6.41967916279154
0.587500000000000	4.92480259209471
0.587550000000000	49.8129437521597
0.587600000000000	6.68390855923505
0.587650000000000	24.4771885033833
0.587700000000000	28.2864584146267
0.587750000000000	-11.9825863347160
0.587800000000000	19.8788732772043
0.587850000000000	30.7177307205694
0.587900000000000	30.7818089792635
0.587950000000000	-18.6558148695029
0.588000000000000	27.8366220826070
0.588050000000000	40.5505576996231
0.588100000000000	-25.4587723192411
0.588150000000000	1.76662037477885
0.588200000000000	64.2970519335503
0.588250000000000	18.5111510895410
0.588300000000000	33.0959147868698
0.588350000000000	54.9910168803183
0.588400000000000	-39.3500781400436
0.588450000000000	58.2477748103298
0.588500000000000	19.2454563645948
0.588550000000000	22.6860415741614
0.588600000000000	48.3147339798791
0.588650000000000	28.8967587961941
0.588700000000000	30.9654903310000
0.588750000000000	33.7685039003357
0.588800000000000	-29.0184713114325
0.588850000000000	44.5955384837700
0.588900000000000	70.7749879413524
0.588950000000000	-37.5754607034668
0.589000000000000	16.2206593422242
0.589050000000000	49.7313827638909
0.589100000000000	61.9971807247102
0.589150000000000	-42.0119897614754
0.589200000000000	3.60121734097358
0.589250000000000	20.4744894912084
0.589300000000000	32.8750406442899
0.589350000000000	-39.0488299397132
0.589400000000000	34.1550437389260
0.589450000000000	-42.9641430722545
0.589500000000000	-44.6508708633605
0.589550000000000	-6.26618418793530
0.589600000000000	41.9501615190300
0.589650000000000	-40.1308965967666
0.589700000000000	18.0016891732987
0.589750000000000	7.79318992789870
0.589800000000000	10.0679326424849
0.589850000000000	18.7638782083224
0.589900000000000	41.2790662823234
0.589950000000000	-9.47938429847101
0.590000000000000	93.5934772909023
0.590050000000000	10.1846890715775
0.590100000000000	-14.8083569820451
0.590150000000000	43.5358698147770
0.590200000000000	48.4486444321086
0.590250000000000	41.6134491615836
0.590300000000000	-16.5759293264575
0.590350000000000	46.5125262538386
0.590400000000000	20.5082601485827
0.590450000000000	11.0722170307512
0.590500000000000	0.844064099068273
0.590550000000000	8.53628297687352
0.590600000000000	32.0094895845739
0.590650000000000	0.0533324081247191
0.590700000000000	-27.6934822374490
0.590750000000000	-9.02791052293719
0.590800000000000	2.24180389960141
0.590850000000000	-11.4311584346041
0.590900000000000	17.3800292697058
0.590950000000000	-6.65799766144170
0.591000000000000	9.41122458562961
0.591050000000000	53.7396042348136
0.591100000000000	8.63692223691866
0.591150000000000	-18.3586710165099
0.591200000000000	-0.126435653566766
0.591250000000000	-8.92958499525332
0.591300000000000	-8.59794806179153
0.591350000000000	-30.8941283360918
0.591400000000000	-16.7728161884114
0.591450000000000	61.3110783993603
0.591500000000000	35.6309716142331
0.591550000000000	-8.41218420570251
0.591600000000000	2.27412937915922
0.591650000000000	-25.1702865509331
0.591700000000000	20.8675202614791
0.591750000000000	-28.9871525765595
0.591800000000000	32.2730544279733
0.591850000000000	15.7066648984845
0.591900000000000	48.3602470555151
0.591950000000000	71.9969804527517
0.592000000000000	-22.5551587036641
0.592050000000000	-5.37812723153881
0.592100000000000	29.8041290329360
0.592150000000000	47.4839518217244
0.592200000000000	1.81705241477375
0.592250000000000	36.7093191055233
0.592300000000000	6.45754162283210
0.592350000000000	-7.74974152055797
0.592400000000000	50.6759755998263
0.592450000000000	21.9934000547274
0.592500000000000	16.7294679188708
0.592550000000000	76.5531416883496
0.592600000000000	23.6618866108605
0.592650000000000	-16.4219972235521
0.592700000000000	0.813881423217090
0.592750000000000	50.4943159364843
0.592800000000000	86.9695753849039
0.592850000000000	12.3104555805137
0.592900000000000	25.0143944639678
0.592950000000000	77.1855061194199
0.593000000000000	53.0478585344538
0.593050000000000	5.21037305223168
0.593100000000000	40.9983837259602
0.593150000000000	0.307290998317448
0.593200000000000	36.1691343798135
0.593250000000000	38.2031385703538
0.593300000000000	71.7635329494326
0.593350000000000	-3.06811598128869
0.593400000000000	92.2397089046878
0.593450000000000	40.7866073999364
0.593500000000000	1.93126045993603
0.593550000000000	62.3721143816607
0.593600000000000	-25.3065483266842
0.593650000000000	-25.9825934853503
0.593700000000000	26.6380001112095
0.593750000000000	-18.3850139835992
0.593800000000000	55.2082017659610
0.593850000000000	47.5864006919555
0.593900000000000	37.5257411614721
0.593950000000000	63.3988175904784
0.594000000000000	38.8522715594896
0.594050000000000	-24.7316121469353
0.594100000000000	15.1235952669396
0.594150000000000	12.2064347599684
0.594200000000000	25.9114386163870
0.594250000000000	3.24377748919486
0.594300000000000	-43.6570027336633
0.594350000000000	-4.44288477781250
0.594400000000000	-37.0379857934306
0.594450000000000	24.2280301106968
0.594500000000000	42.4635704031235
0.594550000000000	-24.0657955367489
0.594600000000000	32.3483741920804
0.594650000000000	-14.2132772481773
0.594700000000000	-40.3148977734922
0.594750000000000	-54.0777150783667
0.594800000000000	0.798829154405993
0.594850000000000	-16.7605906625179
0.594900000000000	15.7254120769765
0.594950000000000	-8.75393248364452
0.595000000000000	7.91103123018265
0.595050000000000	19.8091467309800
0.595100000000000	57.0856014332538
0.595150000000000	0.0172959730539901
0.595200000000000	-63.4131271043108
0.595250000000000	10.9790147726739
0.595300000000000	42.6578406022790
0.595350000000000	26.4722582105923
0.595400000000000	49.8470817260917
0.595450000000000	-32.6149335388519
0.595500000000000	-23.5614332571302
0.595550000000000	-1.63340283857153
0.595600000000000	15.5066776782972
0.595650000000000	31.1257259687924
0.595700000000000	-7.92720881424926
0.595750000000000	2.11888332820421
0.595800000000000	30.0691464880930
0.595850000000000	51.2893836261400
0.595900000000000	28.3556506276344
0.595950000000000	81.4601545609188
0.596000000000000	46.4961517876527
0.596050000000000	54.0508974555068
0.596100000000000	43.8820362084147
0.596150000000000	74.2555022468316
0.596200000000000	51.2271698434590
0.596250000000000	47.0248814087904
0.596300000000000	0.575299579745838
0.596350000000000	65.0793358623050
0.596400000000000	44.5438628650833
0.596450000000000	20.1636200628975
0.596500000000000	-12.5804832755856
0.596550000000000	34.8405283065051
0.596600000000000	-22.4610816115245
0.596650000000000	16.8157998149191
0.596700000000000	32.8784188876526
0.596750000000000	-12.4390292525092
0.596800000000000	35.4595911241065
0.596850000000000	42.7891940088521
0.596900000000000	60.1992732267204
0.596950000000000	70.5221710834606
0.597000000000000	59.2248413499530
0.597050000000000	25.3394454324126
0.597100000000000	-2.91855041040898
0.597150000000000	-2.19944852268955
0.597200000000000	57.3431264116821
0.597250000000000	-8.74287715855156
0.597300000000000	23.2813399865697
0.597350000000000	20.8458596471264
0.597400000000000	36.4902099386768
0.597450000000000	15.8014456581842
0.597500000000000	-44.5669037497659
0.597550000000000	21.5429352885417
0.597600000000000	-10.3808389626983
0.597650000000000	54.7067031495891
0.597700000000000	-13.1057434040353
0.597750000000000	70.2010119359544
0.597800000000000	25.4771442136161
0.597850000000000	4.16130023361780
0.597900000000000	-18.0896565509678
0.597950000000000	48.8092181374336
0.598000000000000	24.5926121430330
0.598050000000000	19.7148398662147
0.598100000000000	-24.0099001969942
0.598150000000000	-16.0468819193878
0.598200000000000	26.8577977500744
0.598250000000000	0.110090472733670
0.598300000000000	-49.3010603558834
0.598350000000000	64.5099777630730
0.598400000000000	2.84804815736559
0.598450000000000	-3.36306570941210
0.598500000000000	68.4391206380986
0.598550000000000	-5.24526605047595
0.598600000000000	21.0991839654190
0.598650000000000	4.72052013477979
0.598700000000000	16.4671652946627
0.598750000000000	48.5419442634845
0.598800000000000	13.9440633085521
0.598850000000000	21.3659654477243
0.598900000000000	-35.7124696136746
0.598950000000000	-18.9135380020860
0.599000000000000	28.9599222168312
0.599050000000000	22.5414600815985
0.599100000000000	27.1874519251720
0.599150000000000	60.5008340365041
0.599200000000000	0.983070388908665
0.599250000000000	-0.226249318429154
0.599300000000000	-43.7254621266443
0.599350000000000	65.0503881645220
0.599400000000000	68.4141747237479
0.599450000000000	24.4897086884436
0.599500000000000	50.4470575762200
0.599550000000000	25.9731896902626
0.599600000000000	-5.35512746532386
0.599650000000000	21.3338408275692
0.599700000000000	-52.2186630959906
0.599750000000000	76.1898350257560
0.599800000000000	-15.9764490104395
0.599850000000000	27.1868732329312
0.599900000000000	30.5824706960202
0.599950000000000	34.1773126810309
0.600000000000000	29.3343344669468
0.600050000000000	30.6968769619047
0.600100000000000	42.2314392608498
0.600150000000000	93.9947075591679
0.600200000000000	27.2479433309942
0.600250000000000	43.4115558902093
0.600300000000000	3.20276979928790
0.600350000000000	-31.4343853144178
0.600400000000000	10.6644638791497
0.600450000000000	13.2440397001501
0.600500000000000	-1.03355461243213
0.600550000000000	36.4137977124383
0.600600000000000	33.1869808269392
0.600650000000000	50.0397779154037
0.600700000000000	0.991811340628392
0.600750000000000	60.9303185962287
0.600800000000000	52.2755330580387
0.600850000000000	1.03534207330904
0.600900000000000	25.3706972767233
0.600950000000000	1.24325080461241
0.601000000000000	-38.8931650726870
0.601050000000000	62.0464428434845
0.601100000000000	4.06831461801433
0.601150000000000	-14.1732876820575
0.601200000000000	12.5905860736972
0.601250000000000	14.4325447702312
0.601300000000000	50.1817049418961
0.601350000000000	-2.59819524390932
0.601400000000000	8.86628216916000
0.601450000000000	42.8949170948353
0.601500000000000	52.0692035699114
0.601550000000000	17.7245706077362
0.601600000000000	3.71776768315201
0.601650000000000	20.4278070417658
0.601700000000000	-10.7462939057041
0.601750000000000	7.14324526760618
0.601800000000000	-40.9884570505391
0.601850000000000	12.4958737860534
0.601900000000000	-18.9278124954478
0.601950000000000	44.1832568492089
0.602000000000000	2.34206942630123
0.602050000000000	36.2720270184147
0.602100000000000	40.5798455287731
0.602150000000000	11.6788338898554
0.602200000000000	15.0264472997659
0.602250000000000	-33.8992031584642
0.602300000000000	36.8578240479700
0.602350000000000	33.4091477142922
0.602400000000000	-21.6167178605454
0.602450000000000	8.79890624494036
0.602500000000000	57.2067134333041
0.602550000000000	-15.8806208181263
0.602600000000000	-3.36970217856682
0.602650000000000	-36.8305766314263
0.602700000000000	-34.0818341215729
0.602750000000000	34.7596441675378
0.602800000000000	69.7395572000225
0.602850000000000	-37.3859154211162
0.602900000000000	-19.6020608246039
0.602950000000000	17.7040000984561
0.603000000000000	-18.4154639895713
0.603050000000000	-11.1957371069349
0.603100000000000	16.0749123755462
0.603150000000000	4.07538409074710
0.603200000000000	33.6023128093097
0.603250000000000	0.944240394499671
0.603300000000000	11.8674869883814
0.603350000000000	-11.4569680829745
0.603400000000000	5.70128402148640
0.603450000000000	22.3322571852015
0.603500000000000	-5.54139541494507
0.603550000000000	17.2631762879070
0.603600000000000	-17.6057405375725
0.603650000000000	38.4104452265355
0.603700000000000	5.91158965196958
0.603750000000000	39.4872916428079
0.603800000000000	-18.8546326299266
0.603850000000000	32.5757367076718
0.603900000000000	-39.4480981300103
0.603950000000000	68.1016302709443
0.604000000000000	50.6610891566069
0.604050000000000	-11.4275012810131
0.604100000000000	43.9383017784216
0.604150000000000	-2.99120904517698
0.604200000000000	-17.1027517419060
0.604250000000000	54.7282926006778
0.604300000000000	9.34515272535322
0.604350000000000	44.5340743759712
0.604400000000000	83.1112010568944
0.604450000000000	17.2027630566007
0.604500000000000	-3.85457527020140
0.604550000000000	101.872372993893
0.604600000000000	75.8153754552532
0.604650000000000	50.5650472824899
0.604700000000000	87.1319669155756
0.604750000000000	-6.61248392771050
0.604800000000000	43.5139785291795
0.604850000000000	23.1504432709615
0.604900000000000	-5.63080030541799
0.604950000000000	-3.70253368196713
0.605000000000000	63.5178825426443
0.605050000000000	57.0067068808369
0.605100000000000	35.7587585988049
0.605150000000000	14.9755886853281
0.605200000000000	36.6409996752086
0.605250000000000	51.8234549024881
0.605300000000000	0.869327521071986
0.605350000000000	28.6515408700900
0.605400000000000	89.8686378958642
0.605450000000000	-28.9095895129540
0.605500000000000	-17.2512348908304
0.605550000000000	37.7827640495022
0.605600000000000	-26.4139547491090
0.605650000000000	8.45574815632051
0.605700000000000	49.9600522517420
0.605750000000000	-11.3844851403448
0.605800000000000	-6.81138681467655
0.605850000000000	1.39159839259158
0.605900000000000	-18.3774298514103
0.605950000000000	-2.41306661558676
0.606000000000000	52.8356328230629
0.606050000000000	4.21392915419667
0.606100000000000	-52.3076416370000
0.606150000000000	18.4871452712629
0.606200000000000	1.47768281464876
0.606250000000000	62.8259504194726
0.606300000000000	50.5606609353750
0.606350000000000	30.4098589331813
0.606400000000000	55.4721953706341
0.606450000000000	1.43227319012253
0.606500000000000	-49.1522913976885
0.606550000000000	32.3850833951378
0.606600000000000	-51.9684251724104
0.606650000000000	19.0460083800632
0.606700000000000	2.01677714563138
0.606750000000000	20.3435959336436
0.606800000000000	1.44564433139314
0.606850000000000	19.4853006721863
0.606900000000000	24.1590720170990
0.606950000000000	-49.1666287408341
0.607000000000000	11.1993688326744
0.607050000000000	-64.2351832035091
0.607100000000000	8.36597764157838
0.607150000000000	-5.36122821366723
0.607200000000000	4.05549641840868
0.607250000000000	32.1955973548739
0.607300000000000	-0.582324184987101
0.607350000000000	5.45507666735163
0.607400000000000	-22.8928142667024
0.607450000000000	38.8406279518704
0.607500000000000	-29.8948391449454
0.607550000000000	23.1635896674181
0.607600000000000	12.0781837911219
0.607650000000000	45.7638715446308
0.607700000000000	34.2771528940030
0.607750000000000	-1.95209826623419
0.607800000000000	35.6509747568680
0.607850000000000	-7.99693177843137
0.607900000000000	-0.292548572216221
0.607950000000000	12.7996572332526
0.608000000000000	34.7832447080843
0.608050000000000	23.3461311632288
0.608100000000000	11.2172633807290
0.608150000000000	33.7984038668191
0.608200000000000	24.5648242086030
0.608250000000000	38.1925974950567
0.608300000000000	71.3065106273958
0.608350000000000	55.4753412865220
0.608400000000000	17.6593729786026
0.608450000000000	48.9162022813714
0.608500000000000	21.6438354579748
0.608550000000000	37.2591441162746
0.608600000000000	-7.93390326751709
0.608650000000000	28.7051714925348
0.608700000000000	57.0129564234585
0.608750000000000	25.0945829662636
0.608800000000000	111.755895774228
0.608850000000000	76.1739749140777
0.608900000000000	39.0908530091304
0.608950000000000	34.3747522368767
0.609000000000000	-64.7682664803040
0.609050000000000	90.9202214827617
0.609100000000000	44.3114523481753
0.609150000000000	39.5748232829129
0.609200000000000	2.30679837325076
0.609250000000000	-33.1426740733386
0.609300000000000	21.8296228563364
0.609350000000000	84.7609074221578
0.609400000000000	73.5382907610750
0.609450000000000	10.4784469348526
0.609500000000000	23.4529591246375
0.609550000000000	40.3824637904867
0.609600000000000	37.8563282206917
0.609650000000000	-0.880039035566918
0.609700000000000	81.6567355931434
0.609750000000000	-13.7784128877172
0.609800000000000	-1.97739942476607
0.609850000000000	-6.74584073876453
0.609900000000000	28.8880643371286
0.609950000000000	50.6428376186436
0.610000000000000	27.6656393548699
0.610050000000000	-43.8882333491252
0.610100000000000	-96.7806328536982
0.610150000000000	-47.7005772571906
0.610200000000000	45.7030634649352
0.610250000000000	-47.0488405522171
0.610300000000000	-37.2478841264407
0.610350000000000	-45.6960506762280
0.610400000000000	-13.3229549533940
0.610450000000000	-23.4047173018133
0.610500000000000	4.80107879311873
0.610550000000000	54.2432980263356
0.610600000000000	47.2271228564955
0.610650000000000	54.2354246686406
0.610700000000000	-25.9058382363089
0.610750000000000	5.68488980648829
0.610800000000000	-29.4132841519971
0.610850000000000	-1.38498665373531
0.610900000000000	-46.3174523008310
0.610950000000000	42.1161670037968
0.611000000000000	3.29490209868350
0.611050000000000	15.9830525458424
0.611100000000000	-34.4423433925935
0.611150000000000	23.8111882663047
0.611200000000000	53.3974243145615
0.611250000000000	-6.23060109091536
0.611300000000000	42.7067571876836
0.611350000000000	5.78598315212886
0.611400000000000	-24.3163339495463
0.611450000000000	35.2868516484883
0.611500000000000	67.8024433479071
0.611550000000000	16.5021405814157
0.611600000000000	30.2293018603399
0.611650000000000	29.7220986055755
0.611700000000000	50.4354081483931
0.611750000000000	-11.8896460109647
0.611800000000000	46.6230809668924
0.611850000000000	57.4689574240669
0.611900000000000	34.8600306893564
0.611950000000000	32.7061850880802
0.612000000000000	22.0714035306987
0.612050000000000	-32.1500153454554
0.612100000000000	21.4824253966517
0.612150000000000	14.3566939652861
0.612200000000000	79.5482665391724
0.612250000000000	49.1177257297233
0.612300000000000	-11.2576863901687
0.612350000000000	26.2856548342835
0.612400000000000	29.2394689483257
0.612450000000000	94.3305219492072
0.612500000000000	73.3788685185317
0.612550000000000	17.7340275666303
0.612600000000000	46.3650208005951
0.612650000000000	-22.8670297422105
0.612700000000000	48.6798295930102
0.612750000000000	50.2893113460655
0.612800000000000	7.64401661208470
0.612850000000000	24.1909588269853
0.612900000000000	-0.365417846988265
0.612950000000000	89.5385787695586
0.613000000000000	13.8060894242769
0.613050000000000	0.643167220197769
0.613100000000000	0.910785354981364
0.613150000000000	61.9929169543634
0.613200000000000	50.6596389699623
0.613250000000000	48.4232630196064
0.613300000000000	34.5390228954902
0.613350000000000	23.0332455777706
0.613400000000000	24.7285360874809
0.613450000000000	30.5005031113295
0.613500000000000	46.7870824438024
0.613550000000000	52.4611118384227
0.613600000000000	-24.6369430189196
0.613650000000000	-14.0499317874544
0.613700000000000	-5.92419459271764
0.613750000000000	-22.6312993720163
0.613800000000000	19.8393331343987
0.613850000000000	48.8165942673322
0.613900000000000	-40.3107267456167
0.613950000000000	-7.44099494591958
0.614000000000000	24.6767248149154
0.614050000000000	19.5523722063266
0.614100000000000	-13.3393245137054
0.614150000000000	-3.99527457007137
0.614200000000000	40.5415434401359
0.614250000000000	-17.9273314359396
0.614300000000000	-7.57427377051256
0.614350000000000	26.2669593440304
0.614400000000000	-0.721084782782850
0.614450000000000	-12.5359917109640
0.614500000000000	-27.2083583895569
0.614550000000000	-8.98664494754559
0.614600000000000	-35.5380005359158
0.614650000000000	6.31773927692868
0.614700000000000	7.13585963285177
0.614750000000000	19.2798377015093
0.614800000000000	1.92946260391046
0.614850000000000	-7.53104476671904
0.614900000000000	19.9199702719979
0.614950000000000	35.7961085018402
0.615000000000000	12.3676904580604
0.615050000000000	48.7443023336348
0.615100000000000	37.0889271747076
0.615150000000000	27.6320435117950
0.615200000000000	-10.3610814101269
0.615250000000000	28.0295745742621
0.615300000000000	-56.7251957210048
0.615350000000000	56.2041684281901
0.615400000000000	37.1240325201413
0.615450000000000	28.3661935560947
0.615500000000000	-40.9842868336062
0.615550000000000	-23.8003255955860
0.615600000000000	3.83694379149086
0.615650000000000	49.5160887720158
0.615700000000000	58.8636740645712
0.615750000000000	35.1556636320068
0.615800000000000	7.94851206749040
0.615850000000000	-7.08474381930554
0.615900000000000	32.4958468641649
0.615950000000000	7.93757756636629
0.616000000000000	15.5227244164944
0.616050000000000	-5.21674084719365
0.616100000000000	26.2364788004673
0.616150000000000	34.0997157604774
0.616200000000000	71.5070531986076
0.616250000000000	12.1815961965831
0.616300000000000	-2.45418787223337
0.616350000000000	57.8772328310135
0.616400000000000	37.6506618205608
0.616450000000000	55.6139837916819
0.616500000000000	53.6212328331838
0.616550000000000	-9.22711688423426
0.616600000000000	3.11540350609619
0.616650000000000	-9.25431644861679
0.616700000000000	5.25327355404661
0.616750000000000	27.9799444707571
0.616800000000000	-20.8548458096452
0.616850000000000	83.8122803967257
0.616900000000000	71.3441898490442
0.616950000000000	2.92982912731616
0.617000000000000	55.1524625696759
0.617050000000000	-12.3089753180265
0.617100000000000	33.8937906810977
0.617150000000000	0.0444659752753793
0.617200000000000	5.48240048829803
0.617250000000000	9.75472352204023
0.617300000000000	-9.96386343149597
0.617350000000000	-20.8750281070110
0.617400000000000	52.3960983809656
0.617450000000000	35.2256370421448
0.617500000000000	52.7744134141981
0.617550000000000	26.3608075135270
0.617600000000000	27.7592345821878
0.617650000000000	24.1413600363537
0.617700000000000	3.39797497518994
0.617750000000000	19.5997597534377
0.617800000000000	51.0908020774019
0.617850000000000	-0.814666758009100
0.617900000000000	-0.337640283420573
0.617950000000000	-20.8515999719717
0.618000000000000	-16.3000339001026
0.618050000000000	-49.8898452219963
0.618100000000000	-31.6354364582083
0.618150000000000	-38.3275698578550
0.618200000000000	-36.4635659356826
0.618250000000000	3.23032257333956
0.618300000000000	-15.5446347105488
0.618350000000000	8.20001699989251
0.618400000000000	21.3642053588324
0.618450000000000	-3.14255674124258
0.618500000000000	-66.6101897692605
0.618550000000000	5.54126415427884
0.618600000000000	3.45131688789556
0.618650000000000	7.07622963844924
0.618700000000000	-32.0979229485521
0.618750000000000	12.5745587984157
0.618800000000000	-6.09078915169218
0.618850000000000	-7.60928086978461
0.618900000000000	4.39491407628412
0.618950000000000	-24.2856779596158
0.619000000000000	41.2513357144559
0.619050000000000	-26.9613162898349
0.619100000000000	-55.6584198306814
0.619150000000000	-37.2059104298988
0.619200000000000	-36.0580285858556
0.619250000000000	23.3992160975065
0.619300000000000	-4.48615702685179
0.619350000000000	27.9580683483594
0.619400000000000	-40.7700113866004
0.619450000000000	17.5582400745101
0.619500000000000	23.3961294616068
0.619550000000000	57.8305202527295
0.619600000000000	37.0294572518278
0.619650000000000	13.5614287442932
0.619700000000000	15.9403973456253
0.619750000000000	78.2467548377779
0.619800000000000	26.5411006885490
0.619850000000000	24.1078249218899
0.619900000000000	40.9260877499730
0.619950000000000	51.6601820180896
0.620000000000000	36.1109901867056
0.620050000000000	33.9376015124601
0.620100000000000	13.4083648973141
0.620150000000000	36.7425965466804
0.620200000000000	31.8231312195192
0.620250000000000	-28.4684965225108
0.620300000000000	40.5729216263827
0.620350000000000	-5.70243866622493
0.620400000000000	10.4599690512747
0.620450000000000	78.9356399372832
0.620500000000000	20.1426607689057
0.620550000000000	24.0399061836424
0.620600000000000	90.8610814517495
0.620650000000000	33.6449861361899
0.620700000000000	22.5325122852913
0.620750000000000	46.8155386393815
0.620800000000000	33.8449949407966
0.620850000000000	40.3626852446044
0.620900000000000	-35.7493626450888
0.620950000000000	72.6966992832446
0.621000000000000	73.5852479791949
0.621050000000000	3.35591289738549
0.621100000000000	46.9765086428817
0.621150000000000	27.8634273447887
0.621200000000000	5.51092648660653
0.621250000000000	60.9658279648838
0.621300000000000	-17.1393557874661
0.621350000000000	12.1212814713610
0.621400000000000	5.55689869199545
0.621450000000000	-10.9808720933356
0.621500000000000	16.7035744243058
0.621550000000000	12.3225241197969
0.621600000000000	3.77607941414117
0.621650000000000	41.2030091584807
0.621700000000000	13.3795229848662
0.621750000000000	32.6773076546087
0.621800000000000	20.2020599714543
0.621850000000000	41.5335666303047
0.621900000000000	60.8573068518432
0.621950000000000	58.4076857552290
0.622000000000000	-50.3461257686867
0.622050000000000	16.0403373105496
0.622100000000000	67.9419920167267
0.622150000000000	-21.1897051221766
0.622200000000000	8.38304048413377
0.622250000000000	51.5052799483367
0.622300000000000	-43.2325576656533
0.622350000000000	13.8935366579911
0.622400000000000	6.38560317791983
0.622450000000000	56.8539750760684
0.622500000000000	0.309477303869873
0.622550000000000	-8.02162022128157
0.622600000000000	10.7136148808885
0.622650000000000	18.9903356276408
0.622700000000000	-16.2215164754554
0.622750000000000	5.84533747168238
0.622800000000000	10.1437020012148
0.622850000000000	16.5559318565567
0.622900000000000	11.9635177553946
0.622950000000000	-33.0313392229730
0.623000000000000	19.7045437289841
0.623050000000000	-10.8754155084962
0.623100000000000	26.7314244444606
0.623150000000000	-10.5841383746452
0.623200000000000	-2.28997414885795
0.623250000000000	-58.5636824152011
0.623300000000000	54.0618746529012
0.623350000000000	25.9769946707758
0.623400000000000	-33.9527301027690
0.623450000000000	28.1076493158419
0.623500000000000	-34.7757503763219
0.623550000000000	-15.9889232556892
0.623600000000000	27.2721129155818
0.623650000000000	-38.5851661840130
0.623700000000000	-13.2736370979874
0.623750000000000	18.4375607815914
0.623800000000000	41.9065343532962
0.623850000000000	-24.5038900155092
0.623900000000000	-6.41736197869520
0.623950000000000	26.0160096988748
0.624000000000000	28.6290152532149
0.624050000000000	-24.7185292963596
0.624100000000000	77.8210453313629
0.624150000000000	51.4724900264524
0.624200000000000	37.7678648956983
0.624250000000000	-35.0397951393473
0.624300000000000	26.7577571123336
0.624350000000000	51.1114147849884
0.624400000000000	49.6168011113730
0.624450000000000	38.2869754335468
0.624500000000000	-6.46553351535560
0.624550000000000	58.7188816459332
0.624600000000000	50.1822896962464
0.624650000000000	0.964612360219000
0.624700000000000	74.4931482675706
0.624750000000000	29.0971219985038
0.624800000000000	23.6288885100226
0.624850000000000	43.0329265021731
0.624900000000000	20.6140604194941
0.624950000000000	69.7879223144070
0.625000000000000	-3.62424701449709
0.625050000000000	93.3268643059314
0.625100000000000	56.7965171181118
0.625150000000000	-8.62024900439520
0.625200000000000	-0.398658053930015
0.625250000000000	7.59249921778996
0.625300000000000	-14.9305275285757
0.625350000000000	-27.2371025686889
0.625400000000000	78.4539959044935
0.625450000000000	4.52956248810844
0.625500000000000	-42.2933275495540
0.625550000000000	56.7460111229481
0.625600000000000	4.97793120792222
0.625650000000000	22.0364830179430
0.625700000000000	13.5217762760455
0.625750000000000	0.563855454673465
0.625800000000000	-3.53188371038587
0.625850000000000	28.2279726344510
0.625900000000000	63.2921792431722
0.625950000000000	-6.04675290306548
0.626000000000000	1.49675615307068
0.626050000000000	-12.0368582906673
0.626100000000000	-10.0844265807607
0.626150000000000	-64.4550668927144
0.626200000000000	3.95760471926454
0.626250000000000	-21.3231658468907
0.626300000000000	-31.1128762759082
0.626350000000000	18.9434601182533
0.626400000000000	4.58129826775757
0.626450000000000	35.1725828615666
0.626500000000000	-5.87176030813052
0.626550000000000	-16.2004758068834
0.626600000000000	3.37728601650855
0.626650000000000	18.3181935545686
0.626700000000000	37.7787947951079
0.626750000000000	3.51836673827843
0.626800000000000	21.7898032202755
0.626850000000000	19.0945481887521
0.626900000000000	34.8136429881938
0.626950000000000	-27.9961404779869
0.627000000000000	-13.4346058233809
0.627050000000000	31.9325514624725
0.627100000000000	17.6190456486392
0.627150000000000	-33.0751266171593
0.627200000000000	-20.3096378647228
0.627250000000000	8.14057410825007
0.627300000000000	59.1380655231049
0.627350000000000	-47.8725260358043
0.627400000000000	-17.3819637578482
0.627450000000000	-23.0910881990446
0.627500000000000	18.0869204638128
0.627550000000000	20.9106352142000
0.627600000000000	-1.46242758920939
0.627650000000000	2.05973151816520
0.627700000000000	-30.6496783715103
0.627750000000000	24.2267129056741
0.627800000000000	-19.1405678592283
0.627850000000000	11.7977003807165
0.627900000000000	30.3297761734358
0.627950000000000	7.38430609493602
0.628000000000000	30.0043412530413
0.628050000000000	-32.6420675510254
0.628100000000000	24.6366854243171
0.628150000000000	30.8919369801034
0.628200000000000	68.7228738736669
0.628250000000000	-5.42647916468819
0.628300000000000	44.3977280662596
0.628350000000000	40.5523973297701
0.628400000000000	31.1765491554475
0.628450000000000	39.5028381953648
0.628500000000000	7.58567979553504
0.628550000000000	84.5100148027110
0.628600000000000	101.760101946518
0.628650000000000	115.370994459939
0.628700000000000	68.6126674528321
0.628750000000000	36.4175002394333
0.628800000000000	51.8289152039142
0.628850000000000	39.7408710129755
0.628900000000000	68.2117424498389
0.628950000000000	48.8279602008518
0.629000000000000	56.9544815390126
0.629050000000000	-3.75211325351101
0.629100000000000	19.5671683654275
0.629150000000000	-39.1000742816213
0.629200000000000	42.4824706116644
0.629250000000000	17.3566609012832
0.629300000000000	27.5283153847537
0.629350000000000	58.4698737186406
0.629400000000000	-10.3965978969354
0.629450000000000	-10.0105209235114
0.629500000000000	-45.6895345366315
0.629550000000000	-33.9438845623574
0.629600000000000	22.9191946920605
0.629650000000000	51.7845060027368
0.629700000000000	46.8381542451022
0.629750000000000	-80.5818543964440
0.629800000000000	16.6889203098279
0.629850000000000	27.0255690859389
0.629900000000000	18.3290457106821
0.629950000000000	23.8001907467269
0.630000000000000	-11.7895156550172
0.630050000000000	41.3074231687765
0.630100000000000	18.4864745020115
0.630150000000000	8.10414949816826
0.630200000000000	-9.15932090259155
0.630250000000000	-44.3790902309505
0.630300000000000	-11.1179900422942
0.630350000000000	-28.9846446265625
0.630400000000000	-68.7892534602238
0.630450000000000	-20.9889442940675
0.630500000000000	17.8863034412440
0.630550000000000	2.30557522360061
0.630600000000000	-34.5635529689931
0.630650000000000	42.0033829438817
0.630700000000000	22.1235158993931
0.630750000000000	7.95135453332257
0.630800000000000	47.4693540698925
0.630850000000000	6.26187906529446
0.630900000000000	9.70128959865437
0.630950000000000	1.02885816025982
0.631000000000000	-11.0408785968194
0.631050000000000	13.6832557376991
0.631100000000000	-28.6484928861651
0.631150000000000	65.3563031898330
0.631200000000000	38.4014379825372
0.631250000000000	-8.33911734727374
0.631300000000000	-8.70163100835957
0.631350000000000	21.4873714740099
0.631400000000000	45.9886094528460
0.631450000000000	-0.610219872559426
0.631500000000000	2.71069261933454
0.631550000000000	28.5001658813523
0.631600000000000	56.7468813130506
0.631650000000000	29.4783395793109
0.631700000000000	-60.6175601106834
0.631750000000000	67.6258541958483
0.631800000000000	38.0161179919121
0.631850000000000	28.9633044046434
0.631900000000000	0.561593976492473
0.631950000000000	53.2668769888868
0.632000000000000	39.7505627875833
0.632050000000000	48.5156618052237
0.632100000000000	49.0736001864015
0.632150000000000	38.0555467329241
0.632200000000000	30.9435798469676
0.632250000000000	23.4003547844952
0.632300000000000	-10.3620683934242
0.632350000000000	59.2713933480724
0.632400000000000	14.8601355828327
0.632450000000000	103.184153217622
0.632500000000000	115.953538547028
0.632550000000000	12.2394414122361
0.632600000000000	2.35214715828306
0.632650000000000	91.9829314352677
0.632700000000000	4.15385610025161
0.632750000000000	83.4752227274883
0.632800000000000	52.8117778740335
0.632850000000000	124.393255701726
0.632900000000000	51.9848091741310
0.632950000000000	46.8272812961460
0.633000000000000	34.2806115999984
0.633050000000000	26.7131823163008
0.633100000000000	57.0173119504619
0.633150000000000	7.12336477748888
0.633200000000000	40.1510953467899
0.633250000000000	25.4748860223396
0.633300000000000	-57.3867959054651
0.633350000000000	62.0693833802651
0.633400000000000	-8.25248937473785
0.633450000000000	41.6635184523928
0.633500000000000	-24.1834379851441
0.633550000000000	0.283214348402389
0.633600000000000	-1.27157581857830
0.633650000000000	0.972301945802890
0.633700000000000	-21.2199436239302
0.633750000000000	47.6864612869912
0.633800000000000	80.8952166189717
0.633850000000000	6.19124404034315
0.633900000000000	-23.0356239212895
0.633950000000000	27.1595728230442
0.634000000000000	10.8952357323312
0.634050000000000	14.2608726144134
0.634100000000000	-21.5598921242191
0.634150000000000	42.7417130326724
0.634200000000000	15.8003674229768
0.634250000000000	-36.6891959084276
0.634300000000000	-75.6966434977016
0.634350000000000	-36.2480021382454
0.634400000000000	-27.0436451585185
0.634450000000000	20.2901435904805
0.634500000000000	7.29724693984839
0.634550000000000	32.2962418398933
0.634600000000000	13.7300328518783
0.634650000000000	1.27487865572176
0.634700000000000	-16.7171421816793
0.634750000000000	-5.30442898212815
0.634800000000000	5.61896176509385
0.634850000000000	-52.0764802165159
0.634900000000000	13.0867681946477
0.634950000000000	-12.7229322662099
0.635000000000000	50.8770727642480
0.635050000000000	10.1896333073859
0.635100000000000	6.60966201354031
0.635150000000000	-79.5344725457936
0.635200000000000	-7.80625954995936
0.635250000000000	0.155656615636007
0.635300000000000	22.3454280265303
0.635350000000000	21.9633687513788
0.635400000000000	-56.8106199968447
0.635450000000000	-40.6374810543996
0.635500000000000	5.88604175338680
0.635550000000000	-16.1598262665838
0.635600000000000	54.0120812146582
0.635650000000000	-34.6963686781598
0.635700000000000	-4.88052640599107
0.635750000000000	-7.40425392324928
0.635800000000000	82.0805855703794
0.635850000000000	-4.07517908874530
0.635900000000000	-24.9241160469604
0.635950000000000	76.4411370568291
0.636000000000000	12.0600040919749
0.636050000000000	28.0333048965756
0.636100000000000	-46.6930396854606
0.636150000000000	22.8920322487403
0.636200000000000	40.4607911715945
0.636250000000000	28.7677139135566
0.636300000000000	-34.4245545474223
0.636350000000000	43.3252269067367
0.636400000000000	76.1966971537044
0.636450000000000	69.4815596896282
0.636500000000000	47.3115933612086
0.636550000000000	68.7180479623525
0.636600000000000	18.0248613422696
0.636650000000000	33.5731680475930
0.636700000000000	29.3649320114615
0.636750000000000	-58.7821203010955
0.636800000000000	-13.9111251919196
0.636850000000000	74.7283355908274
0.636900000000000	16.4899927155356
0.636950000000000	42.6346196946253
0.637000000000000	71.9106074606496
0.637050000000000	41.5357216773620
0.637100000000000	8.09318057195971
0.637150000000000	-13.5034116809485
0.637200000000000	-50.8095986588767
0.637250000000000	1.82245896466915
0.637300000000000	15.3327960042100
0.637350000000000	16.0834313201457
0.637400000000000	20.6788371928118
0.637450000000000	6.66832115372092
0.637500000000000	22.4603846453553
0.637550000000000	40.6370858144673
0.637600000000000	52.8259370358644
0.637650000000000	-49.7760850200950
0.637700000000000	34.2174465415782
0.637750000000000	3.21964269290742
0.637800000000000	77.6915599568387
0.637850000000000	20.2403248311135
0.637900000000000	-13.4302603072528
0.637950000000000	-24.2512296399399
0.638000000000000	-14.6921155013886
0.638050000000000	14.9691088778889
0.638100000000000	7.38287159270797
0.638150000000000	-100.909967182533
0.638200000000000	-24.9871911515720
0.638250000000000	-51.3253267899720
0.638300000000000	-29.1458121910747
0.638350000000000	3.23904320385452
0.638400000000000	-19.5164502872946
0.638450000000000	-24.3635180398902
0.638500000000000	16.8796813702692
0.638550000000000	-49.4018968659191
0.638600000000000	14.6433948496753
0.638650000000000	-8.85721020536364
0.638700000000000	4.80295799377088
0.638750000000000	34.7733966141221
0.638800000000000	-31.0160273242587
0.638850000000000	-48.7029275683913
0.638900000000000	-47.3480553120025
0.638950000000000	31.3784694840345
0.639000000000000	-8.59823958071560
0.639050000000000	-9.21943367799014
0.639100000000000	-19.5419794890404
0.639150000000000	7.70152276337093
0.639200000000000	19.1881380135389
0.639250000000000	30.1886478309741
0.639300000000000	-34.2190389449006
0.639350000000000	-17.7475167114694
0.639400000000000	3.81367830938768
0.639450000000000	19.1675059157113
0.639500000000000	25.5981452056911
0.639550000000000	4.20502888846719
0.639600000000000	37.2701641081310
0.639650000000000	-20.3824165038910
0.639700000000000	36.5903350191230
0.639750000000000	-7.68056428382353
0.639800000000000	-12.2375203366271
0.639850000000000	27.2901245327574
0.639900000000000	17.2754639275955
0.639950000000000	15.7343969606020
0.640000000000000	4.86456464439564
0.640050000000000	10.0182780308069
0.640100000000000	36.1263965950886
0.640150000000000	15.7744960971589
0.640200000000000	-18.0729516766978
0.640250000000000	9.89923425668487
0.640300000000000	32.2867439811879
0.640350000000000	60.2419497570637
0.640400000000000	39.8559180788333
0.640450000000000	-1.97727191899480
0.640500000000000	45.5291208459523
0.640550000000000	33.9492940295878
0.640600000000000	67.1703836884084
0.640650000000000	78.8745754714003
0.640700000000000	48.1474767487074
0.640750000000000	37.2744179994021
0.640800000000000	-4.70847433868737
0.640850000000000	42.8064987492323
0.640900000000000	41.5421765860777
0.640950000000000	-19.2040263560948
0.641000000000000	45.4690261713163
0.641050000000000	9.45717740662670
0.641100000000000	62.2214425393153
0.641150000000000	59.6300627490578
0.641200000000000	14.4251864966864
0.641250000000000	27.4409063933466
0.641300000000000	35.6296996908870
0.641350000000000	-1.17830833970791
0.641400000000000	4.52017967350764
0.641450000000000	-2.01446174918282
0.641500000000000	-26.6212542207431
0.641550000000000	-42.3345341661703
0.641600000000000	21.2020417519109
0.641650000000000	-18.6213025913811
0.641700000000000	31.7143966919837
0.641750000000000	20.6691647111314
0.641800000000000	9.11395189820688
0.641850000000000	20.2017005242577
0.641900000000000	-55.8737588999970
0.641950000000000	-5.50082502474277
0.642000000000000	-5.99161800016898
0.642050000000000	8.55681689097895
0.642100000000000	34.1057911319694
0.642150000000000	38.1783025394504
0.642200000000000	18.3400016353698
0.642250000000000	0.812243270900197
0.642300000000000	-52.1101067278605
0.642350000000000	-10.2960367439582
0.642400000000000	-60.9202676449079
0.642450000000000	37.0530507971965
0.642500000000000	-15.5255908375583
0.642550000000000	-42.0141652448223
0.642600000000000	-25.5174159063456
0.642650000000000	4.53921607785279
0.642700000000000	30.3880921424557
0.642750000000000	15.0289070502872
0.642800000000000	13.8333177262336
0.642850000000000	-16.1634777964026
0.642900000000000	15.5372274357444
0.642950000000000	-7.22482030644226
0.643000000000000	-17.9264863478661
0.643050000000000	40.4617310515381
0.643100000000000	-7.72825081418651
0.643150000000000	19.6802619326735
0.643200000000000	4.14429177031822
0.643250000000000	27.6542624743670
0.643300000000000	-63.1137704939675
0.643350000000000	-19.5977006885958
0.643400000000000	33.1180227232955
0.643450000000000	40.3210308116218
0.643500000000000	-22.4778229790478
0.643550000000000	-10.7760671241942
0.643600000000000	6.67865909478913
0.643650000000000	24.6514866685872
0.643700000000000	16.5841462644839
0.643750000000000	106.219215760410
0.643800000000000	30.8769245359980
0.643850000000000	54.4563508496802
0.643900000000000	31.9933524077322
0.643950000000000	7.88548440774545
0.644000000000000	-11.9508647692282
0.644050000000000	11.2796745575562
0.644100000000000	62.1250809288027
0.644150000000000	93.2120747376960
0.644200000000000	20.8704379730094
0.644250000000000	49.1569779641358
0.644300000000000	-15.7005804362161
0.644350000000000	75.6006292146257
0.644400000000000	39.7083414124758
0.644450000000000	-52.1300553016409
0.644500000000000	78.1942821818334
0.644550000000000	-7.13623582296034
0.644600000000000	54.6618932062557
0.644650000000000	44.0020964975677
0.644700000000000	41.4172647034191
0.644750000000000	55.9991903374859
0.644800000000000	-11.6609162164245
0.644850000000000	-8.17528135240373
0.644900000000000	31.3335722150451
0.644950000000000	36.2386662811227
0.645000000000000	121.378301386508
0.645050000000000	61.4849401571450
0.645100000000000	14.8110753582476
0.645150000000000	-18.9754720170006
0.645200000000000	18.5485677123577
0.645250000000000	46.3489426827740
0.645300000000000	78.2943425748496
0.645350000000000	73.6759895518106
0.645400000000000	60.7227943170160
0.645450000000000	31.0153590445411
0.645500000000000	23.5014482112081
0.645550000000000	33.0318341782679
0.645600000000000	52.7984993539713
0.645650000000000	6.46798360526628
0.645700000000000	36.1979668570912
0.645750000000000	-22.6647163271360
0.645800000000000	19.4963411701120
0.645850000000000	59.2590894004425
0.645900000000000	11.3013154997057
0.645950000000000	36.8649465811225
0.646000000000000	20.4629252508250
0.646050000000000	1.06115077608534
0.646100000000000	-31.7316581285771
0.646150000000000	21.8166898503199
0.646200000000000	8.26329951407042
0.646250000000000	4.31199267992316
0.646300000000000	5.35607005580564
0.646350000000000	-69.0486846733910
0.646400000000000	-44.2214722254648
0.646450000000000	41.4890929106319
0.646500000000000	-67.5578766306270
0.646550000000000	32.6050994180938
0.646600000000000	-4.18566798173573
0.646650000000000	-5.18248591321724
0.646700000000000	-66.1771279204546
0.646750000000000	11.6824413380542
0.646800000000000	-55.3224223625387
0.646850000000000	45.6421317317299
0.646900000000000	-7.53581771729162
0.646950000000000	-24.7537200638038
0.647000000000000	-33.7439525468566
0.647050000000000	-25.2617989113643
0.647100000000000	-22.2586269956719
0.647150000000000	3.91305061555083
0.647200000000000	-13.6473619907465
0.647250000000000	-5.95482390368885
0.647300000000000	4.28667735277647
0.647350000000000	-1.78673479454859
0.647400000000000	27.2402639018466
0.647450000000000	-6.45565588395044
0.647500000000000	-33.3877307305921
0.647550000000000	-15.3481744908122
0.647600000000000	37.2996313959483
0.647650000000000	15.4173614795162
0.647700000000000	48.2988132947804
0.647750000000000	-2.23490510832255
0.647800000000000	1.56376769200196
0.647850000000000	31.7668143299138
0.647900000000000	3.17118030744538
0.647950000000000	30.8865754905461
0.648000000000000	24.9335124401722
0.648050000000000	-16.5959830291918
0.648100000000000	63.6658332226500
0.648150000000000	11.9469013477850
0.648200000000000	72.3113806416697
0.648250000000000	-16.2279256206253
0.648300000000000	77.3454794659981
0.648350000000000	9.62880545414061
0.648400000000000	4.03250746005808
0.648450000000000	-26.4823770331474
0.648500000000000	-46.8912555316393
0.648550000000000	43.5764715111147
0.648600000000000	37.7853273069110
0.648650000000000	8.18191210377071
0.648700000000000	37.5819377496019
0.648750000000000	34.2839361128830
0.648800000000000	56.0339147540514
0.648850000000000	14.7591512601431
0.648900000000000	24.8907917952943
0.648950000000000	50.7214002013980
0.649000000000000	-18.4191094963417
0.649050000000000	39.7375202936642
0.649100000000000	51.9573672702024
0.649150000000000	44.1842381979114
0.649200000000000	36.2934853255668
0.649250000000000	-9.64057307363846
0.649300000000000	28.7951903744849
0.649350000000000	18.6913788158056
0.649400000000000	33.7137274227843
0.649450000000000	34.3121445093314
0.649500000000000	-8.63715938398394
0.649550000000000	19.3738922623544
0.649600000000000	49.1847443205421
0.649650000000000	26.3480024888325
0.649700000000000	0.877395415296643
0.649750000000000	-14.6990543811833
0.649800000000000	103.396358651940
0.649850000000000	-39.1453553181163
0.649900000000000	-33.4267161959628
0.649950000000000	18.3626365065481
0.650000000000000	65.9359454576958
0.650050000000000	16.2190660660394
0.650100000000000	33.8374684152647
0.650150000000000	-18.7947705066667
0.650200000000000	39.5935124541604
0.650250000000000	-0.449989093197235
0.650300000000000	-23.7754820709253
0.650350000000000	-0.936745848621534
0.650400000000000	10.6135813004352
0.650450000000000	-36.4386771731121
0.650500000000000	-93.8191391193065
0.650550000000000	46.0262409643688
0.650600000000000	52.2524696951430
0.650650000000000	5.74353788374910
0.650700000000000	-73.5073582721454
0.650750000000000	3.55789055825287
0.650800000000000	-11.8861676957186
0.650850000000000	34.3584918716545
0.650900000000000	-24.8078714959305
0.650950000000000	30.2510278852864
0.651000000000000	-6.68347610318053
0.651050000000000	-16.1858985193263
0.651100000000000	45.6312606938075
0.651150000000000	9.84566431377979
0.651200000000000	-65.9150336346759
0.651250000000000	-16.5872487712544
0.651300000000000	13.0999280227014
0.651350000000000	32.0444821302415
0.651400000000000	-10.2062097595480
0.651450000000000	55.4909590026115
0.651500000000000	-8.52534309712070
0.651550000000000	46.7671073465454
0.651600000000000	71.0184562533273
0.651650000000000	14.4673105156702
0.651700000000000	3.28978832775754
0.651750000000000	15.3320575471045
0.651800000000000	78.9577452617664
0.651850000000000	59.8744700945794
0.651900000000000	68.5580992541235
0.651950000000000	22.3520342758450
0.652000000000000	37.8613610874933
0.652050000000000	20.1741092886442
0.652100000000000	14.9885816271967
0.652150000000000	66.4084813524508
0.652200000000000	72.5699339969207
0.652250000000000	35.9638127738337
0.652300000000000	111.953079870378
0.652350000000000	-9.07610472066187
0.652400000000000	33.0079270677569
0.652450000000000	78.5898038033117
0.652500000000000	56.8737723542953
0.652550000000000	49.1874551326894
0.652600000000000	42.0989522287192
0.652650000000000	40.3649994438230
0.652700000000000	-24.5278603530967
0.652750000000000	51.2984761715737
0.652800000000000	82.8400672283938
0.652850000000000	45.4916977143026
0.652900000000000	40.9250003670234
0.652950000000000	68.1855958570582
0.653000000000000	49.0906886585475
0.653050000000000	37.2764045799924
0.653100000000000	44.5105117161948
0.653150000000000	57.4947539221097
0.653200000000000	-40.9268028839618
0.653250000000000	53.4170681645624
0.653300000000000	74.1203575819170
0.653350000000000	31.1392804575450
0.653400000000000	-52.3230350641538
0.653450000000000	-43.2513368953898
0.653500000000000	55.2847858746920
0.653550000000000	24.1326099578028
0.653600000000000	-15.0511157497618
0.653650000000000	-6.78966297466359
0.653700000000000	22.9692555204575
0.653750000000000	-42.4303319166507
0.653800000000000	-20.7908001628869
0.653850000000000	27.8695248778244
0.653900000000000	0.364228558049177
0.653950000000000	-27.4265832826743
0.654000000000000	-26.7969008272164
0.654050000000000	-0.713861224224868
0.654100000000000	28.2181195379465
0.654150000000000	-13.8235502350039
0.654200000000000	-44.1824696294320
0.654250000000000	-73.3153784514006
0.654300000000000	46.0410739385912
0.654350000000000	7.15684104509750
0.654400000000000	-19.0476708816466
0.654450000000000	17.7960514121277
0.654500000000000	47.1735629235921
0.654550000000000	20.9310769261033
0.654600000000000	-29.1943204364414
0.654650000000000	-21.9536654553433
0.654700000000000	-20.1097149313850
0.654750000000000	-73.7621977313567
0.654800000000000	-21.7484101949270
0.654850000000000	-10.6689130933672
0.654900000000000	37.5495675321052
0.654950000000000	-25.5300516697271
0.655000000000000	29.9582221331647
0.655050000000000	6.47110707891153
0.655100000000000	3.75102001030891
0.655150000000000	-26.7710511629656
0.655200000000000	-5.51371171142021
0.655250000000000	40.8987038038757
0.655300000000000	5.23799664001138
0.655350000000000	-71.2683630452481
0.655400000000000	42.7909973375148
0.655450000000000	43.5632572637508
0.655500000000000	42.7510647486355
0.655550000000000	-8.26511293786416
0.655600000000000	37.6994845351614
0.655650000000000	20.4698815158378
0.655700000000000	4.24643290914549
0.655750000000000	25.3620655805275
0.655800000000000	46.6775603059433
0.655850000000000	42.8678294295593
0.655900000000000	99.4561915699526
0.655950000000000	39.0083742231290
0.656000000000000	14.4229362683837
0.656050000000000	26.9097355222427
0.656100000000000	24.9034571868509
0.656150000000000	4.58280420372657
0.656200000000000	8.53006753201456
0.656250000000000	14.6321038444934
0.656300000000000	62.0818877919438
0.656350000000000	62.3220509972795
0.656400000000000	31.4186726551259
0.656450000000000	40.9198770143324
0.656500000000000	21.1343509176399
0.656550000000000	32.0553790581598
0.656600000000000	56.3624286843306
0.656650000000000	34.8406699899035
0.656700000000000	37.5300590290496
0.656750000000000	49.5667746443930
0.656800000000000	12.9172884701646
0.656850000000000	82.5267508800341
0.656900000000000	37.5050721942030
0.656950000000000	45.7382764353878
0.657000000000000	2.57625110482881
0.657050000000000	12.5211542146582
0.657100000000000	16.0728882445520
0.657150000000000	12.9764782227527
0.657200000000000	38.3177831687226
0.657250000000000	34.1939981907010
0.657300000000000	38.7270000349192
0.657350000000000	94.9244447881119
0.657400000000000	12.6864470826961
0.657450000000000	30.9138321449638
0.657500000000000	16.6519812267482
0.657550000000000	39.8437263226256
0.657600000000000	12.5375797938247
0.657650000000000	-9.33310856646215
0.657700000000000	-2.03504178771745
0.657750000000000	-12.2075950746635
0.657800000000000	6.52672941872175
0.657850000000000	-52.1717508026121
0.657900000000000	30.0147902159805
0.657950000000000	42.7596490193042
0.658000000000000	41.2318675178342
0.658050000000000	-40.4365377576483
0.658100000000000	33.3006531191058
0.658150000000000	-19.3886917372495
0.658200000000000	32.9705706042274
0.658250000000000	-13.0505464730729
0.658300000000000	-13.1200668349026
0.658350000000000	40.4895409988505
0.658400000000000	19.3850837318566
0.658450000000000	-37.4662419706174
0.658500000000000	-18.6821124126870
0.658550000000000	-3.99046639795672
0.658600000000000	-23.1627410519616
0.658650000000000	-14.7830150254499
0.658700000000000	17.9360731385549
0.658750000000000	0.416369946374815
0.658800000000000	-10.3454249248121
0.658850000000000	22.9830745967469
0.658900000000000	31.3361043104673
0.658950000000000	8.52372786047429
0.659000000000000	-48.2478827995937
0.659050000000000	47.8037778263405
0.659100000000000	9.49389277065675
0.659150000000000	0.352595309481124
0.659200000000000	-4.13098010135528
0.659250000000000	-27.0125051691225
0.659300000000000	8.58806212531986
0.659350000000000	-13.3224374265219
0.659400000000000	38.1303914565876
0.659450000000000	43.5565047643817
0.659500000000000	19.9877882914728
0.659550000000000	-9.35321783624028
0.659600000000000	43.1226159924346
0.659650000000000	64.2135166929816
0.659700000000000	18.4270265034475
0.659750000000000	27.9077927703838
0.659800000000000	26.6409357138046
0.659850000000000	69.9951467297292
0.659900000000000	43.8079135215472
0.659950000000000	17.3858856324197
0.660000000000000	12.9297996830357
0.660050000000000	46.6371733463489
0.660100000000000	80.2788532842823
0.660150000000000	57.9053822463409
0.660200000000000	17.0355689544490
0.660250000000000	17.6444466876230
0.660300000000000	27.1711900272137
0.660350000000000	44.4332311649864
0.660400000000000	58.6202852415046
0.660450000000000	-9.29916653532449
0.660500000000000	33.6788514665643
0.660550000000000	72.8769351589013
0.660600000000000	87.0077800896228
0.660650000000000	51.3642292612312
0.660700000000000	-9.12725509137678
0.660750000000000	24.5419644458287
0.660800000000000	-1.62536353750353
0.660850000000000	-20.6200757632411
0.660900000000000	74.1229125819744
0.660950000000000	100.265791522450
0.661000000000000	15.4697912365153
0.661050000000000	-29.4416952855663
0.661100000000000	22.9060610372875
0.661150000000000	24.8498404817233
0.661200000000000	22.1815170179227
0.661250000000000	30.4169702595969
0.661300000000000	42.5556473563739
0.661350000000000	34.1830641258773
0.661400000000000	76.0477993127763
0.661450000000000	20.1165224136784
0.661500000000000	6.62867209275840
0.661550000000000	40.2885541916091
0.661600000000000	7.18022720404296
0.661650000000000	35.6634396620326
0.661700000000000	-22.8166730719711
0.661750000000000	-15.9301161714438
0.661800000000000	-12.8574413076733
0.661850000000000	7.02209846260155
0.661900000000000	42.1513860052554
0.661950000000000	-31.1700125542988
0.662000000000000	21.1122987015929
0.662050000000000	16.9894615277929
0.662100000000000	62.1180375407700
0.662150000000000	-26.2993017935826
0.662200000000000	19.7525834374690
0.662250000000000	-25.9151365902897
0.662300000000000	-19.3945323583254
0.662350000000000	30.8957672040070
0.662400000000000	24.5894965453909
0.662450000000000	55.0592840030438
0.662500000000000	27.4560614097432
0.662550000000000	9.65268760911077
0.662600000000000	-6.21129928924858
0.662650000000000	-1.69341531277727
0.662700000000000	-4.33643346438644
0.662750000000000	12.1355131575093
0.662800000000000	23.9157073915419
0.662850000000000	6.64611088379116
0.662900000000000	-51.2481543409466
0.662950000000000	-10.8007172383029
0.663000000000000	-22.1708970110054
0.663050000000000	18.9270295734024
0.663100000000000	-6.28108950950206
0.663150000000000	3.73515091818144
0.663200000000000	-17.6972554457395
0.663250000000000	20.8047487805899
0.663300000000000	6.01494913006824
0.663350000000000	42.3457545005725
0.663400000000000	-52.1503581677395
0.663450000000000	28.7705628058915
0.663500000000000	35.6773930498081
0.663550000000000	-15.7315026173030
0.663600000000000	-10.5144490204260
0.663650000000000	1.05168346576742
0.663700000000000	-7.01596585872896
0.663750000000000	41.6843394331490
0.663800000000000	0.0894943976714622
0.663850000000000	21.1396945957518
0.663900000000000	-13.0710128031391
0.663950000000000	19.7865776583739
0.664000000000000	-11.4584975283663
0.664050000000000	111.475409165688
0.664100000000000	21.2540245656288
0.664150000000000	34.6660425656318
0.664200000000000	23.8122208617073
0.664250000000000	94.2657074678888
0.664300000000000	28.3893341535923
0.664350000000000	13.7196852536791
0.664400000000000	7.88286712928228
0.664450000000000	13.1030869808362
0.664500000000000	-36.1668732536766
0.664550000000000	105.657212576149
0.664600000000000	28.2275991632389
0.664650000000000	48.6666043013616
0.664700000000000	41.3998677583743
0.664750000000000	81.8780437614045
0.664800000000000	11.2054900878485
0.664850000000000	40.4456644679052
0.664900000000000	-47.1632778653807
0.664950000000000	103.657643441761
0.665000000000000	34.7207023193598
0.665050000000000	54.8184347293460
0.665100000000000	-9.64081908836980
0.665150000000000	-27.5902296618721
0.665200000000000	1.08940708291236
0.665250000000000	49.7728801787752
0.665300000000000	12.5277455074002
0.665350000000000	14.4674840218705
0.665400000000000	34.8961834523954
0.665450000000000	9.70547008557763
0.665500000000000	3.78334939605376
0.665550000000000	20.0058483135522
0.665600000000000	0.519635581062289
0.665650000000000	0.721227893712406
0.665700000000000	18.1976856752439
0.665750000000000	65.1927401264955
0.665800000000000	16.0439299813154
0.665850000000000	-19.2132965015219
0.665900000000000	33.3652123915672
0.665950000000000	2.44414999559533
0.666000000000000	-4.50103943790920
0.666050000000000	-11.7606974062304
0.666100000000000	18.3256031608584
0.666150000000000	-3.42651185981452
0.666200000000000	-33.2655361901085
0.666250000000000	-51.2764465585105
0.666300000000000	-59.0088734824784
0.666350000000000	-1.98229169866868
0.666400000000000	19.9626048814956
0.666450000000000	-40.5146979227263
0.666500000000000	7.53331618306581
0.666550000000000	12.2315384304748
0.666600000000000	0.564730766228255
0.666650000000000	-71.4708221853995
0.666700000000000	-59.7958567083564
0.666750000000000	35.4253642471248
0.666800000000000	-28.4223470855739
0.666850000000000	-43.0643024955324
0.666900000000000	7.65152665427408
0.666950000000000	-50.5172625725371
0.667000000000000	-0.837287175975938
0.667050000000000	29.6583230781381
0.667100000000000	16.1526178049526
0.667150000000000	2.70413083684133
0.667200000000000	10.7060056889965
0.667250000000000	32.6451152336976
0.667300000000000	39.7775977575904
0.667350000000000	-25.5382256252687
0.667400000000000	51.3341943384962
0.667450000000000	-0.364433720806662
0.667500000000000	15.3040170252707
0.667550000000000	-60.2165944523057
0.667600000000000	23.5470044092404
0.667650000000000	-2.09510351799015
0.667700000000000	2.56341998933466
0.667750000000000	22.4023171969990
0.667800000000000	16.1593070495443
0.667850000000000	-51.9184111538126
0.667900000000000	92.5058749282921
0.667950000000000	-71.6804303480167
0.668000000000000	12.9793973853677
0.668050000000000	55.2465366527809
0.668100000000000	9.93611888513612
0.668150000000000	24.4806154264654
0.668200000000000	38.8833862397187
0.668250000000000	-56.7098694489895
0.668300000000000	86.5633538133558
0.668350000000000	-3.17275221186793
0.668400000000000	51.6748811828249
0.668450000000000	22.1428169400355
0.668500000000000	83.5062705614778
0.668550000000000	36.5856881092087
0.668600000000000	-8.72691817591906
0.668650000000000	47.9446133222933
0.668700000000000	8.62114646431402
0.668750000000000	41.6089673547937
0.668800000000000	64.0803793722197
0.668850000000000	18.9107006215073
0.668900000000000	-29.9728817084398
0.668950000000000	73.4617864393293
0.669000000000000	0.656753365382865
0.669050000000000	59.7461648881890
0.669100000000000	80.3718662440729
0.669150000000000	-17.4955121282032
0.669200000000000	49.2107950860710
0.669250000000000	37.2970763862670
0.669300000000000	9.42961642689471
0.669350000000000	-48.1041266497347
0.669400000000000	-11.0504352660547
0.669450000000000	76.0916239010714
0.669500000000000	-16.9773495297709
0.669550000000000	-21.7568290939862
0.669600000000000	26.7713207890622
0.669650000000000	15.0976766670522
0.669700000000000	81.6492291252109
0.669750000000000	-34.5556880136869
0.669800000000000	29.9703035168269
0.669850000000000	39.4498821460979
0.669900000000000	-18.4234168766684
0.669950000000000	18.0262801159773
0.670000000000000	-23.4658634471316
0.670050000000000	-15.5406659655135
0.670100000000000	17.9765062814953
0.670150000000000	68.9075746551474
0.670200000000000	-35.5448850891742
0.670250000000000	-4.67751412194440
0.670300000000000	39.4928567228736
0.670350000000000	47.3131845064119
0.670400000000000	-15.7614903922701
0.670450000000000	-12.9610964379092
0.670500000000000	-5.70057357419187
0.670550000000000	-34.5347407007541
0.670600000000000	-22.3141649384208
0.670650000000000	-7.82865612102795
0.670700000000000	-13.6287185901290
0.670750000000000	-27.9259906871868
0.670800000000000	-32.7630201484805
0.670850000000000	-25.0124253533070
0.670900000000000	-9.85990813275468
0.670950000000000	-4.39511270529268
0.671000000000000	-10.5992236722188
0.671050000000000	2.12692190514582
0.671100000000000	-33.1486105648923
0.671150000000000	9.16729145474320
0.671200000000000	48.7076865556877
0.671250000000000	-31.4187154173738
0.671300000000000	28.1052987418462
0.671350000000000	-10.4739572538579
0.671400000000000	33.7039659567798
0.671450000000000	39.6231209515683
0.671500000000000	-9.59593855197734
0.671550000000000	20.6204225063746
0.671600000000000	2.94654186642248
0.671650000000000	32.0310760113965
0.671700000000000	13.0308023641637
0.671750000000000	38.8849799744578
0.671800000000000	17.5960798804891
0.671850000000000	-9.83556235533051
0.671900000000000	22.2077002425021
0.671950000000000	23.4205949771687
0.672000000000000	-63.3772621170738
0.672050000000000	-8.31033268917444
0.672100000000000	-1.73147838776660
0.672150000000000	52.3364344499904
0.672200000000000	22.3612203371667
0.672250000000000	62.5668790453622
0.672300000000000	-10.9038048214619
0.672350000000000	33.1613241051826
0.672400000000000	120.794910952030
0.672450000000000	16.0070112939038
0.672500000000000	61.4867223858750
0.672550000000000	70.4646784116164
0.672600000000000	-4.34090454398960
0.672650000000000	71.6147971285195
0.672700000000000	43.0259954970087
0.672750000000000	6.38096179886889
0.672800000000000	14.6284818395513
0.672850000000000	19.0377434000273
0.672900000000000	77.4976412154718
0.672950000000000	90.6095288071803
0.673000000000000	-10.9914130823107
0.673050000000000	79.6228489828847
0.673100000000000	16.9645152020978
0.673150000000000	97.6293060360360
0.673200000000000	50.6424752781181
0.673250000000000	79.4492667400600
0.673300000000000	65.0657247140620
0.673350000000000	16.3778936599965
0.673400000000000	-60.0959667442984
0.673450000000000	32.6903283103768
0.673500000000000	1.47421919976672
0.673550000000000	5.24365319727016
0.673600000000000	-15.5345085789091
0.673650000000000	75.7970219384309
0.673700000000000	10.8346973353430
0.673750000000000	-34.8064425199677
0.673800000000000	58.3721000924518
0.673850000000000	17.4022306832250
0.673900000000000	23.3868349722155
0.673950000000000	7.31257018628754
0.674000000000000	22.6655448906382
0.674050000000000	-45.4768768138416
0.674100000000000	-0.282206764522304
0.674150000000000	-43.7771028178349
0.674200000000000	-9.31734209231911
0.674250000000000	4.82228139101738
0.674300000000000	-2.94927932805487
0.674350000000000	-37.9717450565898
0.674400000000000	-64.4049728631420
0.674450000000000	-94.2639136072542
0.674500000000000	-24.8674540346403
0.674550000000000	12.1790283233724
0.674600000000000	-28.7699971936963
0.674650000000000	-42.7776548980558
0.674700000000000	-0.949490834916297
0.674750000000000	18.8527929042340
0.674800000000000	-31.3901252058318
0.674850000000000	-8.43447518142376
0.674900000000000	-44.9947704168657
0.674950000000000	-32.8113860970469
0.675000000000000	-32.7538243492071
0.675050000000000	25.6593391003025
0.675100000000000	17.9307386168657
0.675150000000000	29.4010072046047
0.675200000000000	-9.53652433393021
0.675250000000000	5.09627787667997
0.675300000000000	18.2891866347616
0.675350000000000	31.8545374974272
0.675400000000000	-24.7560009879305
0.675450000000000	38.4132333530626
0.675500000000000	-2.78663095244972
0.675550000000000	22.8169564824637
0.675600000000000	-49.8996001159330
0.675650000000000	45.6272661397039
0.675700000000000	-3.65358187052261
0.675750000000000	-3.89632455549290
0.675800000000000	38.4530585123438
0.675850000000000	-32.6194262902787
0.675900000000000	50.8117585840897
0.675950000000000	64.2935799578590
0.676000000000000	89.3292963951036
0.676050000000000	44.0932478782678
0.676100000000000	45.1179824105771
0.676150000000000	31.1184982536782
0.676200000000000	43.9487106605440
0.676250000000000	29.4986973448106
0.676300000000000	31.4566272236518
0.676350000000000	12.0206303915017
0.676400000000000	-3.56800336368213
0.676450000000000	35.3133283975276
0.676500000000000	-13.7084374968225
0.676550000000000	30.0226203178046
0.676600000000000	35.0221463356129
0.676650000000000	76.3173416943454
0.676700000000000	53.1247032813034
0.676750000000000	22.0128967036928
0.676800000000000	12.5714890376069
0.676850000000000	43.9123512182677
0.676900000000000	19.9092705816324
0.676950000000000	59.7224037188127
0.677000000000000	86.0970583160760
0.677050000000000	14.0786018311812
0.677100000000000	34.9518923925354
0.677150000000000	-5.78013132572153
0.677200000000000	48.1652307677329
0.677250000000000	31.0200393536648
0.677300000000000	34.3502680753854
0.677350000000000	81.9890334224398
0.677400000000000	3.55937119920944
0.677450000000000	5.94732473829808
0.677500000000000	-2.21054148676600
0.677550000000000	-8.51364544368852
0.677600000000000	41.0717271080998
0.677650000000000	47.9893359118017
0.677700000000000	-13.6670162798844
0.677750000000000	10.8296912708016
0.677800000000000	1.97291965483003
0.677850000000000	33.5628374135644
0.677900000000000	-1.64965658916953
0.677950000000000	-28.1718342268322
0.678000000000000	-31.8371947158924
0.678050000000000	16.8234712844855
0.678100000000000	-58.3292383211545
0.678150000000000	23.9144406823893
0.678200000000000	19.0394610761579
0.678250000000000	19.2500040162579
0.678300000000000	13.3269900365931
0.678350000000000	0.00176212556725552
0.678400000000000	20.1369155756278
0.678450000000000	10.5976477744648
0.678500000000000	-27.0017270776120
0.678550000000000	-27.6021780222973
0.678600000000000	49.6343190578048
0.678650000000000	-18.1981102185335
0.678700000000000	-26.5094889834825
0.678750000000000	-30.1475970037673
0.678800000000000	4.59424211982379
0.678850000000000	24.8336574099251
0.678900000000000	37.4113860394380
0.678950000000000	-25.6373545269764
0.679000000000000	27.9514847151482
0.679050000000000	2.94179876628346
0.679100000000000	-15.3962044041145
0.679150000000000	-24.7463101548591
0.679200000000000	36.8745042480857
0.679250000000000	-11.1958351949203
0.679300000000000	20.9101044322209
0.679350000000000	26.0801939646430
0.679400000000000	26.4676942370469
0.679450000000000	37.4431077594360
0.679500000000000	41.4334006934709
0.679550000000000	74.8526541178972
0.679600000000000	-19.7032588344323
0.679650000000000	25.6145451357580
0.679700000000000	-29.0682345122048
0.679750000000000	26.7418314572453
0.679800000000000	6.13025188908105
0.679850000000000	13.4111370177902
0.679900000000000	22.5434577204177
0.679950000000000	56.8357446077747
0.680000000000000	22.0975095929282
0.680050000000000	34.4059508481691
0.680100000000000	8.25824097797523
0.680150000000000	13.6430820268439
0.680200000000000	36.7886667880775
0.680250000000000	-16.6051603956179
0.680300000000000	48.9057341927189
0.680350000000000	15.3776611085965
0.680400000000000	58.0570132953833
0.680450000000000	14.7269634875642
0.680500000000000	32.2909105257256
0.680550000000000	-17.6069018190476
0.680600000000000	41.2216468049008
0.680650000000000	63.8063587960448
0.680700000000000	-5.33172042417225
0.680750000000000	-30.1095992796750
0.680800000000000	30.5574306643690
0.680850000000000	0.221465457625204
0.680900000000000	0.589923646386328
0.680950000000000	-54.4920847722425
0.681000000000000	39.0642321440564
0.681050000000000	42.3978882296264
0.681100000000000	-19.4712582321239
0.681150000000000	51.0964410961287
0.681200000000000	15.1657793493811
0.681250000000000	-25.1993420216591
0.681300000000000	-10.7727086936184
0.681350000000000	49.0345798002237
0.681400000000000	31.7248223026302
0.681450000000000	50.6617676760187
0.681500000000000	-21.9121521678197
0.681550000000000	18.7778640596491
0.681600000000000	-35.8293260629536
0.681650000000000	91.3790044828323
0.681700000000000	-8.29052948669877
0.681750000000000	10.1809076857090
0.681800000000000	26.2288589570662
0.681850000000000	-36.2304860182303
0.681900000000000	92.8585148004644
0.681950000000000	27.9874898751174
0.682000000000000	1.33933042705686
0.682050000000000	-15.6307297134560
0.682100000000000	7.56915021602549
0.682150000000000	-13.6204995328744
0.682200000000000	30.8154649666101
0.682250000000000	-32.6795539891560
0.682300000000000	4.01350022571459
0.682350000000000	-33.8426388789875
0.682400000000000	26.5999586323451
0.682450000000000	5.47298964905614
0.682500000000000	-19.5377995390498
0.682550000000000	-10.9049933471296
0.682600000000000	-64.1213239124198
0.682650000000000	1.69890294548744
0.682700000000000	-8.12318395311773
0.682750000000000	-45.6123334675236
0.682800000000000	-20.2507309842766
0.682850000000000	-1.14299888884440
0.682900000000000	-81.9920178058058
0.682950000000000	72.0727929424023
0.683000000000000	-55.5335190570300
0.683050000000000	-45.0143338928531
0.683100000000000	-3.12734934739906
0.683150000000000	-29.2058718579454
0.683200000000000	30.2184827157527
0.683250000000000	58.0470363929351
0.683300000000000	-21.5184637084903
0.683350000000000	-1.56577377533807
0.683400000000000	-33.1570557598293
0.683450000000000	11.3159602765837
0.683500000000000	61.3306831761185
0.683550000000000	-28.6842286624326
0.683600000000000	-12.1075859725690
0.683650000000000	55.6548470365441
0.683700000000000	-49.2047585835642
0.683750000000000	35.3286630015543
0.683800000000000	25.5736628508554
0.683850000000000	56.5681313749696
0.683900000000000	25.2753321181617
0.683950000000000	24.2439048679113
0.684000000000000	86.3950815854277
0.684050000000000	51.1827271090186
0.684100000000000	-2.75785525788343
0.684150000000000	-35.1019437351372
0.684200000000000	36.2024994747749
0.684250000000000	-13.1187271903197
0.684300000000000	7.13358862939281
0.684350000000000	55.1045390945614
0.684400000000000	31.4515584376769
0.684450000000000	52.5898514297894
0.684500000000000	2.14590870831008
0.684550000000000	118.150825566286
0.684600000000000	49.9927907616043
0.684650000000000	39.3331478614035
0.684700000000000	-11.2900143248380
0.684750000000000	55.7346496272960
0.684800000000000	92.4721768772292
0.684850000000000	55.6767863779624
0.684900000000000	20.4285828878566
0.684950000000000	48.7697475734272
0.685000000000000	48.5397517938037
0.685050000000000	70.3925775515399
0.685100000000000	31.5785962070557
0.685150000000000	62.6079534865342
0.685200000000000	40.2719084823647
0.685250000000000	55.6520849524806
0.685300000000000	56.4505220254279
0.685350000000000	36.5545095577868
0.685400000000000	48.8583156159533
0.685450000000000	-0.535371048446752
0.685500000000000	-16.1723702810201
0.685550000000000	0.701841822273332
0.685600000000000	30.6922355802131
0.685650000000000	-7.81860594874824
0.685700000000000	-13.3407448486433
0.685750000000000	12.3901779085042
0.685800000000000	-31.7532054900071
0.685850000000000	-15.8427869122788
0.685900000000000	-37.1988344182177
0.685950000000000	-3.27146822431043
0.686000000000000	19.5223190022460
0.686050000000000	19.1473978773566
0.686100000000000	21.3098277638491
0.686150000000000	-63.4687979251271
0.686200000000000	20.0752407222493
0.686250000000000	-0.879232846552508
0.686300000000000	18.8503291181117
0.686350000000000	-28.5660394011854
0.686400000000000	-21.4962380772339
0.686450000000000	-32.8020959949784
0.686500000000000	-34.1929249125414
0.686550000000000	-35.6490900904851
0.686600000000000	-7.68810378334026
0.686650000000000	-35.6140730795767
0.686700000000000	-7.88567581309950
0.686750000000000	-36.1859501446218
0.686800000000000	34.4810860169981
0.686850000000000	45.9805409700318
0.686900000000000	-27.0507823950358
0.686950000000000	30.2946872277739
0.687000000000000	-31.4583639183257
0.687050000000000	-43.9701284444607
0.687100000000000	-23.8681239387895
0.687150000000000	11.5227939203577
0.687200000000000	-28.0159404256956
0.687250000000000	12.8808881586084
0.687300000000000	13.9258479552827
0.687350000000000	22.0482707049506
0.687400000000000	-38.5248265849426
0.687450000000000	50.4419742869101
0.687500000000000	48.9155104871301
0.687550000000000	-46.5807649517823
0.687600000000000	61.8416314934904
0.687650000000000	-24.3569317063440
0.687700000000000	5.31222391243817
0.687750000000000	4.96020336513062
0.687800000000000	16.5024627061345
0.687850000000000	5.98248912087303
0.687900000000000	-4.49054083193965
0.687950000000000	27.8842854044670
0.688000000000000	53.2867109564495
0.688050000000000	84.0608227483903
0.688100000000000	32.5300659182720
0.688150000000000	73.8860022539609
0.688200000000000	46.6118204264980
0.688250000000000	26.1448732791084
0.688300000000000	83.3764510867517
0.688350000000000	43.9116410128455
0.688400000000000	68.4495663546557
0.688450000000000	27.6412704847703
0.688500000000000	97.5550227504598
0.688550000000000	69.7965050614498
0.688600000000000	29.9431724640376
0.688650000000000	50.3740604559200
0.688700000000000	98.8719295941330
0.688750000000000	44.2682972940810
0.688800000000000	30.8176375572335
0.688850000000000	76.9473140394163
0.688900000000000	-48.3827852649729
0.688950000000000	21.7341862715414
0.689000000000000	29.6244176660241
0.689050000000000	60.2904368092117
0.689100000000000	72.3906458630236
0.689150000000000	-13.0126414626747
0.689200000000000	41.0106284036106
0.689250000000000	53.0022046396059
0.689300000000000	-7.43944782425967
0.689350000000000	31.4579875068976
0.689400000000000	60.2650856316972
0.689450000000000	23.5487636201687
0.689500000000000	42.2363752482918
0.689550000000000	-2.47762030646188
0.689600000000000	2.69477583048320
0.689650000000000	-16.3477459567707
0.689700000000000	-77.3656491977558
0.689750000000000	28.3910609795735
0.689800000000000	20.3950142981852
0.689850000000000	29.5886230096535
0.689900000000000	23.6286682007218
0.689950000000000	-36.4832005744545
0.690000000000000	13.3073663755584
0.690050000000000	20.6374758461226
0.690100000000000	-1.85237473386880
0.690150000000000	-1.50674934484642
0.690200000000000	33.5427427528554
0.690250000000000	61.1737871942088
0.690300000000000	-46.9165679750120
0.690350000000000	39.9397330153477
0.690400000000000	-13.6954370719608
0.690450000000000	-23.1017285021029
0.690500000000000	-33.3831970059004
0.690550000000000	53.3582066068522
0.690600000000000	15.3467233481607
0.690650000000000	-27.2216136512879
0.690700000000000	9.96756918951873
0.690750000000000	-69.4172388993678
0.690800000000000	28.5967163011815
0.690850000000000	-21.9658541363250
0.690900000000000	10.7367808108717
0.690950000000000	-8.20911400275814
0.691000000000000	38.5892477442755
0.691050000000000	-8.70817490306813
0.691100000000000	25.8323758578304
0.691150000000000	-34.7704503685719
0.691200000000000	-3.18625447491540
0.691250000000000	4.59483875755834
0.691300000000000	64.2167379650979
0.691350000000000	18.7895007808314
0.691400000000000	60.7330964597814
0.691450000000000	-15.9584716144311
0.691500000000000	13.7540252440112
0.691550000000000	20.8575808763236
0.691600000000000	41.7782903490870
0.691650000000000	8.69813182070200
0.691700000000000	1.70876413746895
0.691750000000000	63.3681395102942
0.691800000000000	-42.7946630186573
0.691850000000000	21.2647733669894
0.691900000000000	16.8732023512848
0.691950000000000	18.3671266072355
0.692000000000000	78.6786027622176
0.692050000000000	68.7503439540961
0.692100000000000	43.4367164722901
0.692150000000000	-28.3063572191915
0.692200000000000	2.90586455079887
0.692250000000000	-16.9362996143704
0.692300000000000	19.6500993796645
0.692350000000000	74.7488452062602
0.692400000000000	-6.24611392874617
0.692450000000000	37.4561098999171
0.692500000000000	-10.0158763730751
0.692550000000000	36.2648706362383
0.692600000000000	37.3172817743875
0.692650000000000	33.2381063015496
0.692700000000000	52.2074056470043
0.692750000000000	-55.6873011897356
0.692800000000000	33.1113260693296
0.692850000000000	-0.493891444888615
0.692900000000000	-3.31007523125037
0.692950000000000	90.0510059190749
0.693000000000000	106.219396273779
0.693050000000000	56.2249892916563
0.693100000000000	11.4174992891927
0.693150000000000	32.8494153232376
0.693200000000000	2.45052369734579
0.693250000000000	31.4486650078088
0.693300000000000	81.7181417113533
0.693350000000000	50.2406967454100
0.693400000000000	39.1625190858990
0.693450000000000	46.6769678255476
0.693500000000000	33.3676449667204
0.693550000000000	32.0873295760385
0.693600000000000	45.8266712805814
0.693650000000000	40.4983799782082
0.693700000000000	51.2237602907046
0.693750000000000	28.3984623835455
0.693800000000000	-47.5996141875902
0.693850000000000	-33.7900516934695
0.693900000000000	14.9174528719926
0.693950000000000	26.4888336159376
0.694000000000000	-42.5985413730834
0.694050000000000	-29.4358107871876
0.694100000000000	37.3576058432393
0.694150000000000	39.3525717705535
0.694200000000000	-24.1547281712902
0.694250000000000	15.3032171401493
0.694300000000000	13.4705012499955
0.694350000000000	27.4388244470222
0.694400000000000	-3.12306750705115
0.694450000000000	-17.5007045844963
0.694500000000000	6.34010862896061
0.694550000000000	-48.3535375079447
0.694600000000000	-12.8848558067185
0.694650000000000	-7.54923452452855
0.694700000000000	-18.5313379769012
0.694750000000000	35.0126432265352
0.694800000000000	1.16571496908647
0.694850000000000	-44.3307054727936
0.694900000000000	-41.7930406581166
0.694950000000000	17.3660009329021
0.695000000000000	-43.8470019130414
0.695050000000000	-78.8656396514933
0.695100000000000	31.2885118293159
0.695150000000000	-13.9728319735602
0.695200000000000	22.3131942656209
0.695250000000000	-14.0016939082629
0.695300000000000	5.99941723523755
0.695350000000000	4.87732876351120
0.695400000000000	-12.2433542975456
0.695450000000000	-3.99869647754963
0.695500000000000	34.2189960425377
0.695550000000000	-3.45812259040938
0.695600000000000	-6.94863314323911
0.695650000000000	-12.1790048878023
0.695700000000000	43.3128065638434
0.695750000000000	30.4987117898811
0.695800000000000	14.1705382937292
0.695850000000000	104.502262550578
0.695900000000000	35.9686602243823
0.695950000000000	37.4013129496897
0.696000000000000	-16.7461148842604
0.696050000000000	28.9773674027036
0.696100000000000	67.2401241954946
0.696150000000000	33.6595650825750
0.696200000000000	37.2104592706568
0.696250000000000	57.3075009117793
0.696300000000000	-16.4731728714286
0.696350000000000	37.0741178393014
0.696400000000000	41.6834957286839
0.696450000000000	36.3539821364859
0.696500000000000	32.8893112884091
0.696550000000000	59.7598861803206
0.696600000000000	37.4703807781813
0.696650000000000	49.7052674748452
0.696700000000000	44.3707583130513
0.696750000000000	77.2699390718162
0.696800000000000	52.5159353123839
0.696850000000000	-16.0881244575911
0.696900000000000	56.7735135962536
0.696950000000000	17.5622302529488
0.697000000000000	-28.7122526352334
0.697050000000000	104.103153232442
0.697100000000000	6.90314053561454
0.697150000000000	10.7899986868959
0.697200000000000	16.5074059768022
0.697250000000000	16.8973807483075
0.697300000000000	51.0458108589014
0.697350000000000	-4.02698178595866
0.697400000000000	52.0855724601941
0.697450000000000	61.4628517918765
0.697500000000000	-3.46178834590324
0.697550000000000	26.1430767658078
0.697600000000000	86.6574460925602
0.697650000000000	37.2021494142054
0.697700000000000	11.4514197506551
0.697750000000000	-33.3041621989531
0.697800000000000	62.9395071044786
0.697850000000000	-26.0994677330715
0.697900000000000	-4.16507513381046
0.697950000000000	11.9693722547624
0.698000000000000	-19.0374679363541
0.698050000000000	-63.5858494433321
0.698100000000000	-6.10331117100178
0.698150000000000	-28.1809523622126
0.698200000000000	18.7791604216199
0.698250000000000	6.15552908958457
0.698300000000000	29.9365587759431
0.698350000000000	3.93155398450952
0.698400000000000	63.2132300095185
0.698450000000000	-12.6832774499093
0.698500000000000	-57.6206768023878
0.698550000000000	0.501233107110085
0.698600000000000	-1.43495353984573
0.698650000000000	-12.2019903333583
0.698700000000000	-48.5176723632460
0.698750000000000	-27.1223872219186
0.698800000000000	-15.6221176931688
0.698850000000000	14.2321551966385
0.698900000000000	9.58500203038043
0.698950000000000	-17.8954694628575
0.699000000000000	-40.9722119663898
0.699050000000000	-45.0460588842259
0.699100000000000	29.5946137820788
0.699150000000000	-0.897668822803858
0.699200000000000	21.9343807318765
0.699250000000000	-10.0338527322156
0.699300000000000	16.8713617305325
0.699350000000000	19.0097661551261
0.699400000000000	17.9998615805224
0.699450000000000	-20.4754509889893
0.699500000000000	-27.5224295034075
0.699550000000000	51.3266989419535
0.699600000000000	-13.9578362965076
0.699650000000000	69.5839167056282
0.699700000000000	-4.78122974051970
0.699750000000000	5.38882040109431
0.699800000000000	52.7664026523593
0.699850000000000	-9.25861321865980
0.699900000000000	11.1418728682196
0.699950000000000	-20.0866226190114
0.700000000000000	16.1151733114854
0.700050000000000	54.7896564891625
0.700100000000000	37.0704931237381
0.700150000000000	48.7345770265315
0.700200000000000	65.8363645132117
0.700250000000000	-12.4770798809268
0.700300000000000	16.2304469664880
0.700350000000000	100.571934496131
0.700400000000000	53.7737667182301
0.700450000000000	49.0393268788218
0.700500000000000	45.1014878515059
0.700550000000000	53.8635992106112
0.700600000000000	55.4058426013127
0.700650000000000	30.3739708111547
0.700700000000000	72.9039871753896
0.700750000000000	47.7291961322010
0.700800000000000	57.9269186353785
0.700850000000000	76.4881617721469
0.700900000000000	4.02484678860694
0.700950000000000	17.7930432384320
0.701000000000000	8.42926187808747
0.701050000000000	75.8970929889340
0.701100000000000	-16.0309561435782
0.701150000000000	45.3437327265067
0.701200000000000	-33.8812916692908
0.701250000000000	31.8920667228434
0.701300000000000	7.57209076127246
0.701350000000000	74.3734636144222
0.701400000000000	31.6966066123713
0.701450000000000	32.1342510725193
0.701500000000000	27.8869239778586
0.701550000000000	2.97555869617667
0.701600000000000	5.58013832128916
0.701650000000000	-4.05468772489003
0.701700000000000	-31.7745924371411
0.701750000000000	51.5501824519680
0.701800000000000	12.0085172701628
0.701850000000000	-6.36588181333291
0.701900000000000	-47.0092809568776
0.701950000000000	-7.84179444362180
0.702000000000000	-24.1147504421160
0.702050000000000	-22.8733359253353
0.702100000000000	-18.7723300322151
0.702150000000000	29.2877032654137
0.702200000000000	22.8133902213944
0.702250000000000	29.1224244206006
0.702300000000000	-63.7307646909475
0.702350000000000	-20.4148972760303
0.702400000000000	3.52426491204448
0.702450000000000	19.6786610167871
0.702500000000000	26.5880184163379
0.702550000000000	6.23837444675853
0.702600000000000	-16.9112320024134
0.702650000000000	-5.18729331439284
0.702700000000000	1.29323570773867
0.702750000000000	1.68173847067357
0.702800000000000	-20.3169307178952
0.702850000000000	3.55495378266586
0.702900000000000	11.6692329084867
0.702950000000000	-12.2561376799761
0.703000000000000	12.3376097477024
0.703050000000000	8.58364965154290
0.703100000000000	15.2238999262849
0.703150000000000	-4.22484859965586
0.703200000000000	-56.8077677982079
0.703250000000000	19.7178361191166
0.703300000000000	13.6013669733370
0.703350000000000	8.97383502797582
0.703400000000000	36.7697486412061
0.703450000000000	36.6560070507220
0.703500000000000	17.6726080931961
0.703550000000000	-27.8686173895128
0.703600000000000	52.3357651859199
0.703650000000000	-6.81596603228054
0.703700000000000	37.1748078121147
0.703750000000000	-8.10572388074302
0.703800000000000	34.5702020662137
0.703850000000000	5.66107414355416
0.703900000000000	82.2863367430911
0.703950000000000	44.6513978691998
0.704000000000000	82.6203170007911
0.704050000000000	-15.3497403914350
0.704100000000000	27.1702525174958
0.704150000000000	-10.5775059993029
0.704200000000000	-27.8221211894496
0.704250000000000	72.3355787528687
0.704300000000000	36.7361445001371
0.704350000000000	34.0671171931465
0.704400000000000	28.4160496139513
0.704450000000000	69.0508683320566
0.704500000000000	22.2553462786282
0.704550000000000	37.3391365878391
0.704600000000000	35.9498849232197
0.704650000000000	19.6488534911575
0.704700000000000	32.9103535732244
0.704750000000000	81.7661542463397
0.704800000000000	67.0627981269181
0.704850000000000	-43.3876636195695
0.704900000000000	18.7355184976778
0.704950000000000	30.8201430381192
0.705000000000000	31.9461432340073
0.705050000000000	74.1383781113232
0.705100000000000	2.95113105032174
0.705150000000000	-0.867366962290449
0.705200000000000	19.8543300877022
0.705250000000000	-16.5600586893825
0.705300000000000	13.4968586698110
0.705350000000000	-5.52070859516936
0.705400000000000	25.4778270439569
0.705450000000000	54.7743927601022
0.705500000000000	40.6196040737013
0.705550000000000	-3.19757906662824
0.705600000000000	24.3128039771080
0.705650000000000	43.1792988122703
0.705700000000000	28.7625049947482
0.705750000000000	32.4373590505136
0.705800000000000	8.06823068315555
0.705850000000000	-38.0294340987345
0.705900000000000	-21.0313558640242
0.705950000000000	56.7413767809172
0.706000000000000	38.8044641887529
0.706050000000000	39.6389203588273
0.706100000000000	21.1698375882016
0.706150000000000	10.0755488448015
0.706200000000000	-25.7073993212741
0.706250000000000	12.2959172562155
0.706300000000000	-0.819190284580637
0.706350000000000	-76.5952500020598
0.706400000000000	51.0299965931424
0.706450000000000	41.7794822443897
0.706500000000000	-5.30135865399429
0.706550000000000	45.4076188479380
0.706600000000000	-24.5980327211649
0.706650000000000	-38.9742476007595
0.706700000000000	-25.7039173922051
0.706750000000000	-5.97979222729595
0.706800000000000	49.6884294707400
0.706850000000000	27.2138600659927
0.706900000000000	-17.8616010357142
0.706950000000000	-28.0448365278027
0.707000000000000	33.4072306352612
0.707050000000000	-5.09807454881195
0.707100000000000	-14.6937123400755
0.707150000000000	20.3788316901253
0.707200000000000	26.1349304591320
0.707250000000000	5.06807441031358
0.707300000000000	42.6758983715858
0.707350000000000	27.8407952208467
0.707400000000000	49.3112304936352
0.707450000000000	-20.2884414678053
0.707500000000000	56.4225395952145
0.707550000000000	-17.1282243674720
0.707600000000000	-8.23840939479607
0.707650000000000	15.8821470045873
0.707700000000000	52.5395043398969
0.707750000000000	3.21362237930754
0.707800000000000	16.8940572228035
0.707850000000000	-17.0057829051705
0.707900000000000	48.9357219757959
0.707950000000000	-3.52202690379871
0.708000000000000	33.9585232551882
0.708050000000000	-6.22085906811481
0.708100000000000	-34.5424285815233
0.708150000000000	3.35511032037995
0.708200000000000	62.5318226796982
0.708250000000000	10.7547233309250
0.708300000000000	25.1474810966071
0.708350000000000	18.9492789387021
0.708400000000000	30.6584617499061
0.708450000000000	98.8366222123954
0.708500000000000	72.2041477370976
0.708550000000000	38.4389414841846
0.708600000000000	23.8891677458633
0.708650000000000	65.8358038924759
0.708700000000000	-21.6035733547920
0.708750000000000	34.9438579819806
0.708800000000000	1.14763609929928
0.708850000000000	11.1588464892324
0.708900000000000	29.1740567869695
0.708950000000000	46.8021510606532
0.709000000000000	-13.8468689069960
0.709050000000000	52.2195152451078
0.709100000000000	1.39954618433979
0.709150000000000	11.8783695766231
0.709200000000000	67.6746078522311
0.709250000000000	-33.1036851938968
0.709300000000000	11.6198346814258
0.709350000000000	9.35047868355295
0.709400000000000	61.9872930941089
0.709450000000000	-29.3486125738410
0.709500000000000	19.3122537154690
0.709550000000000	33.5828869306844
0.709600000000000	17.2975510650489
0.709650000000000	0.853121981252869
0.709700000000000	27.9043828749015
0.709750000000000	-19.8332304317559
0.709800000000000	17.6562527853266
0.709850000000000	-16.6504409538474
0.709900000000000	15.2631936666018
0.709950000000000	-21.7269528832540
0.710000000000000	-11.3181267555364
0.710050000000000	4.89766569409922
0.710100000000000	26.9284743895983
0.710150000000000	-8.29490939230869
0.710200000000000	-39.4202440335861
0.710250000000000	13.6650164478386
0.710300000000000	9.84086063661943
0.710350000000000	21.4591780591885
0.710400000000000	6.67896307958486
0.710450000000000	-4.90139256105177
0.710500000000000	10.6889175083054
0.710550000000000	-62.4365571519490
0.710600000000000	17.2759758459784
0.710650000000000	11.8267412437406
0.710700000000000	-0.552209819012042
0.710750000000000	-18.4519820390455
0.710800000000000	-20.2032075909577
0.710850000000000	-3.19120140622688
0.710900000000000	20.4115637240878
0.710950000000000	17.7862248466113
0.711000000000000	-25.9912827078247
0.711050000000000	-2.35092305077276
0.711100000000000	25.9873116465266
0.711150000000000	-5.65551964786223
0.711200000000000	4.35811234390734
0.711250000000000	-21.9856502993306
0.711300000000000	4.84972833351485
0.711350000000000	-46.4534683543237
0.711400000000000	-6.05509819923949
0.711450000000000	4.93808089377243
0.711500000000000	157.538663462300
0.711550000000000	-2.07603528854819
0.711600000000000	-2.91099601637733
0.711650000000000	-0.437112168778793
0.711700000000000	43.6804447014348
0.711750000000000	-26.3068276480977
0.711800000000000	11.8606918747976
0.711850000000000	22.2102261932701
0.711900000000000	8.56522347983729
0.711950000000000	42.2734271495251
0.712000000000000	74.8103459910484
0.712050000000000	-40.5150751133554
0.712100000000000	35.0393522238115
0.712150000000000	78.3660290475922
0.712200000000000	49.3688191310480
0.712250000000000	117.049238356800
0.712300000000000	-7.29331998348771
0.712350000000000	39.7524754348241
0.712400000000000	51.7617641226030
0.712450000000000	62.8978790183930
0.712500000000000	78.7543448859739
0.712550000000000	92.8459745870087
0.712600000000000	4.88110717920321
0.712650000000000	32.1826389400458
0.712700000000000	37.3915022650830
0.712750000000000	26.2580214934513
0.712800000000000	37.7136534583052
0.712850000000000	38.8976976597739
0.712900000000000	-24.0212123405064
0.712950000000000	6.29634760591938
0.713000000000000	7.88119111115554
0.713050000000000	50.0980005135709
0.713100000000000	-2.11183769446176
0.713150000000000	63.7847538834089
0.713200000000000	-21.5282213929490
0.713250000000000	35.7305584102721
0.713300000000000	0.253595946353371
0.713350000000000	13.4408610140567
0.713400000000000	21.8902795985331
0.713450000000000	70.1913735216035
0.713500000000000	19.0930536299358
0.713550000000000	13.7246357867113
0.713600000000000	-14.5725946023595
0.713650000000000	-7.98780481800921
0.713700000000000	21.8755264246903
0.713750000000000	5.27678871661743
0.713800000000000	37.8548996513016
0.713850000000000	-45.6694141000331
0.713900000000000	-37.0706883831219
0.713950000000000	-20.3199466589736
0.714000000000000	-7.39030289613600
0.714050000000000	-3.48543248552837
0.714100000000000	-4.43974151974734
0.714150000000000	-39.8755532196708
0.714200000000000	-45.1684726452974
0.714250000000000	-7.01821932112815
0.714300000000000	4.62622682390020
0.714350000000000	41.8395888848730
0.714400000000000	-17.8059296815732
0.714450000000000	1.31654559071756
0.714500000000000	-37.5826840094153
0.714550000000000	-42.5794530628004
0.714600000000000	15.3695560115364
0.714650000000000	-38.6627164324620
0.714700000000000	-56.6528426677510
0.714750000000000	49.9006585141277
0.714800000000000	6.42797073902749
0.714850000000000	14.3419285066914
0.714900000000000	16.8971765045671
0.714950000000000	-18.8141705326739
0.715000000000000	-39.6228317035680
0.715050000000000	50.4267628025892
0.715100000000000	17.3643884169162
0.715150000000000	7.02567023594026
0.715200000000000	4.85477120030206
0.715250000000000	19.8838923995133
0.715300000000000	39.7776291526867
0.715350000000000	12.7783691489587
0.715400000000000	22.4246695977570
0.715450000000000	19.6484483786092
0.715500000000000	-5.49477457435816
0.715550000000000	14.8905691441942
0.715600000000000	-14.5742718694109
0.715650000000000	56.8904427693312
0.715700000000000	-36.2321522762022
0.715750000000000	30.3121009997929
0.715800000000000	29.6691391743438
0.715850000000000	-3.44400466882180
0.715900000000000	60.9510881288644
0.715950000000000	9.15525533749110
0.716000000000000	-9.31541938867722
0.716050000000000	14.8378844458658
0.716100000000000	57.3475302662175
0.716150000000000	43.9910410744477
0.716200000000000	34.0210153234371
0.716250000000000	46.0965168141087
0.716300000000000	-7.19852775238474
0.716350000000000	21.2326950764737
0.716400000000000	44.9547343209415
0.716450000000000	98.1854447786566
0.716500000000000	32.9652670005160
0.716550000000000	42.9627433182040
0.716600000000000	55.3233592961671
0.716650000000000	43.7865629303804
0.716700000000000	75.2407037222876
0.716750000000000	25.7402789321860
0.716800000000000	41.5835523715591
0.716850000000000	24.0687940598071
0.716900000000000	23.8250591723355
0.716950000000000	47.0859669941733
0.717000000000000	59.7862572642499
0.717050000000000	93.2359629378462
0.717100000000000	-7.16094250380899
0.717150000000000	-5.23036288977789
0.717200000000000	56.5508507177086
0.717250000000000	21.5341732222013
0.717300000000000	26.5038835212385
0.717350000000000	-6.22646108580401
0.717400000000000	41.5178130513214
0.717450000000000	40.1974932676727
0.717500000000000	-0.161744783439973
0.717550000000000	18.0551575015685
0.717600000000000	-53.1305612921299
0.717650000000000	35.5539516418601
0.717700000000000	62.5976265972727
0.717750000000000	21.4843137713295
0.717800000000000	16.9179820359278
0.717850000000000	-30.3804300190020
0.717900000000000	28.1318324583931
0.717950000000000	-8.30588428418198
0.718000000000000	18.9647901492363
0.718050000000000	33.6989179688858
0.718100000000000	9.50311418484259
0.718150000000000	-37.5244574550892
0.718200000000000	-54.6068149504444
0.718250000000000	-30.5076183967429
0.718300000000000	-58.2053526649838
0.718350000000000	19.4899799553774
0.718400000000000	-52.1267045868445
0.718450000000000	57.5949546506659
0.718500000000000	-55.9038756588956
0.718550000000000	-33.5182485770126
0.718600000000000	-8.99454742415723
0.718650000000000	34.6789864327917
0.718700000000000	1.24875879461014
0.718750000000000	-73.3918536949965
0.718800000000000	-54.4051764891442
0.718850000000000	80.3142207609240
0.718900000000000	-19.1581440796734
0.718950000000000	-6.44927161991060
0.719000000000000	-25.9946071316283
0.719050000000000	46.0687238168561
0.719100000000000	-31.9515375114479
0.719150000000000	-18.1955532033216
0.719200000000000	-34.1385337585818
0.719250000000000	-33.5301904545741
0.719300000000000	56.2002206479613
0.719350000000000	51.5417763992093
0.719400000000000	16.9151175887621
0.719450000000000	19.7696348993095
0.719500000000000	33.6834468165651
0.719550000000000	-25.5562530464036
0.719600000000000	-11.7712214528385
0.719650000000000	58.6038854804769
0.719700000000000	49.4294352251407
0.719750000000000	21.2499116715727
0.719800000000000	-19.5078861129679
0.719850000000000	-2.59141921428697
0.719900000000000	82.4311147708270
0.719950000000000	1.50876978456063
0.720000000000000	61.7555134193625
0.720050000000000	54.0043009097463
0.720100000000000	64.3541071561964
0.720150000000000	53.7528721094634
0.720200000000000	-26.4796044722217
0.720250000000000	32.6031368694550
0.720300000000000	65.2177330588426
0.720350000000000	74.0741694449615
0.720400000000000	44.0385713314820
0.720450000000000	54.2133293942354
0.720500000000000	27.7783739766070
0.720550000000000	6.06849058259480
0.720600000000000	68.3492650500606
0.720650000000000	0.0368183065033030
0.720700000000000	15.6356051473130
0.720750000000000	44.8522196556454
0.720800000000000	55.2155024543784
0.720850000000000	52.0017510405147
0.720900000000000	71.1809255711903
0.720950000000000	6.34292112823015
0.721000000000000	52.9410279876448
0.721050000000000	30.3855586894795
0.721100000000000	70.8545692974854
0.721150000000000	-7.90394931285243
0.721200000000000	112.949345616613
0.721250000000000	20.6539119743085
0.721300000000000	-40.1471535808912
0.721350000000000	36.7214674274160
0.721400000000000	19.8363064888456
0.721450000000000	71.7001337020217
0.721500000000000	9.20421619734256
0.721550000000000	-18.4909658405066
0.721600000000000	17.9705358363537
0.721650000000000	-48.1412887519772
0.721700000000000	41.4803514353359
0.721750000000000	-20.1585763227262
0.721800000000000	41.0501475257454
0.721850000000000	-17.1364797733833
0.721900000000000	27.5881899656224
0.721950000000000	69.7189069838510
0.722000000000000	10.1095517685528
0.722050000000000	25.5470058175862
0.722100000000000	-64.3441159171480
0.722150000000000	-14.8348521029812
0.722200000000000	0.0614349244450150
0.722250000000000	-50.8134961698227
0.722300000000000	-29.2262915317904
0.722350000000000	-3.64395534906669
0.722400000000000	0.904335159993710
0.722450000000000	-27.6164435669835
0.722500000000000	35.9217593371605
0.722550000000000	-42.7286370011406
0.722600000000000	1.45211388353016
0.722650000000000	-31.6073864336460
0.722700000000000	-59.8137680448393
0.722750000000000	3.23304943711768
0.722800000000000	-2.43987297480161
0.722850000000000	4.15872818918734
0.722900000000000	119.398341652928
0.722950000000000	-24.9545868445375
0.723000000000000	-67.8627213080157
0.723050000000000	16.1852803903170
0.723100000000000	25.1653384195672
0.723150000000000	65.9146774402730
0.723200000000000	2.91208886557088
0.723250000000000	9.99444569642213
0.723300000000000	-35.8999216801927
0.723350000000000	-75.7617063013023
0.723400000000000	-18.1844235175590
0.723450000000000	-6.35276436075243
0.723500000000000	44.9238788910057
0.723550000000000	-7.06001831993233
0.723600000000000	-9.70483334753026
0.723650000000000	20.3546798042272
0.723700000000000	0.0146511858709300
0.723750000000000	34.1326161497115
0.723800000000000	27.7756881696272
0.723850000000000	23.9949505753103
0.723900000000000	31.4760424473210
0.723950000000000	21.3931685086886
0.724000000000000	58.5104959758448
0.724050000000000	17.2620625414552
0.724100000000000	56.0825907010801
0.724150000000000	-20.5273497862277
0.724200000000000	5.41670050524290
0.724250000000000	28.7033381119685
0.724300000000000	-1.13487819019446
0.724350000000000	39.5719827590712
0.724400000000000	-24.1917310735062
0.724450000000000	40.4260252422161
0.724500000000000	27.0537562050011
0.724550000000000	58.8961923521274
0.724600000000000	79.4374618912236
0.724650000000000	42.0513561454408
0.724700000000000	83.3031852542710
0.724750000000000	-5.14478056793893
0.724800000000000	54.0617114477362
0.724850000000000	24.0387470253422
0.724900000000000	-14.4331546717850
0.724950000000000	9.65557242452370
0.725000000000000	54.4298843266041
0.725050000000000	13.9142024523001
0.725100000000000	47.9940411513299
0.725150000000000	13.2765734144807
0.725200000000000	31.9448322067449
0.725250000000000	-19.9870511877903
0.725300000000000	18.8771400771471
0.725350000000000	79.9061399263473
0.725400000000000	5.42989037550791
0.725450000000000	51.4375905268933
0.725500000000000	-12.2008873843207
0.725550000000000	-22.2122029471701
0.725600000000000	-2.40321499663469
0.725650000000000	-37.7515080970669
0.725700000000000	0.726110947382269
0.725750000000000	52.1916299278697
0.725800000000000	8.06063344534851
0.725850000000000	-17.3920596237787
0.725900000000000	-30.4307424279082
0.725950000000000	-31.0825267442501
0.726000000000000	-32.2486943820003
0.726050000000000	-44.3226854192628
0.726100000000000	57.1502304254987
0.726150000000000	-10.8770402355571
0.726200000000000	3.25091526746678
0.726250000000000	2.47373171708149
0.726300000000000	31.7262078718658
0.726350000000000	-2.70401113967203
0.726400000000000	-1.43303401406085
0.726450000000000	13.1342318497623
0.726500000000000	7.25949601471495
0.726550000000000	-46.3433353007304
0.726600000000000	-11.5072794716858
0.726650000000000	-21.0791916798247
0.726700000000000	2.67195306027398
0.726750000000000	-17.7712570253151
0.726800000000000	28.2952110163246
0.726850000000000	-36.0462383348843
0.726900000000000	-5.30113689949952
0.726950000000000	22.7039532153275
0.727000000000000	4.67669531117464
0.727050000000000	3.94845811862326
0.727100000000000	-34.4422312000288
0.727150000000000	22.2069677017647
0.727200000000000	-5.75174880841232
0.727250000000000	43.9270987797483
0.727300000000000	-11.5897932824282
0.727350000000000	83.3235745335423
0.727400000000000	-2.69616708924518
0.727450000000000	22.5742534757274
0.727500000000000	13.9218306429901
0.727550000000000	40.2384077940035
0.727600000000000	-36.5493259492252
0.727650000000000	19.4705511651699
0.727700000000000	-41.8918073178911
0.727750000000000	-2.89258009093575
0.727800000000000	20.8069486729569
0.727850000000000	54.1466499525311
0.727900000000000	34.1981965294596
0.727950000000000	69.4299405985594
0.728000000000000	8.98541409641515
0.728050000000000	-6.70733397596429
0.728100000000000	5.39729275088111
0.728150000000000	-8.64483044044071
0.728200000000000	85.2181084329583
0.728250000000000	-48.5789911784095
0.728300000000000	33.0045429006312
0.728350000000000	44.9860249176121
0.728400000000000	29.6751834584202
0.728450000000000	45.9188692826436
0.728500000000000	64.5181969909741
0.728550000000000	18.6564142797455
0.728600000000000	-19.4296133487254
0.728650000000000	95.6521543386398
0.728700000000000	77.9845548065503
0.728750000000000	95.6865160535601
0.728800000000000	57.0276918984936
0.728850000000000	77.3524217590129
0.728900000000000	-11.8170161850395
0.728950000000000	79.5211162505444
0.729000000000000	-27.2700313076910
0.729050000000000	33.2021041705853
0.729100000000000	33.0414474807480
0.729150000000000	72.2951520453554
0.729200000000000	4.19293894309761
0.729250000000000	-11.0181653360273
0.729300000000000	36.7552929629429
0.729350000000000	44.7087150130812
0.729400000000000	38.0767655768565
0.729450000000000	6.12633863471255
0.729500000000000	60.6897162478797
0.729550000000000	27.3501812542372
0.729600000000000	-8.27355668585429
0.729650000000000	21.9694291046987
0.729700000000000	46.6045615987992
0.729750000000000	3.65049237582278
0.729800000000000	-25.4108554053694
0.729850000000000	-22.8970660307873
0.729900000000000	15.2061135349627
0.729950000000000	-11.2430884374247
0.730000000000000	33.5483711836580
0.730050000000000	-7.25712895973096
0.730100000000000	-1.39309222028506
0.730150000000000	30.4956113476845
0.730200000000000	-23.6151204512625
0.730250000000000	-2.27296490093664
0.730300000000000	28.5987132385051
0.730350000000000	-27.2050140540842
0.730400000000000	10.0542895624454
0.730450000000000	-35.1233539222748
0.730500000000000	-35.8441158941755
0.730550000000000	15.2419397416643
0.730600000000000	-13.2750496071770
0.730650000000000	22.7334815121558
0.730700000000000	-59.0201505164863
0.730750000000000	-12.1156989317837
0.730800000000000	21.0068315837809
0.730850000000000	1.18919657064850
0.730900000000000	58.3985422878787
0.730950000000000	19.0347903722670
0.731000000000000	23.5147983516280
0.731050000000000	2.44344314670090
0.731100000000000	7.86701192105568
0.731150000000000	27.2295059132711
0.731200000000000	42.0763853419410
0.731250000000000	-55.0707289023553
0.731300000000000	43.2971134473087
0.731350000000000	-3.57715504555776
0.731400000000000	71.1720905566897
0.731450000000000	21.1025321990150
0.731500000000000	59.7191689368634
0.731550000000000	51.0326933062388
0.731600000000000	-4.50213085184568
0.731650000000000	3.44114816526438
0.731700000000000	-27.9311148798840
0.731750000000000	32.4980532579737
0.731800000000000	23.5999630886570
0.731850000000000	26.9048491851610
0.731900000000000	4.29254130909410
0.731950000000000	-69.9448155527710
0.732000000000000	12.6092241657523
0.732050000000000	48.8286199852927
0.732100000000000	26.3702599021693
0.732150000000000	44.1900161088556
0.732200000000000	41.3688773118693
0.732250000000000	34.4040258047813
0.732300000000000	32.1034772985714
0.732350000000000	71.9456894675636
0.732400000000000	-0.982907318181361
0.732450000000000	67.4394322844355
0.732500000000000	61.8436397068453
0.732550000000000	40.5725965983796
0.732600000000000	27.0735287274049
0.732650000000000	90.5195200423431
0.732700000000000	29.2312441400932
0.732750000000000	57.0844294613500
0.732800000000000	-9.32609942201383
0.732850000000000	6.01300225647237
0.732900000000000	33.0030579049378
0.732950000000000	33.1168318811705
0.733000000000000	12.0110953969735
0.733050000000000	42.5287378228874
0.733100000000000	56.6493778770359
0.733150000000000	27.8112559204411
0.733200000000000	53.9942775319764
0.733250000000000	57.8484397892402
0.733300000000000	2.70319545604987
0.733350000000000	13.2767802811186
0.733400000000000	-15.8994947996097
0.733450000000000	-11.3802499692744
0.733500000000000	21.1499247167185
0.733550000000000	67.6046258792917
0.733600000000000	-11.7426967194030
0.733650000000000	10.7039753383145
0.733700000000000	43.5416812775811
0.733750000000000	-42.0162708147952
0.733800000000000	22.3644234650788
0.733850000000000	66.8981512423718
0.733900000000000	27.9379331962466
0.733950000000000	61.2091456391191
0.734000000000000	20.2122344735488
0.734050000000000	-6.72884906354394
0.734100000000000	-42.1036353627503
0.734150000000000	-10.8406919344579
0.734200000000000	6.46537072824112
0.734250000000000	13.6359368334006
0.734300000000000	16.9193190837796
0.734350000000000	13.9445721324152
0.734400000000000	-4.84242917027491
0.734450000000000	-85.1720274409446
0.734500000000000	15.6117314761160
0.734550000000000	-39.4483836735392
0.734600000000000	-22.6981627213570
0.734650000000000	-50.7601982854365
0.734700000000000	51.3993086206523
0.734750000000000	-44.1229467454941
0.734800000000000	43.6802741445087
0.734850000000000	-37.7870074668992
0.734900000000000	-42.0325465552386
0.734950000000000	19.9941112802643
0.735000000000000	-6.52909115583681
0.735050000000000	-30.2789141111376
0.735100000000000	-6.39692360106999
0.735150000000000	12.7494404112584
0.735200000000000	-44.2426847603665
0.735250000000000	-35.7352681720090
0.735300000000000	29.5261739991642
0.735350000000000	36.3179248468602
0.735400000000000	16.4649377181198
0.735450000000000	32.1392281486506
0.735500000000000	79.3741204007403
0.735550000000000	22.7112737700528
0.735600000000000	3.29090260673079
0.735650000000000	22.6046320678303
0.735700000000000	32.9190194594537
0.735750000000000	51.4920211042975
0.735800000000000	41.7023907210906
0.735850000000000	41.9225697204048
0.735900000000000	24.5634870035305
0.735950000000000	63.6806079079866
0.736000000000000	29.1928667707495
0.736050000000000	36.8436985824771
0.736100000000000	4.62596133933936
0.736150000000000	3.18885348638567
0.736200000000000	-2.79585317773504
0.736250000000000	14.6041523476034
0.736300000000000	26.3247183482983
0.736350000000000	19.5852951970356
0.736400000000000	-20.7823429871264
0.736450000000000	9.00498511248568
0.736500000000000	-2.99653313830203
0.736550000000000	69.9281472543767
0.736600000000000	31.3822717886779
0.736650000000000	34.6142910262198
0.736700000000000	115.800650328219
0.736750000000000	46.3684437527787
0.736800000000000	64.7805717658681
0.736850000000000	16.7420313901987
0.736900000000000	27.8125260430971
0.736950000000000	-0.583548710549259
0.737000000000000	24.9831452593067
0.737050000000000	58.0326372577904
0.737100000000000	30.4213536386584
0.737150000000000	27.7990514024210
0.737200000000000	53.9286641810681
0.737250000000000	17.6883338866072
0.737300000000000	17.0829316765701
0.737350000000000	28.5205361348613
0.737400000000000	46.0237688663765
0.737450000000000	43.0393862458602
0.737500000000000	29.0748556244676
0.737550000000000	27.8155777440076
0.737600000000000	3.13233831846158
0.737650000000000	26.3936379117254
0.737700000000000	-41.8135119257559
0.737750000000000	-2.32807419814747
0.737800000000000	-25.2094417446364
0.737850000000000	-42.5227403094332
0.737900000000000	-15.9836333690479
0.737950000000000	6.84793685269332
0.738000000000000	29.9179530699093
0.738050000000000	-4.30455655559679
0.738100000000000	-37.3454427069707
0.738150000000000	1.74331791703963
0.738200000000000	46.7628112178037
0.738250000000000	-60.2063437024797
0.738300000000000	-49.3596210892059
0.738350000000000	-9.04825597013076
0.738400000000000	-30.6969837211743
0.738450000000000	-54.2205549797461
0.738500000000000	-33.5350909173043
0.738550000000000	-52.8537089034761
0.738600000000000	53.7331046176225
0.738650000000000	-54.6436332418149
0.738700000000000	-14.0966756478998
0.738750000000000	65.9662019046442
0.738800000000000	-24.7750280724006
0.738850000000000	8.32275016837384
0.738900000000000	-17.0864307125402
0.738950000000000	-5.88790551208209
0.739000000000000	31.6786485699122
0.739050000000000	-10.0825423282533
0.739100000000000	-24.8845097178774
0.739150000000000	0.897960871174723
0.739200000000000	-16.7330949925895
0.739250000000000	50.6951308269096
0.739300000000000	-28.2911229379492
0.739350000000000	-34.4224098248578
0.739400000000000	-16.1296178754861
0.739450000000000	9.41442555998355
0.739500000000000	31.6972066991761
0.739550000000000	24.4906874018606
0.739600000000000	42.1161156194842
0.739650000000000	49.8377123072006
0.739700000000000	-3.66448294800021
0.739750000000000	5.13868503315229
0.739800000000000	42.6716384394905
0.739850000000000	18.0209074078411
0.739900000000000	34.1985296972604
0.739950000000000	6.66786878746493
0.740000000000000	-1.72843479379572
0.740050000000000	39.4603531373232
0.740100000000000	90.9406563158035
0.740150000000000	33.6806483035536
0.740200000000000	57.9106325996928
0.740250000000000	27.6105942686609
0.740300000000000	2.34071296294994
0.740350000000000	-12.8172907801294
0.740400000000000	-42.6933395474266
0.740450000000000	18.9067848247820
0.740500000000000	40.9341894564201
0.740550000000000	55.8785735385584
0.740600000000000	2.65135157932773
0.740650000000000	11.1495934254177
0.740700000000000	3.31836449594061
0.740750000000000	58.8170919729197
0.740800000000000	84.1763927059123
0.740850000000000	8.16405612493480
0.740900000000000	23.3945025513876
0.740950000000000	36.9030390704035
0.741000000000000	63.2854963470923
0.741050000000000	-8.50901983806703
0.741100000000000	27.8206898646595
0.741150000000000	64.4754702866425
0.741200000000000	44.3781779136148
0.741250000000000	2.92971535077711
0.741300000000000	47.8440545651747
0.741350000000000	20.3494070295037
0.741400000000000	-25.5587819453331
0.741450000000000	9.58196904818979
0.741500000000000	-51.2482598536399
0.741550000000000	58.7023483112982
0.741600000000000	7.79352925169478
0.741650000000000	41.2810044891580
0.741700000000000	-19.7170933567694
0.741750000000000	-15.8275428225645
0.741800000000000	-10.7954507573378
0.741850000000000	14.0752822600095
0.741900000000000	30.0246712075518
0.741950000000000	15.1007875074401
0.742000000000000	3.66646940079891
0.742050000000000	52.0563319396663
0.742100000000000	-64.3109149944843
0.742150000000000	14.3574425913516
0.742200000000000	32.1769941171339
0.742250000000000	54.5645972991769
0.742300000000000	9.86946121713673
0.742350000000000	-6.61281414050394
0.742400000000000	58.0011997929696
0.742450000000000	10.5332254952634
0.742500000000000	-2.29299112348388
0.742550000000000	-59.0426016315564
0.742600000000000	-39.8224755176794
0.742650000000000	-38.6488943627220
0.742700000000000	20.6287989896762
0.742750000000000	25.9775962528572
0.742800000000000	50.4576552415546
0.742850000000000	-56.4203132524310
0.742900000000000	29.9910236831254
0.742950000000000	8.09892203894275
0.743000000000000	-27.8188849769499
0.743050000000000	-46.6839916950335
0.743100000000000	21.3790858395811
0.743150000000000	-51.1471218743269
0.743200000000000	14.9869154694335
0.743250000000000	74.2213816763340
0.743300000000000	-9.37705739523494
0.743350000000000	-30.0781021998261
0.743400000000000	48.5841410845500
0.743450000000000	41.3870692532887
0.743500000000000	45.4825703399945
0.743550000000000	-32.4089270741637
0.743600000000000	24.7343305442432
0.743650000000000	40.4477292116799
0.743700000000000	2.27754735820339
0.743750000000000	-23.4130957313640
0.743800000000000	36.5802069855939
0.743850000000000	18.3259957583809
0.743900000000000	14.6201478657969
0.743950000000000	-2.24906009864322
0.744000000000000	3.95355874304832
0.744050000000000	8.23239716814868
0.744100000000000	86.4347734993184
0.744150000000000	83.2320743688933
0.744200000000000	-8.36582555397591
0.744250000000000	52.7285887233894
0.744300000000000	26.5811947489275
0.744350000000000	75.0729356516231
0.744400000000000	25.5183711577406
0.744450000000000	19.4248676367669
0.744500000000000	-6.53373905991538
0.744550000000000	42.3254066331901
0.744600000000000	-27.7553104355653
0.744650000000000	10.8488721222102
0.744700000000000	23.2664205132136
0.744750000000000	52.5905345296292
0.744800000000000	54.8981831033365
0.744850000000000	45.6252937414890
0.744900000000000	25.5466341025186
0.744950000000000	13.5358739431927
0.745000000000000	83.3526722631895
0.745050000000000	43.5433500245482
0.745100000000000	43.6661022619056
0.745150000000000	17.2905067950125
0.745200000000000	-52.9876026372723
0.745250000000000	24.4357968700989
0.745300000000000	-6.01047728047546
0.745350000000000	55.8355463166488
0.745400000000000	5.02425852047905
0.745450000000000	30.1323172512167
0.745500000000000	-20.9007093606803
0.745550000000000	-21.9499296991097
0.745600000000000	24.2262468052196
0.745650000000000	74.1486388225792
0.745700000000000	-10.8169341251394
0.745750000000000	1.28957709218964
0.745800000000000	7.45457539569201
0.745850000000000	51.2391009942058
0.745900000000000	-87.1816303728823
0.745950000000000	-31.4324345913991
0.746000000000000	5.16279041763919
0.746050000000000	-10.3909051832307
0.746100000000000	29.7847828678025
0.746150000000000	5.54614909457638
0.746200000000000	24.9564341749336
0.746250000000000	-67.4008839990927
0.746300000000000	-29.3536101428333
0.746350000000000	-44.8166220696260
0.746400000000000	-21.1006757055019
0.746450000000000	33.1721087524867
0.746500000000000	-2.11231024444312
0.746550000000000	20.2413491666516
0.746600000000000	-38.7162453940077
0.746650000000000	10.8717238588989
0.746700000000000	19.9315687959410
0.746750000000000	-26.3796328382690
0.746800000000000	-20.8647858452238
0.746850000000000	-65.7234277760375
0.746900000000000	21.9044528321178
0.746950000000000	-3.96939719165723
0.747000000000000	2.29107985864685
0.747050000000000	19.5824819039000
0.747100000000000	6.38306646584989
0.747150000000000	-25.4637314896553
0.747200000000000	16.3834267473652
0.747250000000000	9.41188646529474
0.747300000000000	0.803985473181342
0.747350000000000	4.25706003104390
0.747400000000000	36.2125264880083
0.747450000000000	40.5177603589788
0.747500000000000	10.0346336902036
0.747550000000000	-31.6640513140513
0.747600000000000	59.5905556498793
0.747650000000000	-21.0861842716727
0.747700000000000	49.6243693668294
0.747750000000000	-27.5506734800306
0.747800000000000	46.4401300783183
0.747850000000000	-10.5862828576033
0.747900000000000	-4.23471289355686
0.747950000000000	-12.3207494552103
0.748000000000000	49.6007018778044
0.748050000000000	15.1681917673759
0.748100000000000	31.5091059496509
0.748150000000000	0.408905915084397
0.748200000000000	-10.0277734671414
0.748250000000000	89.8547303388816
0.748300000000000	34.2420486855748
0.748350000000000	18.1508875084438
0.748400000000000	77.2870579004087
0.748450000000000	39.1739999582373
0.748500000000000	78.5169492086387
0.748550000000000	80.3166664485244
0.748600000000000	81.4701553989127
0.748650000000000	1.03115706475611
0.748700000000000	30.3006176064353
0.748750000000000	102.063481526605
0.748800000000000	-4.42047352662289
0.748850000000000	119.555598998581
0.748900000000000	60.0222539016703
0.748950000000000	40.3272394865521
0.749000000000000	17.7228142290466
0.749050000000000	35.4484890244903
0.749100000000000	14.2677138281910
0.749150000000000	10.3637896934699
0.749200000000000	23.1840767244993
0.749250000000000	65.3900017558949
0.749300000000000	34.0263343601677
0.749350000000000	17.8517472876776
0.749400000000000	19.4968133147476
0.749450000000000	29.5087877716684
0.749500000000000	27.4292402517723
0.749550000000000	8.50310214702096
0.749600000000000	42.3044864237573
0.749650000000000	29.1859304292787
0.749700000000000	-2.98192525181466
0.749750000000000	39.9536038917671
0.749800000000000	-72.9386164263852
0.749850000000000	36.3474139948828
0.749900000000000	34.1180238419653
0.749950000000000	43.0067589908511
0.750000000000000	31.9232708075813
0.750050000000000	-56.7513157029637
0.750100000000000	31.7929563410291
0.750150000000000	-6.04533591385884
0.750200000000000	-24.2951920807223
0.750250000000000	-16.5687882427948
0.750300000000000	28.4327744660633
0.750350000000000	-16.3637870955722
0.750400000000000	22.1033017242022
0.750450000000000	-31.5417739904766
0.750500000000000	-46.1084903512382
0.750550000000000	18.9305980811974
0.750600000000000	44.8189072463481
0.750650000000000	-20.0750109936372
0.750700000000000	-30.0653213902220
0.750750000000000	-8.53583137856541
0.750800000000000	1.77774471081123
0.750850000000000	-63.0621777930834
0.750900000000000	-27.4713290177963
0.750950000000000	24.3930249143462
0.751000000000000	29.3376958510668
0.751050000000000	-21.9199621636974
0.751100000000000	16.9988732228940
0.751150000000000	27.3797187063990
0.751200000000000	-4.61174877957931
0.751250000000000	-22.7900900915844
0.751300000000000	-1.61288623464997
0.751350000000000	0.142696461236238
0.751400000000000	-3.10022453558602
0.751450000000000	-2.53238686059687
0.751500000000000	-1.52941427973368
0.751550000000000	33.3936847202256
0.751600000000000	15.1739145815539
0.751650000000000	53.2324068852440
0.751700000000000	19.4356711915104
0.751750000000000	85.0049047379625
0.751800000000000	23.5468794565664
0.751850000000000	3.03063311190842
0.751900000000000	40.8284444826678
0.751950000000000	53.0618965198453
0.752000000000000	6.02397017729440
0.752050000000000	26.4430487605004
0.752100000000000	8.09478416000303
0.752150000000000	44.4041077880430
0.752200000000000	10.4828723722781
0.752250000000000	33.5506531462689
0.752300000000000	-40.6696279851360
0.752350000000000	56.7021547572756
0.752400000000000	53.4854432952250
0.752450000000000	10.9007019699471
0.752500000000000	69.4313905542146
0.752550000000000	47.7683638133526
0.752600000000000	9.69797529178252
0.752650000000000	65.7720256288925
0.752700000000000	63.9607799779384
0.752750000000000	37.6727356163869
0.752800000000000	31.7910972705959
0.752850000000000	93.9450537182390
0.752900000000000	-9.16657724499391
0.752950000000000	62.1331708383918
0.753000000000000	17.8100267399468
0.753050000000000	64.0286360535743
0.753100000000000	68.6800923357703
0.753150000000000	-55.0232649495741
0.753200000000000	61.6384053474772
0.753250000000000	-0.996622467393257
0.753300000000000	33.8172671582657
0.753350000000000	-24.1510098338474
0.753400000000000	46.5647284932623
0.753450000000000	34.8066262596144
0.753500000000000	33.7855978645533
0.753550000000000	2.54724165624256
0.753600000000000	-42.5878475403207
0.753650000000000	26.7736098465614
0.753700000000000	-11.8348898846864
0.753750000000000	-2.49292575939129
0.753800000000000	54.7949488261691
0.753850000000000	-4.16057541276420
0.753900000000000	13.7208485262403
0.753950000000000	41.7558835009003
0.754000000000000	31.6885426382710
0.754050000000000	-19.7091411834106
0.754100000000000	-12.9172838942827
0.754150000000000	7.25774267940553
0.754200000000000	-26.6543387558923
0.754250000000000	-30.7456512870230
0.754300000000000	20.4056589939516
0.754350000000000	2.32599686127684
0.754400000000000	-6.65121226721973
0.754450000000000	-14.2324294621633
0.754500000000000	-26.7249149046934
0.754550000000000	2.61825816721490
0.754600000000000	18.4306188767730
0.754650000000000	29.6398770347741
0.754700000000000	-12.0541862982982
0.754750000000000	-13.5803915512618
0.754800000000000	-8.77294750149059
0.754850000000000	-11.6739335703767
0.754900000000000	36.7959728508906
0.754950000000000	-6.93253733034541
0.755000000000000	-24.0984514135592
0.755050000000000	-9.04520519062731
0.755100000000000	8.13192127157467
0.755150000000000	-66.1973546931191
0.755200000000000	56.4172664704767
0.755250000000000	11.8594111635116
0.755300000000000	24.2730903800024
0.755350000000000	-0.0152620520818854
0.755400000000000	51.9373985324136
0.755450000000000	-11.5333199151496
0.755500000000000	23.3236337201703
0.755550000000000	2.35535454308648
0.755600000000000	36.8691986280261
0.755650000000000	5.41817403500994
0.755700000000000	22.2566965486432
0.755750000000000	-15.2412360973438
0.755800000000000	51.5970104559241
0.755850000000000	-8.54037476334675
0.755900000000000	-18.0913022866968
0.755950000000000	58.9508404927634
0.756000000000000	35.4654639506315
0.756050000000000	104.957843341590
0.756100000000000	26.7216496964985
0.756150000000000	30.0589355355064
0.756200000000000	5.58778856562419
0.756250000000000	55.7086511856904
0.756300000000000	-20.2495496238719
0.756350000000000	62.3764743343629
0.756400000000000	45.2690881636858
0.756450000000000	56.1475150434058
0.756500000000000	14.7286535075490
0.756550000000000	49.7445603817521
0.756600000000000	36.9257635211163
0.756650000000000	26.3023998566618
0.756700000000000	63.7628814381637
0.756750000000000	92.1967623100639
0.756800000000000	69.2257612702551
0.756850000000000	-69.2561903932061
0.756900000000000	125.063752017333
0.756950000000000	-23.4811375469673
0.757000000000000	60.1404885647527
0.757050000000000	-37.3079380417204
0.757100000000000	71.8759957237943
0.757150000000000	93.1344473819783
0.757200000000000	-20.5026771484612
0.757250000000000	27.1272076557574
0.757300000000000	27.6948354971556
0.757350000000000	39.1409763064451
0.757400000000000	-28.6513426990080
0.757450000000000	63.3760401132899
0.757500000000000	-86.8336532859747
0.757550000000000	-6.30659128603866
0.757600000000000	3.69949419714552
0.757650000000000	47.9929259686786
0.757700000000000	-5.73417857573287
0.757750000000000	-2.22838224167219
0.757800000000000	6.47184575423607
0.757850000000000	15.5587732532457
0.757900000000000	-26.1786073018987
0.757950000000000	-2.02650637363561
0.758000000000000	16.3333425936296
0.758050000000000	15.9980088520798
0.758100000000000	7.20769935286597
0.758150000000000	4.56532651546214
0.758200000000000	-18.7672722398889
0.758250000000000	-16.2474995142122
0.758300000000000	-10.4127318570262
0.758350000000000	3.66853107791601
0.758400000000000	-1.38143393584118
0.758450000000000	-21.3695019881238
0.758500000000000	2.41714078777985
0.758550000000000	-13.8263703545268
0.758600000000000	11.7570302351522
0.758650000000000	-6.81872516077885
0.758700000000000	21.9856375422193
0.758750000000000	-40.1219029661247
0.758800000000000	45.4958914874505
0.758850000000000	7.99984453505951
0.758900000000000	10.7661427861437
0.758950000000000	22.2179017493829
0.759000000000000	-78.2401991345151
0.759050000000000	-29.5428762092134
0.759100000000000	-23.1746687700881
0.759150000000000	7.77426553574873
0.759200000000000	-2.52694136317941
0.759250000000000	20.1493973847167
0.759300000000000	37.5914361322076
0.759350000000000	-24.6525494530242
0.759400000000000	19.6587612146113
0.759450000000000	10.6373579354975
0.759500000000000	18.4082665638156
0.759550000000000	48.1054035596741
0.759600000000000	-49.5582361341801
0.759650000000000	-20.6627655010537
0.759700000000000	9.79332761159829
0.759750000000000	69.3524542755643
0.759800000000000	25.4273727994823
0.759850000000000	41.7739105752572
0.759900000000000	18.8068000756709
0.759950000000000	69.6796080919377
0.760000000000000	57.8960507975355
0.760050000000000	17.1559758826744
0.760100000000000	46.1970088126754
0.760150000000000	-15.3581265140288
0.760200000000000	-5.64572221860169
0.760250000000000	47.2825532321243
0.760300000000000	28.5123191086344
0.760350000000000	27.2648538800995
0.760400000000000	-5.03818521819767
0.760450000000000	40.9155661086587
0.760500000000000	45.2193688235548
0.760550000000000	37.2851983133129
0.760600000000000	20.5533268340139
0.760650000000000	48.0361061469148
0.760700000000000	44.4433221765224
0.760750000000000	-6.45766422694874
0.760800000000000	15.2726370152154
0.760850000000000	-9.29872281364689
0.760900000000000	19.1810413160621
0.760950000000000	77.7127768528474
0.761000000000000	15.4844980636201
0.761050000000000	19.5519664057600
0.761100000000000	34.0343704000777
0.761150000000000	13.4057076557374
0.761200000000000	-39.8078754158830
0.761250000000000	40.1949403276804
0.761300000000000	12.1999276978396
0.761350000000000	31.3605421895536
0.761400000000000	11.2894793216973
0.761450000000000	22.7008846569448
0.761500000000000	-6.47300963526322
0.761550000000000	-8.04479821949573
0.761600000000000	2.41053297892535
0.761650000000000	-14.1131866760426
0.761700000000000	14.8890400615687
0.761750000000000	-7.91121284974425
0.761800000000000	1.45227414238259
0.761850000000000	-16.0136126916570
0.761900000000000	-2.53384974851296
0.761950000000000	12.5201663356066
0.762000000000000	38.0232483213127
0.762050000000000	-57.8385163751278
0.762100000000000	-60.2707212747366
0.762150000000000	12.0730883108986
0.762200000000000	-26.3391058094954
0.762250000000000	-12.1541502049254
0.762300000000000	48.0340356422725
0.762350000000000	-13.4716747953314
0.762400000000000	5.38341919699386
0.762450000000000	-32.0949242812347
0.762500000000000	50.4601270626206
0.762550000000000	-29.3005156072061
0.762600000000000	-6.02604636735820
0.762650000000000	-6.48945096906171
0.762700000000000	33.8318119444313
0.762750000000000	-9.71294529815187
0.762800000000000	16.6125424281372
0.762850000000000	-2.20368407755680
0.762900000000000	-28.2989291343150
0.762950000000000	-15.7466331857824
0.763000000000000	43.7724334695700
0.763050000000000	-25.0989105261134
0.763100000000000	-54.9440585564227
0.763150000000000	53.9009822220008
0.763200000000000	2.50564287345726
0.763250000000000	2.52407888587571
0.763300000000000	5.33537999398047
0.763350000000000	57.4195523558586
0.763400000000000	-4.30226612565116
0.763450000000000	39.9911150016893
0.763500000000000	17.7703666887579
0.763550000000000	-19.6554580354051
0.763600000000000	-19.8429517203648
0.763650000000000	16.5179632789684
0.763700000000000	-48.8442732880849
0.763750000000000	44.0647464093518
0.763800000000000	-21.7399027140999
0.763850000000000	55.8522017602041
0.763900000000000	59.1454711118985
0.763950000000000	13.1302912233208
0.764000000000000	-26.5633539768077
0.764050000000000	35.9521242316428
0.764100000000000	25.9979883583812
0.764150000000000	18.5144015271396
0.764200000000000	-8.27303957674604
0.764250000000000	13.4954846181468
0.764300000000000	-2.32946853907668
0.764350000000000	21.1120859621759
0.764400000000000	36.7900538501268
0.764450000000000	65.3172877619568
0.764500000000000	29.2262522283001
0.764550000000000	-6.16362668787552
0.764600000000000	-19.8129311168020
0.764650000000000	19.8147974510247
0.764700000000000	48.9870748870056
0.764750000000000	50.6951955033585
0.764800000000000	19.2585619976170
0.764850000000000	32.5635400168517
0.764900000000000	22.7247324071999
0.764950000000000	70.2900947686574
0.765000000000000	21.6085534427431
0.765050000000000	9.13239355495461
0.765100000000000	47.9910009727882
0.765150000000000	49.6810368206178
0.765200000000000	-4.34986588921318
0.765250000000000	38.1828873969621
0.765300000000000	50.1395753138680
0.765350000000000	-42.6638450371527
0.765400000000000	43.7141387463693
0.765450000000000	11.0179962075793
0.765500000000000	77.3217724749020
0.765550000000000	-31.3086141875245
0.765600000000000	-12.9678658370175
0.765650000000000	52.6226194683854
0.765700000000000	38.9221493376572
0.765750000000000	8.61079795802287
0.765800000000000	30.9674901638676
0.765850000000000	-19.2784414772350
0.765900000000000	-4.72084840976639
0.765950000000000	-32.4517129011374
0.766000000000000	-12.6900522864741
0.766050000000000	-56.9617365016018
0.766100000000000	-14.3072935966060
0.766150000000000	23.4653646780910
0.766200000000000	-6.24340812053945
0.766250000000000	42.4292793752219
0.766300000000000	-26.4413500513426
0.766350000000000	22.6913201586251
0.766400000000000	84.0073123362214
0.766450000000000	-47.2325148395542
0.766500000000000	45.0900427136179
0.766550000000000	-23.1206301550095
0.766600000000000	40.1391740807324
0.766650000000000	69.1143784611276
0.766700000000000	-42.0229397522407
0.766750000000000	-28.9166133648753
0.766800000000000	-2.10476927945504
0.766850000000000	36.2675278553601
0.766900000000000	-23.5002370053560
0.766950000000000	-15.2059177871342
0.767000000000000	-67.9772510593480
0.767050000000000	-8.34800460559097
0.767100000000000	43.7182476067972
0.767150000000000	1.73903250810845
0.767200000000000	-16.5197343659731
0.767250000000000	11.2422084924457
0.767300000000000	15.9738237000234
0.767350000000000	-14.6444379898751
0.767400000000000	-69.1481539229176
0.767450000000000	-34.3749915668023
0.767500000000000	-20.8760886461168
0.767550000000000	-23.6479478837375
0.767600000000000	15.5040442444075
0.767650000000000	48.0308919794679
0.767700000000000	21.7230831794611
0.767750000000000	21.0664088656658
0.767800000000000	47.4163139959734
0.767850000000000	22.2981887371205
0.767900000000000	-20.4637579265840
0.767950000000000	19.0901196849639
0.768000000000000	36.0189492470458
0.768050000000000	73.0422177987460
0.768100000000000	-0.342175825535312
0.768150000000000	28.3217294021996
0.768200000000000	25.3799340380682
0.768250000000000	13.1785660814040
0.768300000000000	78.6961500107036
0.768350000000000	45.5174460451298
0.768400000000000	23.9038649793702
0.768450000000000	44.0406681593170
0.768500000000000	19.1749463557207
0.768550000000000	64.2287408829444
0.768600000000000	40.4919869970134
0.768650000000000	25.6079814538627
0.768700000000000	-7.13566736154922
0.768750000000000	97.1256187337107
0.768800000000000	28.5756727047464
0.768850000000000	-21.5505774098580
0.768900000000000	1.51891783681283
0.768950000000000	75.6527888344637
0.769000000000000	30.1828884711496
0.769050000000000	25.9877317343621
0.769100000000000	41.2919425486190
0.769150000000000	5.39226269859655
0.769200000000000	24.1733142844556
0.769250000000000	37.5087875531038
0.769300000000000	55.7269943935839
0.769350000000000	46.5873195542643
0.769400000000000	3.78321056569880
0.769450000000000	-26.0038941526408
0.769500000000000	16.1474048764171
0.769550000000000	26.8927057335554
0.769600000000000	39.9104866350170
0.769650000000000	-18.9045729391230
0.769700000000000	-1.91830250992986
0.769750000000000	42.3498896642886
0.769800000000000	-11.9374768944580
0.769850000000000	10.7531637627739
0.769900000000000	-0.822267256779034
0.769950000000000	3.19505451975845
0.770000000000000	58.7850597865950
0.770050000000000	54.3237835299034
0.770100000000000	9.44100889322049
0.770150000000000	39.9468334928920
0.770200000000000	35.0418041398591
0.770250000000000	-20.8216169462480
0.770300000000000	-9.70283365931701
0.770350000000000	-0.154338961561299
0.770400000000000	52.9849780709054
0.770450000000000	23.7196899001242
0.770500000000000	-30.6480375931193
0.770550000000000	-39.4155699388093
0.770600000000000	-7.16970896260943
0.770650000000000	-9.85735526673263
0.770700000000000	32.5747435840903
0.770750000000000	-28.1752145454553
0.770800000000000	50.2053559654688
0.770850000000000	21.1020830675779
0.770900000000000	37.9168899888781
0.770950000000000	41.9473190413310
0.771000000000000	59.4835933390607
0.771050000000000	-2.96315157710224
0.771100000000000	31.2681338296839
0.771150000000000	-54.5865082966318
0.771200000000000	-6.41647643432363
0.771250000000000	-1.89072781962175
0.771300000000000	6.74421434818740
0.771350000000000	1.36173846795435
0.771400000000000	-28.3398110068650
0.771450000000000	74.8967421271601
0.771500000000000	11.6972993056242
0.771550000000000	70.2061909115867
0.771600000000000	-2.17745463510837
0.771650000000000	-9.25779775693418
0.771700000000000	-19.9758225973546
0.771750000000000	22.3585366763075
0.771800000000000	83.3010025634003
0.771850000000000	37.6832108483162
0.771900000000000	35.4703821066393
0.771950000000000	24.9078288900804
0.772000000000000	29.8287388053180
0.772050000000000	34.1443869465908
0.772100000000000	55.0485623489111
0.772150000000000	27.9619494524621
0.772200000000000	77.8057166332810
0.772250000000000	38.9807375057115
0.772300000000000	11.2426944492436
0.772350000000000	39.9628708830342
0.772400000000000	37.9408591953650
0.772450000000000	49.5613373253037
0.772500000000000	1.21218517038788
0.772550000000000	36.1600442324208
0.772600000000000	85.7892353381510
0.772650000000000	48.3032118295857
0.772700000000000	87.3267072698387
0.772750000000000	1.60374294120230
0.772800000000000	31.2976334098467
0.772850000000000	3.39328732345943
0.772900000000000	19.9830803247633
0.772950000000000	38.2520245037872
0.773000000000000	70.7203798502256
0.773050000000000	7.97192664584578
0.773100000000000	43.1549764948294
0.773150000000000	34.0722986229202
0.773200000000000	54.4849704136116
0.773250000000000	8.27328720277782
0.773300000000000	51.8593070233843
0.773350000000000	1.45564270140724
0.773400000000000	-17.8864130217432
0.773450000000000	42.9417249128014
0.773500000000000	-15.7273272114196
0.773550000000000	12.1753594136674
0.773600000000000	-29.0446557288010
0.773650000000000	-13.2518704967530
0.773700000000000	8.62077379906646
0.773750000000000	34.7135960933234
0.773800000000000	-16.4793726567256
0.773850000000000	0.762519660117526
0.773900000000000	-18.5943549196716
0.773950000000000	59.4646068663499
0.774000000000000	104.831248313905
0.774050000000000	7.22114107342248
0.774100000000000	-35.4859618669603
0.774150000000000	10.8347694738566
0.774200000000000	-32.9887166246302
0.774250000000000	-4.56220926515897
0.774300000000000	26.5024300378942
0.774350000000000	26.9966074413523
0.774400000000000	-19.2573603240146
0.774450000000000	-37.4166298731182
0.774500000000000	-38.8466760337189
0.774550000000000	48.3289574929083
0.774600000000000	-18.8019241623568
0.774650000000000	18.8292629448829
0.774700000000000	-42.2933819302771
0.774750000000000	11.1360512077065
0.774800000000000	4.16708207974791
0.774850000000000	-17.3521405135266
0.774900000000000	-49.2597850235446
0.774950000000000	55.2539221538302
0.775000000000000	15.7399283442932
0.775050000000000	-50.3816226215559
0.775100000000000	24.7090575812306
0.775150000000000	-7.03637643322102
0.775200000000000	15.6517757724322
0.775250000000000	1.51791060083795
0.775300000000000	-27.8532244418632
0.775350000000000	-40.1432007166383
0.775400000000000	-8.59820445804797
0.775450000000000	13.0164769335347
0.775500000000000	23.0419547698121
0.775550000000000	24.1175964130919
0.775600000000000	37.2962037329240
0.775650000000000	37.8343677720308
0.775700000000000	60.2403593295334
0.775750000000000	-20.9446386589476
0.775800000000000	71.5082725322417
0.775850000000000	64.9003506943156
0.775900000000000	30.2167656643896
0.775950000000000	35.6022796253742
0.776000000000000	23.1212936438079
0.776050000000000	28.9227218103673
0.776100000000000	130.947657034315
0.776150000000000	57.1420963419356
0.776200000000000	40.7688016374142
0.776250000000000	-9.92757289745653
0.776300000000000	6.74517665122629
0.776350000000000	-13.0072196597883
0.776400000000000	-6.30504416149157
0.776450000000000	15.8765085127047
0.776500000000000	32.6600932949260
0.776550000000000	103.858569558086
0.776600000000000	41.8008928575794
0.776650000000000	53.6993515719104
0.776700000000000	48.0710801330381
0.776750000000000	-38.9221985397180
0.776800000000000	84.2213905796852
0.776850000000000	-19.0171084168594
0.776900000000000	34.2947439043390
0.776950000000000	21.4675439923628
0.777000000000000	35.1880064163262
0.777050000000000	-21.0645623344091
0.777100000000000	-14.8504618424115
0.777150000000000	60.9883586460143
0.777200000000000	69.1717467499507
0.777250000000000	80.3869215646623
0.777300000000000	16.1614985865031
0.777350000000000	93.5962702264062
0.777400000000000	28.2289685141290
0.777450000000000	0.480463517213494
0.777500000000000	70.1066388670273
0.777550000000000	7.95754166612180
0.777600000000000	1.81803093022943
0.777650000000000	-26.8726900976418
0.777700000000000	-30.1577650231065
0.777750000000000	-12.6722403844988
0.777800000000000	3.20271424313119
0.777850000000000	18.6113158456516
0.777900000000000	-16.8463818489138
0.777950000000000	23.3210921001729
0.778000000000000	9.56392588992630
0.778050000000000	59.5844850518560
0.778100000000000	-6.58348329825517
0.778150000000000	12.1109800575229
0.778200000000000	-23.3336584786058
0.778250000000000	-41.4786945541855
0.778300000000000	24.0699192129342
0.778350000000000	33.7633040898601
0.778400000000000	-5.78080741191226
0.778450000000000	-6.47413511841387
0.778500000000000	-6.57824343879510
0.778550000000000	-15.4087837244147
0.778600000000000	-53.4497880993054
0.778650000000000	0.0766926303930084
0.778700000000000	-24.6400026601116
0.778750000000000	57.7362847085955
0.778800000000000	-19.6571290359689
0.778850000000000	23.4721101741740
0.778900000000000	-75.9682527677284
0.778950000000000	26.9156793680812
0.779000000000000	-5.12228142648224
0.779050000000000	-65.0672607687714
0.779100000000000	19.9021601031749
0.779150000000000	-16.2727305840948
0.779200000000000	61.4605493511492
0.779250000000000	-76.8611556808721
0.779300000000000	31.7891105367875
0.779350000000000	-1.05595550936394
0.779400000000000	-10.4979263192058
0.779450000000000	-13.7214879036190
0.779500000000000	36.3819976796399
0.779550000000000	-18.3899750453286
0.779600000000000	-20.9146580163783
0.779650000000000	62.6481178525773
0.779700000000000	-38.4979077930567
0.779750000000000	33.9870586123761
0.779800000000000	-11.3169030621888
0.779850000000000	-0.0500028191467372
0.779900000000000	49.1346608870074
0.779950000000000	-26.0416119451139
0.780000000000000	24.7608977140027
0.780050000000000	39.8595101278055
0.780100000000000	-14.9632155462626
0.780150000000000	36.9574746461222
0.780200000000000	84.3599826097209
0.780250000000000	32.3240100173114
0.780300000000000	27.8498321094529
0.780350000000000	24.4393543796290
0.780400000000000	35.5972133736291
0.780450000000000	58.0094505348564
0.780500000000000	-6.57029160334674
0.780550000000000	14.5577031161907
0.780600000000000	77.3761818652035
0.780650000000000	28.4735622879922
0.780700000000000	53.9645204588473
0.780750000000000	62.3923835726856
0.780800000000000	-3.76836242512019
0.780850000000000	33.2881859637571
0.780900000000000	-1.08587057560193
0.780950000000000	25.8417119615061
0.781000000000000	65.4540195288045
0.781050000000000	44.3661871381366
0.781100000000000	24.7706962868387
0.781150000000000	36.0648125150625
0.781200000000000	15.7390492956641
0.781250000000000	44.7281801967369
0.781300000000000	54.9049781212953
0.781350000000000	18.0873026660332
0.781400000000000	19.4085551462845
0.781450000000000	-4.67812637555565
0.781500000000000	-48.5837545111723
0.781550000000000	101.990434301658
0.781600000000000	23.3979516974056
0.781650000000000	0.367298745842326
0.781700000000000	61.6652925532854
0.781750000000000	29.4341260308665
0.781800000000000	47.0019180577983
0.781850000000000	13.7665701928140
0.781900000000000	11.6431041723669
0.781950000000000	-24.8125070379008
0.782000000000000	-10.9672755541252
0.782050000000000	-0.0549062933122926
0.782100000000000	58.6858321496742
0.782150000000000	-54.7749096429979
0.782200000000000	-32.6759501315453
0.782250000000000	-21.3371524881459
0.782300000000000	-41.2545200687518
0.782350000000000	-51.6132249545510
0.782400000000000	-16.1598756209934
0.782450000000000	-25.1649477419055
0.782500000000000	-35.9405911013443
0.782550000000000	19.3304882274434
0.782600000000000	33.1604656331511
0.782650000000000	3.24010921156582
0.782700000000000	1.95134897809634
0.782750000000000	-23.6789281753821
0.782800000000000	-34.3102855458415
0.782850000000000	-35.1445206377476
0.782900000000000	11.3481948400782
0.782950000000000	13.7920900514165
0.783000000000000	-15.1227608954948
0.783050000000000	27.4322761031021
0.783100000000000	-41.8758546199332
0.783150000000000	-45.7879952139220
0.783200000000000	19.4979838777473
0.783250000000000	57.7313292446382
0.783300000000000	17.9658065877813
0.783350000000000	14.8312982665207
0.783400000000000	0.960911145355553
0.783450000000000	28.9091065232270
0.783500000000000	27.4236395608066
0.783550000000000	-66.6777629241698
0.783600000000000	-13.5253039767471
0.783650000000000	24.2135835187180
0.783700000000000	-7.09590112349165
0.783750000000000	44.5977362103617
0.783800000000000	12.8323304651010
0.783850000000000	38.2348498686238
0.783900000000000	37.7187067641191
0.783950000000000	28.5323429968900
0.784000000000000	-31.5700845000739
0.784050000000000	20.4832170573364
0.784100000000000	13.0402556096850
0.784150000000000	49.6828763621425
0.784200000000000	21.3474583054800
0.784250000000000	87.5218395242117
0.784300000000000	1.33400990145303
0.784350000000000	46.6156513856497
0.784400000000000	58.4285742829184
0.784450000000000	33.8935165736162
0.784500000000000	40.2659166096837
0.784550000000000	-7.79368184910234
0.784600000000000	54.2380846202125
0.784650000000000	67.4866148518622
0.784700000000000	46.2048667601625
0.784750000000000	60.0557606791073
0.784800000000000	36.9235795092149
0.784850000000000	44.2839769934144
0.784900000000000	36.9164593771068
0.784950000000000	72.3853857265348
0.785000000000000	72.5337020808951
0.785050000000000	28.8818812562160
0.785100000000000	26.0282531144008
0.785150000000000	56.4257679353248
0.785200000000000	4.69784118175874
0.785250000000000	25.1883321578494
0.785300000000000	29.8882094327335
0.785350000000000	4.88770524204057
0.785400000000000	18.9380518925225
0.785450000000000	22.1267396125791
0.785500000000000	63.4913308841959
0.785550000000000	29.0363837897074
0.785600000000000	3.69188618170349
0.785650000000000	70.2857159533416
0.785700000000000	21.3954522003797
0.785750000000000	6.06033133076121
0.785800000000000	41.1187027272975
0.785850000000000	94.9401268756179
0.785900000000000	29.6374836217280
0.785950000000000	-12.5779472662182
0.786000000000000	3.01338720932308
0.786050000000000	-9.27454709087118
0.786100000000000	-2.29106593141947
0.786150000000000	15.4925902767345
0.786200000000000	-15.9553820858069
0.786250000000000	1.25729221988324
0.786300000000000	-16.6373360829949
0.786350000000000	25.1182023805971
0.786400000000000	3.15272679540058
0.786450000000000	-8.69160068472067
0.786500000000000	-36.9805783570094
0.786550000000000	-21.0337593497727
0.786600000000000	-30.4690461081931
0.786650000000000	19.2330011239726
0.786700000000000	24.7339907526336
0.786750000000000	-4.98523790796654
0.786800000000000	-77.9252293644150
0.786850000000000	-45.7210661598912
0.786900000000000	-26.2067564802130
0.786950000000000	5.22152794186838
0.787000000000000	-31.0842604471385
0.787050000000000	-22.1185356313116
0.787100000000000	27.7796479979110
0.787150000000000	-14.0610853599672
0.787200000000000	2.30232990768366
0.787250000000000	-14.1344276806027
0.787300000000000	16.1183233632527
0.787350000000000	16.2249737878982
0.787400000000000	32.2222224227366
0.787450000000000	-3.55856762141156
0.787500000000000	54.7375797495306
0.787550000000000	-0.242103061785786
0.787600000000000	25.6669661235976
0.787650000000000	19.1808381713591
0.787700000000000	27.7157710567213
0.787750000000000	32.3167002897890
0.787800000000000	-23.7029736832576
0.787850000000000	51.6227296870926
0.787900000000000	-2.63405099450559
0.787950000000000	6.09326536520559
0.788000000000000	58.1069460121425
0.788050000000000	29.1990637824171
0.788100000000000	50.0243269341093
0.788150000000000	57.6782274783592
0.788200000000000	4.20248534021756
0.788250000000000	58.5293713860661
0.788300000000000	10.8490799617225
0.788350000000000	-26.8164853667720
0.788400000000000	5.30033846051720
0.788450000000000	44.5579927282593
0.788500000000000	19.8846850673794
0.788550000000000	-27.3929485960758
0.788600000000000	44.9698370304023
0.788650000000000	7.39251675504552
0.788700000000000	69.2240447096158
0.788750000000000	59.3339595037053
0.788800000000000	23.9303043588272
0.788850000000000	51.4762746874639
0.788900000000000	77.3710375219052
0.788950000000000	35.8645693734770
0.789000000000000	18.2643958183754
0.789050000000000	4.61036345248581
0.789100000000000	-25.4301034886131
0.789150000000000	-21.0005612150500
0.789200000000000	51.3876020246537
0.789250000000000	42.1702257611307
0.789300000000000	14.6892998553350
0.789350000000000	51.9907136225225
0.789400000000000	16.1716407166581
0.789450000000000	5.19297336685937
0.789500000000000	55.2827967023434
0.789550000000000	-5.46554854489212
0.789600000000000	37.5863452170392
0.789650000000000	30.0493805181975
0.789700000000000	39.4728497297496
0.789750000000000	22.1451873780295
0.789800000000000	-47.2456389675618
0.789850000000000	-3.63524307039313
0.789900000000000	59.5814052610640
0.789950000000000	2.77864761667248
0.790000000000000	-21.1442494121317
0.790050000000000	-51.9648706124442
0.790100000000000	-34.5425289195468
0.790150000000000	7.76668571484750
0.790200000000000	-4.71360853518807
0.790250000000000	-17.5428983640334
0.790300000000000	-54.5347348616660
0.790350000000000	-0.913956534530879
0.790400000000000	-29.8517516284262
0.790450000000000	29.7799302212496
0.790500000000000	-23.1716303483037
0.790550000000000	-5.56213627268536
0.790600000000000	14.0978395028601
0.790650000000000	-24.3046639316765
0.790700000000000	18.8767062806319
0.790750000000000	8.58491739803049
0.790800000000000	-64.4678695187088
0.790850000000000	-54.5667305995245
0.790900000000000	53.5782709694788
0.790950000000000	-18.1305483445112
0.791000000000000	-61.8605407783523
0.791050000000000	12.1638838712838
0.791100000000000	6.90069362597647
0.791150000000000	-37.5296188152888
0.791200000000000	-28.9876249568826
0.791250000000000	-61.0036900866765
0.791300000000000	24.5385645002010
0.791350000000000	22.8270100348285
0.791400000000000	15.6194508086760
0.791450000000000	-61.7514284276601
0.791500000000000	10.1594499413463
0.791550000000000	-21.4169986735887
0.791600000000000	-2.81510266982453
0.791650000000000	7.18480089044192
0.791700000000000	12.6408709831423
0.791750000000000	52.2731148506372
0.791800000000000	-6.48201392049320
0.791850000000000	-10.5109262273171
0.791900000000000	65.1854942630525
0.791950000000000	8.75287521020359
0.792000000000000	-35.3546926313985
0.792050000000000	84.4016957045925
0.792100000000000	40.2713318443303
0.792150000000000	74.8854229988392
0.792200000000000	14.7913958727051
0.792250000000000	59.6712505685775
0.792300000000000	62.2262189332445
0.792350000000000	28.5496079692675
0.792400000000000	24.8491029121725
0.792450000000000	36.8392540938375
0.792500000000000	31.5812713693065
0.792550000000000	15.2495065997234
0.792600000000000	12.3800006046838
0.792650000000000	47.9668299853065
0.792700000000000	21.1955853218590
0.792750000000000	20.5795117907041
0.792800000000000	37.1849078003900
0.792850000000000	45.7189876762653
0.792900000000000	47.2174327030201
0.792950000000000	4.58475493286834
0.793000000000000	24.6865924696684
0.793050000000000	0.830128034664213
0.793100000000000	22.1285680042591
0.793150000000000	98.3360044186322
0.793200000000000	36.7897377528685
0.793250000000000	13.7068701979661
0.793300000000000	-4.24177397848358
0.793350000000000	28.8467122487105
0.793400000000000	37.2256655068718
0.793450000000000	63.9761263734759
0.793500000000000	25.9737769649073
0.793550000000000	21.0348528670353
0.793600000000000	-14.6756973339304
0.793650000000000	30.7842899515341
0.793700000000000	35.6276120850045
0.793750000000000	29.1140377815759
0.793800000000000	-14.1777443767858
0.793850000000000	19.7491383707708
0.793900000000000	-1.16899186799716
0.793950000000000	-6.60566058374200
0.794000000000000	3.72367607028987
0.794050000000000	15.7407764121595
0.794100000000000	14.1011588233984
0.794150000000000	-5.58418515581082
0.794200000000000	-2.20956812105167
0.794250000000000	2.46706069946686
0.794300000000000	3.41036493071141
0.794350000000000	-21.9187151103010
0.794400000000000	-10.2865698389337
0.794450000000000	-26.3275635904907
0.794500000000000	-30.9515051543903
0.794550000000000	5.05915587308008
0.794600000000000	-5.40411303185327
0.794650000000000	-5.11490487647400
0.794700000000000	-28.3496321091622
0.794750000000000	-11.4569589478329
0.794800000000000	21.9771803083819
0.794850000000000	-27.7254433068920
0.794900000000000	-12.9142882376448
0.794950000000000	2.69303330300617
0.795000000000000	23.8836981075595
0.795050000000000	14.2182044663884
0.795100000000000	-3.01019979352314
0.795150000000000	7.97031519109012
0.795200000000000	-58.6616938557169
0.795250000000000	-11.7905234932564
0.795300000000000	17.2798002328456
0.795350000000000	-12.4228678222164
0.795400000000000	129.768373680461
0.795450000000000	-2.18906535044323
0.795500000000000	13.4105667763196
0.795550000000000	11.6072112365825
0.795600000000000	56.5814117700101
0.795650000000000	-33.2014334494714
0.795700000000000	17.8886851732015
0.795750000000000	47.2059321752371
0.795800000000000	28.5633029517578
0.795850000000000	-15.0826995122810
0.795900000000000	35.3545507222887
0.795950000000000	28.7163225904327
0.796000000000000	67.4377543671600
0.796050000000000	88.9968614156405
0.796100000000000	3.85131569631428
0.796150000000000	28.9256715826539
0.796200000000000	50.6154813379480
0.796250000000000	-1.15135666681138
0.796300000000000	-0.801484841367714
0.796350000000000	15.8732236880947
0.796400000000000	56.5509967854669
0.796450000000000	-5.48667925285468
0.796500000000000	31.4521807827376
0.796550000000000	13.7388861232116
0.796600000000000	26.3594131936298
0.796650000000000	13.5211488097870
0.796700000000000	32.8626420919501
0.796750000000000	-1.66293937669005
0.796800000000000	76.8124861418060
0.796850000000000	23.5951736869701
0.796900000000000	31.8231222668947
0.796950000000000	34.6345399530451
0.797000000000000	1.04606099354080
0.797050000000000	53.7933497400148
0.797100000000000	50.3323481058276
0.797150000000000	19.6733461397515
0.797200000000000	49.1113824662568
0.797250000000000	73.6371998844950
0.797300000000000	-4.78141615171608
0.797350000000000	-7.24148012561037
0.797400000000000	19.2093635976156
0.797450000000000	39.5477634491914
0.797500000000000	22.0745810347888
0.797550000000000	9.61886006374078
0.797600000000000	4.61382395761676
0.797650000000000	62.9974036358832
0.797700000000000	-39.5963371686449
0.797750000000000	9.11213567523980
0.797800000000000	1.37715046398043
0.797850000000000	-15.4042266292203
0.797900000000000	-29.1640108370180
0.797950000000000	-81.0657069464159
0.798000000000000	-13.7766108598746
0.798050000000000	-12.1308165747577
0.798100000000000	28.1963695276855
0.798150000000000	24.2687861256517
0.798200000000000	-4.25122859524359
0.798250000000000	50.4159824298474
0.798300000000000	-25.2400761122831
0.798350000000000	-22.6357859629853
0.798400000000000	33.4864547875739
0.798450000000000	16.5963710823699
0.798500000000000	45.1596573882322
0.798550000000000	-7.39683576866451
0.798600000000000	2.44406295878393
0.798650000000000	-21.0428564646282
0.798700000000000	60.6016720707422
0.798750000000000	-10.6554375680848
0.798800000000000	26.5265209372479
0.798850000000000	53.1050006181960
0.798900000000000	23.3826695943118
0.798950000000000	21.1484685087549
0.799000000000000	17.5779263499694
0.799050000000000	3.32879728053728
0.799100000000000	-30.6895468499511
0.799150000000000	-2.84487418570328
0.799200000000000	-4.58373504905891
0.799250000000000	13.1464944466981
0.799300000000000	26.2634106227110
0.799350000000000	-10.8965869227070
0.799400000000000	12.5488299755455
0.799450000000000	35.4623551896711
0.799500000000000	-14.1480643045738
0.799550000000000	3.01925915729464
0.799600000000000	-1.55845726230016
0.799650000000000	20.8763570396122
0.799700000000000	118.934724772843
0.799750000000000	14.1663949254109
0.799800000000000	24.9850046009193
0.799850000000000	12.3706735493772
0.799900000000000	31.9864835264954
0.799950000000000	-39.5484084668270
0.800000000000000	43.2919774743195
0.800050000000000	67.0898062773097
0.800100000000000	41.7755077022690
0.800150000000000	85.3471817930504
0.800200000000000	83.0823294674621
0.800250000000000	43.0132165448809
0.800300000000000	81.2050821812333
0.800350000000000	83.6834567895472
0.800400000000000	1.13867453399747
0.800450000000000	34.3910927096989
0.800500000000000	121.601113282643
0.800550000000000	22.2111016725328
0.800600000000000	9.88623603746482
0.800650000000000	87.2652014109640
0.800700000000000	59.5748890666484
0.800750000000000	-2.57644030813520
0.800800000000000	-8.17566482350225
0.800850000000000	31.2222209404911
0.800900000000000	-19.1809014810134
0.800950000000000	93.5378232445522
0.801000000000000	23.5002308480021
0.801050000000000	68.9342201012931
0.801100000000000	65.1763940476830
0.801150000000000	43.1307376922422
0.801200000000000	7.24323648796850
0.801250000000000	19.8281738519341
0.801300000000000	13.9562322107702
0.801350000000000	31.6451905972269
0.801400000000000	45.0026663661403
0.801450000000000	-5.94401290216410
0.801500000000000	-36.0734743002415
0.801550000000000	38.5230007947974
0.801600000000000	-17.2199293574817
0.801650000000000	16.9388629643353
0.801700000000000	0.359962664269029
0.801750000000000	-20.5317095870857
0.801800000000000	55.7654904987017
0.801850000000000	53.3524400795275
0.801900000000000	9.08059193788308
0.801950000000000	7.77560827712499
0.802000000000000	-1.36432628514980
0.802050000000000	-16.1436251698979
0.802100000000000	-31.7471795345004
0.802150000000000	-36.1985556544789
0.802200000000000	-20.7435992518238
0.802250000000000	18.9495529929406
0.802300000000000	6.42215609601208
0.802350000000000	5.15872327315493
0.802400000000000	11.7777695906144
0.802450000000000	-19.6262113001508
0.802500000000000	-6.69137868438579
0.802550000000000	-59.2493526404334
0.802600000000000	29.9930598661913
0.802650000000000	19.8295131177731
0.802700000000000	-23.6266949947590
0.802750000000000	-7.19611097678639
0.802800000000000	19.4400898615113
0.802850000000000	-2.67359473891291
0.802900000000000	-45.6235175164774
0.802950000000000	-12.5207458218566
0.803000000000000	-67.8047968297261
0.803050000000000	14.1139937268868
0.803100000000000	30.2912803656553
0.803150000000000	-27.6783357236235
0.803200000000000	-16.0577908667692
0.803250000000000	40.7451789835157
0.803300000000000	38.5853043893738
0.803350000000000	5.52146045033953
0.803400000000000	-31.6595512044981
0.803450000000000	11.7182095384860
0.803500000000000	-16.1522017374052
0.803550000000000	-16.6012416710511
0.803600000000000	-0.390391880013453
0.803650000000000	12.0301766458222
0.803700000000000	43.7875743832498
0.803750000000000	-8.85323776785991
0.803800000000000	1.73814715383493
0.803850000000000	37.4174117169302
0.803900000000000	11.6209029805639
0.803950000000000	41.2543316926642
0.804000000000000	-60.5505435468342
0.804050000000000	2.20137989501428
0.804100000000000	54.4207251221232
0.804150000000000	26.2300018248759
0.804200000000000	27.7824153135458
0.804250000000000	24.2347069342721
0.804300000000000	44.1884564839858
0.804350000000000	-1.63030508757236
0.804400000000000	-21.2369160550242
0.804450000000000	62.3512539436811
0.804500000000000	-18.4781056785931
0.804550000000000	69.6398977264525
0.804600000000000	12.8226829317311
0.804650000000000	-30.8051041011683
0.804700000000000	-3.32446741286645
0.804750000000000	37.6420478859622
0.804800000000000	56.3566091140995
0.804850000000000	37.9662449582218
0.804900000000000	20.2516535156050
0.804950000000000	24.7247162152747
0.805000000000000	107.683136563486
0.805050000000000	25.7051151462609
0.805100000000000	-32.0425970141542
0.805150000000000	35.7830965021424
0.805200000000000	53.7714495940827
0.805250000000000	35.4081960075187
0.805300000000000	-18.5084275558456
0.805350000000000	-58.8475438542906
0.805400000000000	7.09108007885581
0.805450000000000	31.8614168745985
0.805500000000000	8.26990595994569
0.805550000000000	-41.2656586274338
0.805600000000000	-28.1143878080528
0.805650000000000	-37.5771282265154
0.805700000000000	23.9748283351173
0.805750000000000	30.7446875510000
0.805800000000000	14.9518786744972
0.805850000000000	8.32432765833532
0.805900000000000	-20.9894378164011
0.805950000000000	-11.7851934000014
0.806000000000000	16.5082761773373
0.806050000000000	-8.31118370590635
0.806100000000000	-31.0734388869654
0.806150000000000	14.7558326497740
0.806200000000000	-1.89191951789244
0.806250000000000	-15.5072087412359
0.806300000000000	15.6864704279123
0.806350000000000	-2.44257112857940
0.806400000000000	-20.4018634733339
0.806450000000000	-78.0986986346996
0.806500000000000	-50.9698607110924
0.806550000000000	15.4433047204515
0.806600000000000	25.5524647527973
0.806650000000000	27.4286196584753
0.806700000000000	-66.8311888639971
0.806750000000000	-29.6112652874227
0.806800000000000	-45.5881039566363
0.806850000000000	9.87392571048821
0.806900000000000	-6.06242364585657
0.806950000000000	13.9114553777051
0.807000000000000	-15.4250687666832
0.807050000000000	5.92792005270633
0.807100000000000	48.3089559345883
0.807150000000000	2.40048651479651
0.807200000000000	-21.2103697412185
0.807250000000000	-14.4930495501891
0.807300000000000	-55.1662360641409
0.807350000000000	23.1526279408777
0.807400000000000	7.39997077162454
0.807450000000000	-24.2047452819479
0.807500000000000	-27.9450027525215
0.807550000000000	23.6561694075590
0.807600000000000	34.5480029566352
0.807650000000000	-0.632963038114854
0.807700000000000	19.6897311726893
0.807750000000000	40.8915519851752
0.807800000000000	54.4871268960113
0.807850000000000	14.3362309168043
0.807900000000000	40.5754316905220
0.807950000000000	-8.07345187736461
0.808000000000000	-26.6477735978036
0.808050000000000	68.4338329521202
0.808100000000000	7.88823148386751
0.808150000000000	34.3845240862134
0.808200000000000	32.2708456052013
0.808250000000000	19.9906299636381
0.808300000000000	-5.98362832237169
0.808350000000000	-6.54683664938181
0.808400000000000	85.5196000936732
0.808450000000000	21.3856352060386
0.808500000000000	64.8027584987919
0.808550000000000	89.2453925174467
0.808600000000000	1.48410873605316
0.808650000000000	-20.3714320103068
0.808700000000000	67.3601496992700
0.808750000000000	48.8066816117777
0.808800000000000	68.9813006413554
0.808850000000000	45.6713533857031
0.808900000000000	70.8119997162500
0.808950000000000	14.7554552949246
0.809000000000000	55.1162261416933
0.809050000000000	-15.8852496046419
0.809100000000000	87.8167422251598
0.809150000000000	31.6242602693711
0.809200000000000	48.9716341291797
0.809250000000000	53.5538544921599
0.809300000000000	78.2351347719414
0.809350000000000	10.0008519366921
0.809400000000000	30.0370850939102
0.809450000000000	44.0717819143368
0.809500000000000	-6.59651717863438
0.809550000000000	20.8917231978935
0.809600000000000	-29.5176091339432
0.809650000000000	6.98387399145220
0.809700000000000	-38.9602738571527
0.809750000000000	75.9974541174475
0.809800000000000	-18.6661952448678
0.809850000000000	5.17992536303051
0.809900000000000	61.7638760198071
0.809950000000000	-4.31332376875294
0.810000000000000	-3.33572685073029
0.810050000000000	27.0713231946292
0.810100000000000	-7.00407780065003
0.810150000000000	-11.1294413846349
0.810200000000000	-15.9879067687246
0.810250000000000	-4.59714278002696
0.810300000000000	3.08191028849452
0.810350000000000	23.7471819092195
0.810400000000000	30.4969828844359
0.810450000000000	7.74057505248631
0.810500000000000	32.7937901245192
0.810550000000000	38.0774216661619
0.810600000000000	24.3491004632227
0.810650000000000	30.3114845562066
0.810700000000000	18.6964970825737
0.810750000000000	33.8806083266029
0.810800000000000	-12.8135703418649
0.810850000000000	-33.2961685837490
0.810900000000000	-34.3465967388951
0.810950000000000	-41.6641424266917
0.811000000000000	41.5605073654877
0.811050000000000	25.7396452347297
0.811100000000000	-24.9064488760530
0.811150000000000	-7.51468793963757
0.811200000000000	-6.99847435154986
0.811250000000000	26.4502526155527
0.811300000000000	19.5920492068332
0.811350000000000	36.8070003400864
0.811400000000000	-74.0650155922609
0.811450000000000	-30.9018037850010
0.811500000000000	14.2768221358535
0.811550000000000	26.8930713307028
0.811600000000000	16.3886790765206
0.811650000000000	80.6594760243866
0.811700000000000	44.9172554463156
0.811750000000000	7.77664317052128
0.811800000000000	2.89933200061992
0.811850000000000	20.0930716947868
0.811900000000000	17.5068586191005
0.811950000000000	66.3707031139767
0.812000000000000	73.5538175512231
0.812050000000000	30.6892130646412
0.812100000000000	37.6472234035214
0.812150000000000	47.0046880444551
0.812200000000000	55.5606272508988
0.812250000000000	34.6550241952721
0.812300000000000	-5.27314318238169
0.812350000000000	34.8264122014339
0.812400000000000	9.96856988804942
0.812450000000000	32.0525116169020
0.812500000000000	-21.9700638184859
0.812550000000000	-55.2055111190722
0.812600000000000	5.05073656712587
0.812650000000000	27.2836924028738
0.812700000000000	80.2838677946070
0.812750000000000	86.3299980181446
0.812800000000000	-1.44552615284302
0.812850000000000	16.0239199187436
0.812900000000000	95.6286459682541
0.812950000000000	4.18946706246447
0.813000000000000	-12.6706982696259
0.813050000000000	73.3422369706812
0.813100000000000	-0.822033108561282
0.813150000000000	18.5821395581983
0.813200000000000	25.3195277704743
0.813250000000000	56.6708916190460
0.813300000000000	8.25239707742312
0.813350000000000	51.2050679645344
0.813400000000000	9.68835110368020
0.813450000000000	43.0282841058447
0.813500000000000	31.3931880288644
0.813550000000000	27.1314473061498
0.813600000000000	46.1696994233236
0.813650000000000	-46.7118200592986
0.813700000000000	53.9059184200785
0.813750000000000	-7.51019933922690
0.813800000000000	-9.71094416165403
0.813850000000000	2.05509883330777
0.813900000000000	5.39796814118688
0.813950000000000	-24.8740377943616
0.814000000000000	63.9910208408505
0.814050000000000	12.8708277100152
0.814100000000000	32.4040550671977
0.814150000000000	21.7418497374356
0.814200000000000	51.5343167652725
0.814250000000000	-15.3760205740271
0.814300000000000	-26.7521071658745
0.814350000000000	16.2976262259274
0.814400000000000	-2.00083680431269
0.814450000000000	-13.6969948254968
0.814500000000000	-20.6354681488944
0.814550000000000	36.5164690368119
0.814600000000000	-3.82400293270072
0.814650000000000	65.0976967147647
0.814700000000000	-17.8963074360624
0.814750000000000	45.5202114256998
0.814800000000000	-36.6137586917730
0.814850000000000	26.8461772791836
0.814900000000000	35.5488694755502
0.814950000000000	-23.2450996586908
0.815000000000000	-0.723913160531730
0.815050000000000	27.8263989943593
0.815100000000000	-27.9828949173107
0.815150000000000	29.1867667324811
0.815200000000000	-9.40231464696801
0.815250000000000	-13.8047684405348
0.815300000000000	30.4771800259774
0.815350000000000	-40.8786364811582
0.815400000000000	19.5249399348533
0.815450000000000	-35.9356236538493
0.815500000000000	34.5345732328976
0.815550000000000	23.8537580138311
0.815600000000000	24.6804855593920
0.815650000000000	36.3122291825279
0.815700000000000	-27.3215592167627
0.815750000000000	77.2227138190430
0.815800000000000	-9.41314789988572
0.815850000000000	-23.5018069039869
0.815900000000000	45.7188264557522
0.815950000000000	69.0124672109818
0.816000000000000	12.7929414881180
0.816050000000000	27.5497730540372
0.816100000000000	-15.0646214503924
0.816150000000000	77.4876148228899
0.816200000000000	-14.6477047344039
0.816250000000000	27.3277020828470
0.816300000000000	85.9137466505955
0.816350000000000	14.2407230018882
0.816400000000000	45.6386308888695
0.816450000000000	42.7818605465406
0.816500000000000	21.6830829835706
0.816550000000000	-41.7506036473429
0.816600000000000	36.5499972233017
0.816650000000000	-3.53945163955867
0.816700000000000	40.5323903258547
0.816750000000000	25.5793628737428
0.816800000000000	11.9472489790169
0.816850000000000	58.8671017632571
0.816900000000000	54.7875981662520
0.816950000000000	62.0202974256858
0.817000000000000	55.4593788188213
0.817050000000000	-3.60233735393808
0.817100000000000	50.9546013273518
0.817150000000000	25.1290891072512
0.817200000000000	79.5355615428531
0.817250000000000	12.9105059730696
0.817300000000000	-4.10024617297824
0.817350000000000	10.0304135307750
0.817400000000000	2.97939243650735
0.817450000000000	-26.4788490533327
0.817500000000000	-13.2071795078971
0.817550000000000	29.8694980953999
0.817600000000000	50.1151444938083
0.817650000000000	35.2653309920626
0.817700000000000	-5.03290461114061
0.817750000000000	-11.1262627722393
0.817800000000000	-24.6684542312032
0.817850000000000	-25.1544450055979
0.817900000000000	20.4209892087851
0.817950000000000	45.4942499006911
0.818000000000000	9.63462553269277
0.818050000000000	-33.3979393542903
0.818100000000000	36.1974199312633
0.818150000000000	14.9509080593359
0.818200000000000	49.9949448673642
0.818250000000000	-4.96062212174856
0.818300000000000	-9.00162540113907
0.818350000000000	-4.14856232508263
0.818400000000000	-29.8006887449238
0.818450000000000	-10.0993702144435
0.818500000000000	-48.9352875466554
0.818550000000000	-22.8279108330534
0.818600000000000	-108.816940849935
0.818650000000000	6.87823800988119
0.818700000000000	26.2355446040095
0.818750000000000	-62.1191260245470
0.818800000000000	-30.8119067153157
0.818850000000000	6.16352765413432
0.818900000000000	-22.6337832920558
0.818950000000000	5.70831512448702
0.819000000000000	25.3420709146853
0.819050000000000	13.3243867871456
0.819100000000000	32.3606932915764
0.819150000000000	44.3480995174350
0.819200000000000	40.9904956497587
0.819250000000000	15.5676271616723
0.819300000000000	-43.9192017054737
0.819350000000000	-35.1861104276094
0.819400000000000	2.30519124188035
0.819450000000000	15.5359349368189
0.819500000000000	18.9396965203450
0.819550000000000	-22.9994397436588
0.819600000000000	23.8478184518861
0.819650000000000	45.0161307280791
0.819700000000000	68.8609450719465
0.819750000000000	63.3366053302284
0.819800000000000	28.7678357646034
0.819850000000000	-8.27972968017332
0.819900000000000	82.2631621305784
0.819950000000000	9.95161729699101
0.820000000000000	50.4793223544142
0.820050000000000	44.5308899784883
0.820100000000000	14.9298827185613
0.820150000000000	81.0885506676624
0.820200000000000	-7.32450650891515
0.820250000000000	6.25648604807791
0.820300000000000	36.1834649967574
0.820350000000000	21.3301541423244
0.820400000000000	51.2571546892305
0.820450000000000	-31.1631711754121
0.820500000000000	16.6677120389311
0.820550000000000	4.45466194915613
0.820600000000000	84.1054684413055
0.820650000000000	53.7777168801738
0.820700000000000	93.9540803452034
0.820750000000000	22.7807142751940
0.820800000000000	14.3765240115205
0.820850000000000	44.7072052233888
0.820900000000000	-3.07022965261052
0.820950000000000	57.8925887132458
0.821000000000000	9.78183772201383
0.821050000000000	22.6816227649128
0.821100000000000	32.9477872067572
0.821150000000000	-2.02388823870851
0.821200000000000	43.2530930142780
0.821250000000000	8.40508790480399
0.821300000000000	8.49851516942627
0.821350000000000	13.3007829368826
0.821400000000000	-43.2421354182806
0.821450000000000	6.79564229413722
0.821500000000000	0.729944183680942
0.821550000000000	50.4561193886046
0.821600000000000	34.8253332506176
0.821650000000000	25.6575605914474
0.821700000000000	-22.7747740293084
0.821750000000000	9.88726678781161
0.821800000000000	20.0793062041321
0.821850000000000	-40.6819806796273
0.821900000000000	-24.2932644552956
0.821950000000000	-32.6006853565775
0.822000000000000	-45.2465753919892
0.822050000000000	40.9735036565733
0.822100000000000	40.0149869290249
0.822150000000000	-18.7418362904959
0.822200000000000	-9.93716105390161
0.822250000000000	7.83765364205609
0.822300000000000	5.25666123358520
0.822350000000000	-19.1541405911872
0.822400000000000	9.03138847911811
0.822450000000000	-12.0102086340253
0.822500000000000	-45.9338302223585
0.822550000000000	21.5687105206759
0.822600000000000	8.95917705006668
0.822650000000000	-51.2117403754081
0.822700000000000	5.83993986783728
0.822750000000000	70.1730061753308
0.822800000000000	-33.1863813257262
0.822850000000000	-20.4133350291510
0.822900000000000	-13.0268946670997
0.822950000000000	2.38643517833710
0.823000000000000	-0.0216198563329719
0.823050000000000	-10.1859160486870
0.823100000000000	-35.3680220956739
0.823150000000000	-28.9126551777788
0.823200000000000	13.6475146372852
0.823250000000000	79.4472984852625
0.823300000000000	-24.3841210486138
0.823350000000000	71.9909275922886
0.823400000000000	48.2063429263822
0.823450000000000	-64.1440995031260
0.823500000000000	7.26136254581030
0.823550000000000	-42.7603402489819
0.823600000000000	57.1833712557953
0.823650000000000	15.7870123862656
0.823700000000000	25.8416353995210
0.823750000000000	33.4344574295240
0.823800000000000	81.1715269465859
0.823850000000000	-15.9100250204389
0.823900000000000	15.3937130867079
0.823950000000000	17.5710665604193
0.824000000000000	46.1695628579358
0.824050000000000	54.8150770297012
0.824100000000000	-25.6866459569166
0.824150000000000	37.0693672362840
0.824200000000000	43.5646881973990
0.824250000000000	46.9283921743839
0.824300000000000	33.3859625298096
0.824350000000000	35.4128276960530
0.824400000000000	6.03573645163742
0.824450000000000	39.6101907797917
0.824500000000000	40.8575386486051
0.824550000000000	62.3321813757653
0.824600000000000	13.6328902867387
0.824650000000000	75.6741602759784
0.824700000000000	58.0001954892906
0.824750000000000	56.6563451377834
0.824800000000000	-0.287291128346251
0.824850000000000	-19.1961724562334
0.824900000000000	65.0938987012487
0.824950000000000	42.6767355170530
0.825000000000000	18.8119778200680
0.825050000000000	8.28136198027148
0.825100000000000	9.52083680581726
0.825150000000000	41.8445796238440
0.825200000000000	63.4171075206777
0.825250000000000	56.5818236175798
0.825300000000000	12.3571428105196
0.825350000000000	-22.6970314279130
0.825400000000000	21.8291509149429
0.825450000000000	9.12661357922862
0.825500000000000	-29.3817735077839
0.825550000000000	-3.73257165299958
0.825600000000000	1.09805871103025
0.825650000000000	59.8999608339914
0.825700000000000	3.34748354883122
0.825750000000000	29.5397576937742
0.825800000000000	-11.3177148203823
0.825850000000000	-0.882696673316952
0.825900000000000	55.3611957820528
0.825950000000000	-18.3939256048563
0.826000000000000	38.7110568188061
0.826050000000000	-2.72276898346396
0.826100000000000	39.0105514817714
0.826150000000000	34.2976102666110
0.826200000000000	-24.1173831210202
0.826250000000000	19.2028812961593
0.826300000000000	35.5991570842195
0.826350000000000	14.4816657127379
0.826400000000000	-26.6215872757519
0.826450000000000	26.9242287117573
0.826500000000000	54.5252325013958
0.826550000000000	-10.7313585427795
0.826600000000000	13.1374886233284
0.826650000000000	71.0499667242830
0.826700000000000	-81.6490338217130
0.826750000000000	-33.1432714269046
0.826800000000000	-50.4792175432647
0.826850000000000	-28.5231622624509
0.826900000000000	32.0320955183552
0.826950000000000	17.3317284828959
0.827000000000000	-31.1689278339730
0.827050000000000	0.997189181648029
0.827100000000000	-1.90030311231337
0.827150000000000	-52.8755010413472
0.827200000000000	1.58142569943448
0.827250000000000	-27.2000876741436
0.827300000000000	-3.62248333561951
0.827350000000000	6.08343766453546
0.827400000000000	-12.2481394222168
0.827450000000000	1.41891930377812
0.827500000000000	12.9642549326593
0.827550000000000	-8.50848609690470
0.827600000000000	61.8873926123828
0.827650000000000	2.03056025114651
0.827700000000000	0.251591449329721
0.827750000000000	39.9355410417179
0.827800000000000	56.4218237738389
0.827850000000000	17.0128500243475
0.827900000000000	-1.18934075352699
0.827950000000000	-17.7805110488413
0.828000000000000	35.1825696227703
0.828050000000000	33.2511662151315
0.828100000000000	-44.0655282025611
0.828150000000000	32.8015026649541
0.828200000000000	4.68716076155276
0.828250000000000	63.6320262049478
0.828300000000000	63.0461965632420
0.828350000000000	96.7815079151663
0.828400000000000	-32.6372263090514
0.828450000000000	72.5135896297684
0.828500000000000	43.7571218004978
0.828550000000000	33.0045712839910
0.828600000000000	26.9100738728185
0.828650000000000	31.8282651816042
0.828700000000000	54.0090636720468
0.828750000000000	70.6720746431752
0.828800000000000	-4.07455019137758
0.828850000000000	75.0279302587675
0.828900000000000	-8.63913377741087
0.828950000000000	-2.93183028894610
0.829000000000000	22.3605643986798
0.829050000000000	31.8544062534153
0.829100000000000	-1.80384041814574
0.829150000000000	25.6035549638947
0.829200000000000	14.6235845938088
0.829250000000000	62.4343974624535
0.829300000000000	-17.5981200971514
0.829350000000000	-3.56583649533400
0.829400000000000	13.3316910354867
0.829450000000000	13.5822660478061
0.829500000000000	59.7029685135511
0.829550000000000	21.2687464005354
0.829600000000000	39.6959379601832
0.829650000000000	52.8226919116073
0.829700000000000	78.5687965511636
0.829750000000000	57.5549516853550
0.829800000000000	-57.5382091099954
0.829850000000000	-5.75985125666319
0.829900000000000	-54.8952467505913
0.829950000000000	23.4493959573289
0.830000000000000	-24.2973449474083
0.830050000000000	24.8766114269729
0.830100000000000	55.4950360848061
0.830150000000000	32.6152781801111
0.830200000000000	6.39968222533612
0.830250000000000	-18.3462799348441
0.830300000000000	51.5688613314256
0.830350000000000	-14.4523572293385
0.830400000000000	4.69825200831978
0.830450000000000	59.7840786696469
0.830500000000000	0.768613596047569
0.830550000000000	-39.8222037306780
0.830600000000000	-18.9788111098754
0.830650000000000	-46.1146306475291
0.830700000000000	-18.4249087308523
0.830750000000000	1.61565599758751
0.830800000000000	12.0357276512006
0.830850000000000	44.4008324456464
0.830900000000000	-0.551571435909194
0.830950000000000	-30.4801264685953
0.831000000000000	0.592695556468728
0.831050000000000	16.1559692403505
0.831100000000000	1.24577478351037
0.831150000000000	32.2997955793496
0.831200000000000	-11.2693350583877
0.831250000000000	41.4126455093300
0.831300000000000	18.9265349172077
0.831350000000000	-63.0816620556606
0.831400000000000	-65.9090709090044
0.831450000000000	28.4291118669390
0.831500000000000	-21.1484217809263
0.831550000000000	-17.6579578711323
0.831600000000000	-35.5296376572939
0.831650000000000	32.9367925178515
0.831700000000000	5.44078796684932
0.831750000000000	-3.24759215338651
0.831800000000000	30.0026649258607
0.831850000000000	24.6002704804393
0.831900000000000	6.24933312973668
0.831950000000000	85.5089045160240
0.832000000000000	26.9110665816371
0.832050000000000	36.8869537922132
0.832100000000000	-7.84130168652834
0.832150000000000	-22.8658548991167
0.832200000000000	-2.41086760860706
0.832250000000000	-3.85744384487558
0.832300000000000	24.7631613878097
0.832350000000000	32.7139443663997
0.832400000000000	25.9990226863816
0.832450000000000	113.551925062771
0.832500000000000	-29.9262301159607
0.832550000000000	28.7754437122446
0.832600000000000	-5.13528230232340
0.832650000000000	83.2685099902126
0.832700000000000	35.2922446797641
0.832750000000000	37.5366179356893
0.832800000000000	86.1579170582257
0.832850000000000	50.0546188833807
0.832900000000000	53.9240891026875
0.832950000000000	-8.84708617627494
0.833000000000000	-5.39171964553549
0.833050000000000	74.9821969483033
0.833100000000000	48.9052798217616
0.833150000000000	-1.66192238216618
0.833200000000000	68.2376278491486
0.833250000000000	29.4083836052244
0.833300000000000	36.2870017614322
0.833350000000000	48.8071843357579
0.833400000000000	-47.4631081839829
0.833450000000000	20.0345017824715
0.833500000000000	38.6634650479513
0.833550000000000	45.8011915915064
0.833600000000000	-35.9081207050311
0.833650000000000	43.9728407492792
0.833700000000000	-19.4539669709678
0.833750000000000	1.69927112408911
0.833800000000000	50.6954805794502
0.833850000000000	45.0805002713329
0.833900000000000	4.50239477523338
0.833950000000000	-61.4255353218325
0.834000000000000	-25.6391762212704
0.834050000000000	-43.7856395890095
0.834100000000000	32.6355461894311
0.834150000000000	-9.98048891554548
0.834200000000000	53.9766260532440
0.834250000000000	-7.67604407778856
0.834300000000000	46.8420911399925
0.834350000000000	-9.42521821649987
0.834400000000000	55.9528718690305
0.834450000000000	-5.21063064862303
0.834500000000000	-16.6503477487003
0.834550000000000	49.0189523953185
0.834600000000000	-16.5426652953740
0.834650000000000	18.8845864417672
0.834700000000000	-59.1437454498295
0.834750000000000	35.8199069625242
0.834800000000000	-37.1792991078623
0.834850000000000	-32.4171988768929
0.834900000000000	17.5610898849815
0.834950000000000	19.1664939127495
0.835000000000000	28.5224598517547
0.835050000000000	32.1642046484398
0.835100000000000	10.8969610058276
0.835150000000000	15.8586225842424
0.835200000000000	-65.0478106798779
0.835250000000000	-1.58889987717118
0.835300000000000	-12.1451389454959
0.835350000000000	-11.2908654778420
0.835400000000000	-25.3630322599290
0.835450000000000	25.5827543156030
0.835500000000000	1.61441444572228
0.835550000000000	46.3047172921141
0.835600000000000	22.4953344374267
0.835650000000000	51.2243905722435
0.835700000000000	17.6058265200834
0.835750000000000	37.9248588069591
0.835800000000000	0.297742691885048
0.835850000000000	31.4305474279186
0.835900000000000	-35.1938488844436
0.835950000000000	-24.3820570038201
0.836000000000000	26.9878108580251
0.836050000000000	27.7466340176015
0.836100000000000	76.0277440284434
0.836150000000000	103.255016421607
0.836200000000000	65.1826473990662
0.836250000000000	20.8822228752142
0.836300000000000	32.4781324613056
0.836350000000000	67.4218805851992
0.836400000000000	75.7874076793833
0.836450000000000	20.3030004286897
0.836500000000000	68.8878635930114
0.836550000000000	26.4151371387892
0.836600000000000	68.5373889941215
0.836650000000000	1.03701424781234
0.836700000000000	-8.79894989649688
0.836750000000000	60.1161909759802
0.836800000000000	63.0632504219506
0.836850000000000	8.86886992697827
0.836900000000000	61.6905615207908
0.836950000000000	21.8359761213923
0.837000000000000	45.7525293328429
0.837050000000000	72.4359371287763
0.837100000000000	-43.1687610375724
0.837150000000000	33.4970375848689
0.837200000000000	-11.7582179965362
0.837250000000000	-1.55546944558261
0.837300000000000	8.66143528538483
0.837350000000000	-29.1755642757100
0.837400000000000	63.7067926079638
0.837450000000000	4.82375529109209
0.837500000000000	4.42808440279133
0.837550000000000	17.5811236586410
0.837600000000000	39.9709971893006
0.837650000000000	20.8033562120308
0.837700000000000	26.1177585815602
0.837750000000000	-8.35497130335324
0.837800000000000	32.6951946538871
0.837850000000000	-28.4590759098825
0.837900000000000	4.95102738918004
0.837950000000000	12.6198180234574
0.838000000000000	73.8374577998279
0.838050000000000	10.7915046959258
0.838100000000000	-4.21144558592598
0.838150000000000	18.9859628422300
0.838200000000000	-48.7198346857400
0.838250000000000	36.4788082597125
0.838300000000000	7.19816596527449
0.838350000000000	48.7709697413171
0.838400000000000	-0.850377674924085
0.838450000000000	-28.5727567852009
0.838500000000000	-7.10540663966557
0.838550000000000	28.5077202531627
0.838600000000000	-65.3922617751401
0.838650000000000	-37.8019995344684
0.838700000000000	-66.3226822974320
0.838750000000000	33.2256933009566
0.838800000000000	1.97175718178903
0.838850000000000	4.05504824363985
0.838900000000000	-27.9598945946096
0.838950000000000	7.50491215209399
0.839000000000000	-18.8999901281335
0.839050000000000	-15.2941195425067
0.839100000000000	-23.5540173665224
0.839150000000000	26.7727187112731
0.839200000000000	-14.2668342272560
0.839250000000000	18.4245399130008
0.839300000000000	8.84908694843500
0.839350000000000	-0.753788301398222
0.839400000000000	14.9189259884971
0.839450000000000	-12.0495217983311
0.839500000000000	7.31109241002408
0.839550000000000	-3.53207013701236
0.839600000000000	19.5696997919673
0.839650000000000	36.4630755340164
0.839700000000000	-48.8171304398486
0.839750000000000	43.8644795101890
0.839800000000000	9.14821929128315
0.839850000000000	-8.44784714808128
0.839900000000000	-19.7612822162037
0.839950000000000	3.91943616803965
0.840000000000000	1.28874234505385
0.840050000000000	24.2656306412387
0.840100000000000	23.9552662037598
0.840150000000000	78.1630681218310
0.840200000000000	64.0593561122172
0.840250000000000	-6.56010179971263
0.840300000000000	-41.0552694582117
0.840350000000000	26.5842545044712
0.840400000000000	38.8755629218216
0.840450000000000	27.8209520121702
0.840500000000000	39.1036893127021
0.840550000000000	17.6590269846628
0.840600000000000	16.4927259053342
0.840650000000000	76.2613154676922
0.840700000000000	45.1354489902048
0.840750000000000	45.4123636428132
0.840800000000000	100.627854484734
0.840850000000000	-25.5173380298587
0.840900000000000	44.2202419916340
0.840950000000000	63.0749440169803
0.841000000000000	5.61835694370545
0.841050000000000	54.8115388770416
0.841100000000000	21.3440633595896
0.841150000000000	-36.0530671492735
0.841200000000000	79.3384056576537
0.841250000000000	12.3742230008523
0.841300000000000	56.5204355167151
0.841350000000000	58.9626670947299
0.841400000000000	14.1174373861823
0.841450000000000	-67.9570238543267
0.841500000000000	72.7645512836384
0.841550000000000	-19.8344159004787
0.841600000000000	0.580769289857626
0.841650000000000	43.7473119212335
0.841700000000000	100.437970033487
0.841750000000000	44.0324622929761
0.841800000000000	26.6385845251181
0.841850000000000	11.1959011171363
0.841900000000000	3.91642102552765
0.841950000000000	-80.8975869192821
0.842000000000000	7.36156271090155
0.842050000000000	17.7193079005197
0.842100000000000	-36.0661014045198
0.842150000000000	54.3160637509962
0.842200000000000	-28.1276371047146
0.842250000000000	-46.7949909190286
0.842300000000000	-27.7986160505290
0.842350000000000	-22.1122683276573
0.842400000000000	-23.8362873778242
0.842450000000000	-13.6809529931292
0.842500000000000	-7.47541227764135
0.842550000000000	29.8193567820826
0.842600000000000	-41.1069306260397
0.842650000000000	-5.45331433332496
0.842700000000000	-9.22238091458309
0.842750000000000	-10.3141937103898
0.842800000000000	7.43866785749196
0.842850000000000	-25.7689076439408
0.842900000000000	-6.61836011882937
0.842950000000000	-54.2918974465083
0.843000000000000	-19.1688809176812
0.843050000000000	8.65903580010292
0.843100000000000	33.5962690060878
0.843150000000000	8.63081407652575
0.843200000000000	-8.12818771738980
0.843250000000000	32.5311282740375
0.843300000000000	29.9473173327072
0.843350000000000	-0.866540611006048
0.843400000000000	7.19903710661405
0.843450000000000	-14.7006157853585
0.843500000000000	-2.57256812287096
0.843550000000000	5.60390268280433
0.843600000000000	38.8437155166310
0.843650000000000	44.6891143038113
0.843700000000000	22.8953732018158
0.843750000000000	22.0007781536625
0.843800000000000	31.5158052638861
0.843850000000000	24.1274545347268
0.843900000000000	-29.3379734058281
0.843950000000000	35.6230310893318
0.844000000000000	35.3105165309853
0.844050000000000	34.6936216279064
0.844100000000000	-40.2197843682367
0.844150000000000	81.0926936766913
0.844200000000000	-1.61495662542771
0.844250000000000	87.1038166538611
0.844300000000000	15.7771172695825
0.844350000000000	25.4729122646474
0.844400000000000	11.6821885866317
0.844450000000000	27.1239214586160
0.844500000000000	21.6204374011531
0.844550000000000	21.1504079011446
0.844600000000000	18.9280442797587
0.844650000000000	51.5373452427119
0.844700000000000	47.7786229517576
0.844750000000000	59.7384178458861
0.844800000000000	25.1238158488070
0.844850000000000	78.4333587014721
0.844900000000000	-8.12131087068923
0.844950000000000	59.2266626642905
0.845000000000000	14.2986722547593
0.845050000000000	10.2638148544336
0.845100000000000	2.72220856343334
0.845150000000000	3.54424624073118
0.845200000000000	17.6414621973354
0.845250000000000	86.3612581426468
0.845300000000000	5.58279826433330
0.845350000000000	59.7310451874597
0.845400000000000	11.4023162670823
0.845450000000000	34.9104350020080
0.845500000000000	11.0130735607943
0.845550000000000	-58.2527046832645
0.845600000000000	51.4804162800630
0.845650000000000	-0.231030070306618
0.845700000000000	42.2292519561800
0.845750000000000	15.2357127403743
0.845800000000000	-17.3568730915422
0.845850000000000	-55.2185632164854
0.845900000000000	17.6006252459913
0.845950000000000	31.0643501694032
0.846000000000000	-5.22698024142901
0.846050000000000	-1.56317443787816
0.846100000000000	-44.3049792279514
0.846150000000000	-53.4976750848600
0.846200000000000	2.30058304028643
0.846250000000000	40.7394101500248
0.846300000000000	-27.0738135753775
0.846350000000000	-13.0734432099227
0.846400000000000	-3.56995426044595
0.846450000000000	-18.6736974080169
0.846500000000000	-17.3467345643894
0.846550000000000	-7.29743068706867
0.846600000000000	27.2350896988224
0.846650000000000	22.2083531338182
0.846700000000000	-8.14716370971102
0.846750000000000	8.65116874356921
0.846800000000000	-4.37753440899252
0.846850000000000	10.3547198271813
0.846900000000000	2.10495865185844
0.846950000000000	-38.3896687151731
0.847000000000000	4.28359110444803
0.847050000000000	15.3137901223299
0.847100000000000	35.5226177150193
0.847150000000000	-15.7826249828927
0.847200000000000	17.7609032796175
0.847250000000000	21.3846416823752
0.847300000000000	60.0153571754144
0.847350000000000	-0.508968369958311
0.847400000000000	-39.3338653337829
0.847450000000000	-27.1780255450108
0.847500000000000	41.6164766225790
0.847550000000000	57.8901766932004
0.847600000000000	21.9936507636801
0.847650000000000	-3.86336121215627
0.847700000000000	-40.1717655569375
0.847750000000000	38.6515944343860
0.847800000000000	9.00981281297663
0.847850000000000	20.6821356386086
0.847900000000000	52.7733103991366
0.847950000000000	-29.7521542390875
0.848000000000000	97.1326559851219
0.848050000000000	66.6162429482349
0.848100000000000	34.9569171712499
0.848150000000000	33.5350789576419
0.848200000000000	19.7635471583444
0.848250000000000	105.997241505278
0.848300000000000	50.0196041679884
0.848350000000000	51.5560988709276
0.848400000000000	10.8140886742010
0.848450000000000	57.0477491240393
0.848500000000000	46.9919184032919
0.848550000000000	41.6559713552719
0.848600000000000	54.7550689601501
0.848650000000000	-16.1105605901144
0.848700000000000	55.9904209864397
0.848750000000000	75.9400518075951
0.848800000000000	21.1671820992498
0.848850000000000	34.7849312831696
0.848900000000000	20.5418333223103
0.848950000000000	44.0815108728408
0.849000000000000	28.1144778454442
0.849050000000000	43.1864329440302
0.849100000000000	32.7148497617949
0.849150000000000	21.5549830548407
0.849200000000000	-10.6757334671117
0.849250000000000	21.2890862124404
0.849300000000000	21.7599859281670
0.849350000000000	9.52265031289369
0.849400000000000	14.4721210985637
0.849450000000000	64.0275404416507
0.849500000000000	60.1895620528483
0.849550000000000	16.3455963270592
0.849600000000000	2.67065307108005
0.849650000000000	-5.00577547423232
0.849700000000000	43.3727821437857
0.849750000000000	72.4009381270509
0.849800000000000	-48.3030116244268
0.849850000000000	-20.3700076031081
0.849900000000000	13.1479104196642
0.849950000000000	56.4930684553351
0.850000000000000	49.2800292255932
0.850050000000000	-47.7076673145498
0.850100000000000	37.8507083412373
0.850150000000000	12.5820705011168
0.850200000000000	66.9617348619825
0.850250000000000	-24.5623086187326
0.850300000000000	-1.49513650514241
0.850350000000000	56.4170517427583
0.850400000000000	63.6662650044397
0.850450000000000	22.3125546599179
0.850500000000000	-10.0089919498980
0.850550000000000	-20.1510711211916
0.850600000000000	3.55301126463570
0.850650000000000	6.18811264660321
0.850700000000000	51.9429658795771
0.850750000000000	0.120453082790410
0.850800000000000	28.6014989257878
0.850850000000000	23.9925871090277
0.850900000000000	42.0845843987571
0.850950000000000	-9.67867453463415
0.851000000000000	-64.8619981036520
0.851050000000000	5.98808607765160
0.851100000000000	43.3003338927149
0.851150000000000	-12.8303004087960
0.851200000000000	-21.8020792554117
0.851250000000000	2.72649647366138
0.851300000000000	35.5878191553850
0.851350000000000	23.1373644030794
0.851400000000000	14.6105084786475
0.851450000000000	8.77461711030869
0.851500000000000	14.7804161318825
0.851550000000000	22.0100897757718
0.851600000000000	47.6486948319142
0.851650000000000	-18.4509251895841
0.851700000000000	19.0382285160806
0.851750000000000	-8.93810828713420
0.851800000000000	-5.11747308719390
0.851850000000000	-12.2728249501591
0.851900000000000	25.4954297964364
0.851950000000000	6.65314389018022
0.852000000000000	71.5338984327590
0.852050000000000	-18.0840915063266
0.852100000000000	87.6547803530685
0.852150000000000	19.7795448096316
0.852200000000000	24.1143217681957
0.852250000000000	35.0629569713380
0.852300000000000	64.1567607252474
0.852350000000000	15.6263226488742
0.852400000000000	67.0882182134165
0.852450000000000	5.39549854499675
0.852500000000000	66.7448643457110
0.852550000000000	74.3865375205651
0.852600000000000	19.2881480084780
0.852650000000000	26.5968887582217
0.852700000000000	50.1522010268375
0.852750000000000	50.8163057114800
0.852800000000000	59.2879028429448
0.852850000000000	8.98663383904608
0.852900000000000	63.6010692275753
0.852950000000000	-13.8268217555496
0.853000000000000	26.4579362605005
0.853050000000000	25.2017362111315
0.853100000000000	19.1001224164581
0.853150000000000	39.5644809050865
0.853200000000000	4.98101657322919
0.853250000000000	71.3039569435689
0.853300000000000	3.74596557792504
0.853350000000000	17.5881450273431
0.853400000000000	63.7811576826081
0.853450000000000	24.8833111563839
0.853500000000000	30.3061491814679
0.853550000000000	-8.50185917621821
0.853600000000000	12.5874217819514
0.853650000000000	31.5872872096266
0.853700000000000	-9.63004254811316
0.853750000000000	28.7925381787122
0.853800000000000	0.390514402424934
0.853850000000000	-12.3774424916134
0.853900000000000	17.9830827474090
0.853950000000000	-42.1013432588098
0.854000000000000	49.9724402563554
0.854050000000000	-14.8354707106386
0.854100000000000	9.22497917191527
0.854150000000000	-49.2010618802232
0.854200000000000	-34.9072891170884
0.854250000000000	-58.2749062425344
0.854300000000000	-9.44336023997456
0.854350000000000	-19.6462190439727
0.854400000000000	-36.1492216774506
0.854450000000000	-29.4551822383057
0.854500000000000	-50.4780003441791
0.854550000000000	33.7933194580458
0.854600000000000	22.2716880122295
0.854650000000000	-44.7092636401378
0.854700000000000	-13.5584701133432
0.854750000000000	-49.6251705838112
0.854800000000000	31.1708546719622
0.854850000000000	-7.05309177994806
0.854900000000000	39.3092283227087
0.854950000000000	-19.2548311843944
0.855000000000000	-19.4214451829515
0.855050000000000	23.8980010712586
0.855100000000000	-39.2595335224103
0.855150000000000	-41.2639338174586
0.855200000000000	39.0084566765957
0.855250000000000	-19.1636184011844
0.855300000000000	21.6670291401449
0.855350000000000	-12.3443432171230
0.855400000000000	21.7370559729420
0.855450000000000	17.3036265420755
0.855500000000000	20.8286088996393
0.855550000000000	57.5739917158546
0.855600000000000	58.0353853631969
0.855650000000000	-12.5157482910933
0.855700000000000	70.3521939337431
0.855750000000000	8.68706156281621
0.855800000000000	-3.33900759589659
0.855850000000000	69.3331944666554
0.855900000000000	52.9396877395991
0.855950000000000	41.9202985237345
0.856000000000000	31.2655564628915
0.856050000000000	31.1447038928472
0.856100000000000	59.4211858319339
0.856150000000000	41.8628770134624
0.856200000000000	18.8264349011456
0.856250000000000	-27.6717041770704
0.856300000000000	42.3821104076837
0.856350000000000	55.5452923570422
0.856400000000000	92.5654875720499
0.856450000000000	-10.1918987469985
0.856500000000000	68.9651255779418
0.856550000000000	52.5152624033042
0.856600000000000	21.4960043766688
0.856650000000000	83.4349168768558
0.856700000000000	103.140929126874
0.856750000000000	11.8369045162628
0.856800000000000	88.7138879309552
0.856850000000000	35.2057309677057
0.856900000000000	-8.59118004521475
0.856950000000000	63.2088511038291
0.857000000000000	-22.9381548575579
0.857050000000000	88.8453556423489
0.857100000000000	26.6016410806886
0.857150000000000	12.0813044265712
0.857200000000000	27.9812752177843
0.857250000000000	55.2949563325783
0.857300000000000	49.3761909883470
0.857350000000000	43.0624807767450
0.857400000000000	24.0140870731066
0.857450000000000	-40.8879967833553
0.857500000000000	32.7467561074230
0.857550000000000	-17.8918421899994
0.857600000000000	-17.6793047001420
0.857650000000000	88.1749587708766
0.857700000000000	27.9496123875176
0.857750000000000	7.59955824605713
0.857800000000000	-12.7963317536509
0.857850000000000	70.0405681418189
0.857900000000000	68.3029337937991
0.857950000000000	-32.4301517988324
0.858000000000000	10.6436785480494
0.858050000000000	2.28290214169105
0.858100000000000	-25.7932316994912
0.858150000000000	19.7646147118049
0.858200000000000	13.2042975561529
0.858250000000000	54.5998071108513
0.858300000000000	-14.8431397963311
0.858350000000000	-14.8125597920423
0.858400000000000	-24.8818438532491
0.858450000000000	32.1540202364343
0.858500000000000	-22.5594675697194
0.858550000000000	51.5717889475102
0.858600000000000	-19.7348912743106
0.858650000000000	5.72702589872505
0.858700000000000	44.9849628438943
0.858750000000000	22.2772474029632
0.858800000000000	13.7123291395416
0.858850000000000	-37.5400456997869
0.858900000000000	-17.2692354555726
0.858950000000000	-31.0900713506522
0.859000000000000	79.4085643484365
0.859050000000000	-40.3989534656928
0.859100000000000	45.9311318820705
0.859150000000000	-21.2175249464787
0.859200000000000	-15.3307828179152
0.859250000000000	31.0375892928551
0.859300000000000	-18.8629295161018
0.859350000000000	6.71910842999441
0.859400000000000	8.94315950699124
0.859450000000000	8.13318040535816
0.859500000000000	-21.5599013749739
0.859550000000000	-17.0253309394049
0.859600000000000	19.2628090152944
0.859650000000000	20.6662384935429
0.859700000000000	29.6528470674368
0.859750000000000	3.10682405485795
0.859800000000000	16.5082070147711
0.859850000000000	76.3353545707386
0.859900000000000	1.56748231203125
0.859950000000000	49.9290513579979
0.860000000000000	17.7057975240715
0.860050000000000	18.7329589354482
0.860100000000000	15.8802620357067
0.860150000000000	93.4565617180422
0.860200000000000	92.2531482035969
0.860250000000000	18.4563486968824
0.860300000000000	46.3695414330251
0.860350000000000	46.2733151140636
0.860400000000000	39.0779946628957
0.860450000000000	31.8695123601779
0.860500000000000	70.8336226018445
0.860550000000000	49.5808170356582
0.860600000000000	66.6256555254647
0.860650000000000	-5.42100408603471
0.860700000000000	23.5359518431547
0.860750000000000	46.0588888844200
0.860800000000000	5.80925580042992
0.860850000000000	74.5474450456040
0.860900000000000	42.3462200500156
0.860950000000000	12.2432882906017
0.861000000000000	11.0081284449584
0.861050000000000	8.42468857646825
0.861100000000000	23.3625997241105
0.861150000000000	43.4121774460915
0.861200000000000	-5.47630910896050
0.861250000000000	-13.5317788808078
0.861300000000000	57.6639878171333
0.861350000000000	30.8134393217303
0.861400000000000	76.3366756650556
0.861450000000000	-1.16554913690732
0.861500000000000	19.5502302719649
0.861550000000000	23.4502265500402
0.861600000000000	-16.1071699774577
0.861650000000000	-19.2757655356013
0.861700000000000	-7.94797947566396
0.861750000000000	20.1898057578099
0.861800000000000	-10.7192618335363
0.861850000000000	39.1070563637741
0.861900000000000	-23.9660213720063
0.861950000000000	9.88899183628435
0.862000000000000	-32.4203306885113
0.862050000000000	4.51364558873119
0.862100000000000	-50.1460469925895
0.862150000000000	45.7774203989234
0.862200000000000	8.06779150817529
0.862250000000000	-7.26549599983995
0.862300000000000	15.3257906029533
0.862350000000000	30.3740179958662
0.862400000000000	18.4608062933653
0.862450000000000	1.96824125229756
0.862500000000000	8.60301428783087
0.862550000000000	-9.74540303771474
0.862600000000000	-27.3576208394085
0.862650000000000	28.4053510571877
0.862700000000000	29.9521765282799
0.862750000000000	-21.0422562853174
0.862800000000000	-0.329335477619505
0.862850000000000	-31.9858149973430
0.862900000000000	-19.4204145721847
0.862950000000000	4.52205766381141
0.863000000000000	-24.2493269014924
0.863050000000000	31.7349028664796
0.863100000000000	-47.8636702965117
0.863150000000000	-43.0049323881533
0.863200000000000	-18.2748390369465
0.863250000000000	18.0524117799699
0.863300000000000	33.6067452935440
0.863350000000000	34.8919056084289
0.863400000000000	2.73232608248473
0.863450000000000	24.2590152117894
0.863500000000000	38.5518699800063
0.863550000000000	13.2327234549134
0.863600000000000	45.7210928597584
0.863650000000000	34.3191562071399
0.863700000000000	20.9223997812589
0.863750000000000	44.9686277406119
0.863800000000000	19.0863258978839
0.863850000000000	31.6489273038102
0.863900000000000	58.0050711778511
0.863950000000000	-11.2002682325963
0.864000000000000	20.1073218144528
0.864050000000000	19.9192781636040
0.864100000000000	9.32900174720709
0.864150000000000	-0.251332485757526
0.864200000000000	32.6282982768361
0.864250000000000	9.87826253037385
0.864300000000000	-12.2346175193570
0.864350000000000	48.3417398085027
0.864400000000000	-1.38438980317218
0.864450000000000	24.0389505943743
0.864500000000000	42.6118449368351
0.864550000000000	9.80979872009944
0.864600000000000	45.7230722682529
0.864650000000000	67.2571280488283
0.864700000000000	107.476614845100
0.864750000000000	3.36762788833338
0.864800000000000	-19.9704746212876
0.864850000000000	-1.67942554745541
0.864900000000000	36.1402935276825
0.864950000000000	21.1579248360998
0.865000000000000	58.5707386360107
0.865050000000000	-19.9877756644972
0.865100000000000	19.9163529140854
0.865150000000000	14.6495229697412
0.865200000000000	16.9297014708210
0.865250000000000	9.84149573407179
0.865300000000000	99.6803825562764
0.865350000000000	32.0431276435657
0.865400000000000	-0.461123860457253
0.865450000000000	35.9001909367973
0.865500000000000	56.7666009892651
0.865550000000000	-14.4350880562114
0.865600000000000	30.3728477883081
0.865650000000000	-1.18401584386451
0.865700000000000	10.9908758633454
0.865750000000000	19.2252523971338
0.865800000000000	10.1496208662877
0.865850000000000	22.0945841690799
0.865900000000000	9.38335074277536
0.865950000000000	75.7099645174788
0.866000000000000	34.8012181951413
0.866050000000000	-19.8717858112498
0.866100000000000	24.0842185937364
0.866150000000000	-2.47809490857295
0.866200000000000	-5.69195351758818
0.866250000000000	-11.4713093038581
0.866300000000000	24.2569845758026
0.866350000000000	32.4060095794972
0.866400000000000	-11.2204384574009
0.866450000000000	14.7075959666262
0.866500000000000	44.6811062919001
0.866550000000000	69.9945161530096
0.866600000000000	-88.9534375235007
0.866650000000000	-18.8355277105902
0.866700000000000	12.0614005784389
0.866750000000000	-18.1963301077922
0.866800000000000	3.68408306473567
0.866850000000000	-46.3555755747675
0.866900000000000	-40.3124967116995
0.866950000000000	-26.2226743498515
0.867000000000000	-35.3544919144700
0.867050000000000	-26.5760368250878
0.867100000000000	95.3055682738102
0.867150000000000	-28.4618250800996
0.867200000000000	-4.52399981093308
0.867250000000000	29.4702073097319
0.867300000000000	-7.46532586844550
0.867350000000000	27.9508594415835
0.867400000000000	-64.2118390814757
0.867450000000000	4.11791543315752
0.867500000000000	1.73340046723979
0.867550000000000	-9.13558695433651
0.867600000000000	19.9862197916037
0.867650000000000	48.8850339050960
0.867700000000000	11.0789800400426
0.867750000000000	41.9280190307027
0.867800000000000	33.2708701235476
0.867850000000000	-12.3945503491380
0.867900000000000	55.5616053142858
0.867950000000000	33.9649694387075
0.868000000000000	94.0738758813069
0.868050000000000	58.2521060904021
0.868100000000000	32.0984381590132
0.868150000000000	33.2851141007638
0.868200000000000	70.3197129537877
0.868250000000000	15.8595964956081
0.868300000000000	42.1920768338912
0.868350000000000	6.18285335108001
0.868400000000000	0.978777708440717
0.868450000000000	39.4360764328896
0.868500000000000	62.5126307493484
0.868550000000000	53.8556308532932
0.868600000000000	-13.9542268926206
0.868650000000000	34.7136878850092
0.868700000000000	-3.91670078312413
0.868750000000000	17.9806015338441
0.868800000000000	44.1357946664931
0.868850000000000	53.0078272493825
0.868900000000000	46.2710233112617
0.868950000000000	80.1274702553200
0.869000000000000	73.3186822264125
0.869050000000000	46.7821823378641
0.869100000000000	41.2655747594087
0.869150000000000	60.9650019204038
0.869200000000000	24.2477261175844
0.869250000000000	92.6361073640829
0.869300000000000	-10.4913791692519
0.869350000000000	9.93426064416723
0.869400000000000	-17.1842221924831
0.869450000000000	0.261925487575038
0.869500000000000	31.9952044990087
0.869550000000000	-38.3965156351966
0.869600000000000	18.1974900742461
0.869650000000000	31.7052657916129
0.869700000000000	42.7524862187010
0.869750000000000	39.9157028465865
0.869800000000000	25.0642832714380
0.869850000000000	26.4435668652288
0.869900000000000	-4.10375237180607
0.869950000000000	-1.78381796690293
0.870000000000000	18.5362673654479
0.870050000000000	65.7296440538001
0.870100000000000	37.5881858880402
0.870150000000000	1.98647126154431
0.870200000000000	-25.0979735996544
0.870250000000000	-32.3087019326942
0.870300000000000	-28.6663009616514
0.870350000000000	-22.1855160802337
0.870400000000000	66.8622019616330
0.870450000000000	48.2315534706302
0.870500000000000	-79.4473257949381
0.870550000000000	6.05788162333100
0.870600000000000	-17.0981060202162
0.870650000000000	-0.727270839349339
0.870700000000000	-12.0592821656681
0.870750000000000	26.2536716656389
0.870800000000000	9.06013997449157
0.870850000000000	-29.7543501164070
0.870900000000000	-19.8017251081528
0.870950000000000	-7.11035873144666
0.871000000000000	25.7861678835645
0.871050000000000	-13.3271325127073
0.871100000000000	-4.08932198889652
0.871150000000000	-55.2369651862992
0.871200000000000	5.24737058771594
0.871250000000000	20.2411136092022
0.871300000000000	24.4071078359347
0.871350000000000	39.8834846259024
0.871400000000000	11.7098025489417
0.871450000000000	-37.7624144629366
0.871500000000000	21.5926274117268
0.871550000000000	51.1428460930322
0.871600000000000	23.1772238890372
0.871650000000000	-3.86467455992619
0.871700000000000	59.0243119594855
0.871750000000000	33.7145825472407
0.871800000000000	62.6091678577680
0.871850000000000	-26.2183626854987
0.871900000000000	50.4924802242813
0.871950000000000	50.4499696954159
0.872000000000000	91.1733212595550
0.872050000000000	27.8156724566847
0.872100000000000	1.09294910123317
0.872150000000000	98.6975059153743
0.872200000000000	29.1428179523395
0.872250000000000	19.8753060681585
0.872300000000000	64.2841372921079
0.872350000000000	37.5769017479933
0.872400000000000	21.4212424813543
0.872450000000000	42.8336122063340
0.872500000000000	72.5913319108873
0.872550000000000	41.5089942354948
0.872600000000000	47.1689591750974
0.872650000000000	66.6235816467304
0.872700000000000	64.4851683692588
0.872750000000000	54.7022020846012
0.872800000000000	48.4371814211340
0.872850000000000	34.0123347741809
0.872900000000000	4.70840603366084
0.872950000000000	23.1585497937412
0.873000000000000	57.7961190651055
0.873050000000000	6.97393390717421
0.873100000000000	33.9841935675846
0.873150000000000	-2.33192778900066
0.873200000000000	-46.3870515819785
0.873250000000000	47.3862741649056
0.873300000000000	63.7665881880916
0.873350000000000	43.0232558425161
0.873400000000000	48.9920157884566
0.873450000000000	7.60915606229369
0.873500000000000	63.6337825440683
0.873550000000000	-9.67592194564364
0.873600000000000	0.871920627331177
0.873650000000000	5.88732547030570
0.873700000000000	-3.04782059534157
0.873750000000000	13.8802165448497
0.873800000000000	-19.3360499208707
0.873850000000000	13.8666955089907
0.873900000000000	-5.03660135245320
0.873950000000000	-1.78009310284129
0.874000000000000	9.83202514251202
0.874050000000000	-28.9566331771051
0.874100000000000	-30.0353609375244
0.874150000000000	-55.8160510327909
0.874200000000000	9.78088029206996
0.874250000000000	9.38637370333934
0.874300000000000	45.1829407951122
0.874350000000000	12.4993497361566
0.874400000000000	4.38333509149432
0.874450000000000	-12.4765373169284
0.874500000000000	8.12274987938900
0.874550000000000	-14.0355087588502
0.874600000000000	16.0978814482975
0.874650000000000	-23.9711294053324
0.874700000000000	-12.7844325830635
0.874750000000000	7.64036216076307
0.874800000000000	-19.0537898101255
0.874850000000000	52.0327101328917
0.874900000000000	7.03727412971564
0.874950000000000	-64.2108962991913
0.875000000000000	19.1341206050573
0.875050000000000	4.04904043925543
0.875100000000000	39.6893144701188
0.875150000000000	81.5110936508861
0.875200000000000	-15.0997188747081
0.875250000000000	-20.2806098411989
0.875300000000000	42.0607699609840
0.875350000000000	-54.5791062095815
0.875400000000000	53.1024317798890
0.875450000000000	2.15163658478478
0.875500000000000	21.6927818188539
0.875550000000000	18.0442218343790
0.875600000000000	6.01763287345359
0.875650000000000	13.8507144406054
0.875700000000000	-13.6715573102603
0.875750000000000	-20.0517703209957
0.875800000000000	5.36483746843847
0.875850000000000	32.4470891402781
0.875900000000000	42.4214988846486
0.875950000000000	12.0329332539938
0.876000000000000	60.1818183849629
0.876050000000000	15.1405851748499
0.876100000000000	20.2330771624279
0.876150000000000	10.1943105268866
0.876200000000000	58.2958972857986
0.876250000000000	19.4235974224069
0.876300000000000	31.8742682084672
0.876350000000000	18.8189895480804
0.876400000000000	-29.5440214384885
0.876450000000000	93.0899074471817
0.876500000000000	-4.40270672561498
0.876550000000000	60.1266538448889
0.876600000000000	-17.9907840808268
0.876650000000000	40.1569450967862
0.876700000000000	-3.26606580600792
0.876750000000000	31.3689492199352
0.876800000000000	-16.6519412070903
0.876850000000000	53.4135585123610
0.876900000000000	6.19479674345456
0.876950000000000	15.0533565323565
0.877000000000000	-60.2418815599306
0.877050000000000	84.2355434173516
0.877100000000000	-1.13061709684322
0.877150000000000	57.0935224988505
0.877200000000000	39.9822252709445
0.877250000000000	-14.7835303620394
0.877300000000000	58.1159345021241
0.877350000000000	9.69238445725222
0.877400000000000	3.39143423060037
0.877450000000000	-2.44426735852066
0.877500000000000	37.0775613779101
0.877550000000000	86.6909640234726
0.877600000000000	21.6778947535115
0.877650000000000	16.5965313931520
0.877700000000000	43.1984226874647
0.877750000000000	-32.9372474606136
0.877800000000000	68.6994528592249
0.877850000000000	-13.1238089626980
0.877900000000000	39.9877067053844
0.877950000000000	8.91658617200778
0.878000000000000	-24.2666706196848
0.878050000000000	-42.8468100442722
0.878100000000000	-19.3812259932053
0.878150000000000	13.3110930913474
0.878200000000000	7.36988659157122
0.878250000000000	-34.8308704512335
0.878300000000000	-23.4514148335998
0.878350000000000	-35.5627246893974
0.878400000000000	53.4383343212248
0.878450000000000	32.5988796779138
0.878500000000000	28.4521685340516
0.878550000000000	25.6756716548368
0.878600000000000	-8.59626654315112
0.878650000000000	26.7686744911368
0.878700000000000	-16.5844496346821
0.878750000000000	-20.9108748833360
0.878800000000000	-25.4134824458104
0.878850000000000	-32.5826864169831
0.878900000000000	-4.27700686389806
0.878950000000000	15.9516604881742
0.879000000000000	-3.88133498677302
0.879050000000000	-0.275635272690295
0.879100000000000	-52.1520509125540
0.879150000000000	-14.6893118885687
0.879200000000000	-38.7426208059404
0.879250000000000	-21.0862617465533
0.879300000000000	-1.49219538711317
0.879350000000000	38.8654598787487
0.879400000000000	14.1880543634758
0.879450000000000	44.6700416462542
0.879500000000000	24.3613020343795
0.879550000000000	46.1693027886613
0.879600000000000	2.80220449527285
0.879650000000000	26.3837861124963
0.879700000000000	1.33107762525788
0.879750000000000	-9.94841954601576
0.879800000000000	38.9514168530471
0.879850000000000	86.3464254011314
0.879900000000000	31.6725577955642
0.879950000000000	25.2757916114299
0.880000000000000	-8.43262229138848
0.880050000000000	12.8138609799382
0.880100000000000	28.7742070744932
0.880150000000000	29.4271745385898
0.880200000000000	62.5321862169147
0.880250000000000	49.4155120212485
0.880300000000000	41.3222959720426
0.880350000000000	82.1220262121534
0.880400000000000	58.5515253794332
0.880450000000000	48.9818277009789
0.880500000000000	73.3867870326792
0.880550000000000	28.9795179269374
0.880600000000000	52.2843786567696
0.880650000000000	16.0178290172972
0.880700000000000	84.5860702784548
0.880750000000000	47.9352470121597
0.880800000000000	88.7196667598244
0.880850000000000	43.1104249513960
0.880900000000000	31.4075789758934
0.880950000000000	19.3531829469316
0.881000000000000	32.1802412259678
0.881050000000000	18.4926022026229
0.881100000000000	38.2102092694667
0.881150000000000	35.0807268337247
0.881200000000000	35.0849504762749
0.881250000000000	13.1907897932305
0.881300000000000	37.8335707366852
0.881350000000000	5.19736247530342
0.881400000000000	19.8443277975045
0.881450000000000	1.79472057037608
0.881500000000000	48.2889680374201
0.881550000000000	21.6201759585440
0.881600000000000	76.8552509544137
0.881650000000000	51.8412269164612
0.881700000000000	-2.99134092116827
0.881750000000000	-0.519960801904364
0.881800000000000	29.2467393419889
0.881850000000000	7.74855547524511
0.881900000000000	9.28024901734581
0.881950000000000	64.4885493915472
0.882000000000000	23.9051888905623
0.882050000000000	23.5682184393907
0.882100000000000	20.4318052494996
0.882150000000000	3.39690297563876
0.882200000000000	-44.1402939108934
0.882250000000000	64.7396162863823
0.882300000000000	20.6238736151556
0.882350000000000	-30.6782201456683
0.882400000000000	9.80142678069468
0.882450000000000	31.7197076212826
0.882500000000000	11.2396706917738
0.882550000000000	0.877355932445084
0.882600000000000	30.8127945161713
0.882650000000000	32.1990235589410
0.882700000000000	-28.0299770302150
0.882750000000000	14.0598095360144
0.882800000000000	0.0120382236505385
0.882850000000000	53.1597887265786
0.882900000000000	-4.23387163750938
0.882950000000000	27.3901514733186
0.883000000000000	-45.2860000660416
0.883050000000000	-43.8195196736177
0.883100000000000	-35.8583188427438
0.883150000000000	-60.5507661099615
0.883200000000000	-16.6557575261709
0.883250000000000	62.4653610244303
0.883300000000000	34.5270693565392
0.883350000000000	53.5394149031096
0.883400000000000	36.4950004838586
0.883450000000000	22.7085137835809
0.883500000000000	8.17636863313178
0.883550000000000	59.7084859125771
0.883600000000000	96.0495992357605
0.883650000000000	-16.2459452484715
0.883700000000000	21.4232983737634
0.883750000000000	33.1750304507073
0.883800000000000	42.2667500305078
0.883850000000000	-7.94784395133325
0.883900000000000	1.34239987388391
0.883950000000000	4.73140114223401
0.884000000000000	24.0984940807443
0.884050000000000	14.1166547461772
0.884100000000000	47.4211435103088
0.884150000000000	7.63080336292271
0.884200000000000	87.8181002780740
0.884250000000000	59.5150308146416
0.884300000000000	9.58594183931239
0.884350000000000	-1.76550145026249
0.884400000000000	-16.1027925624297
0.884450000000000	-13.8487463773175
0.884500000000000	-37.4332635054161
0.884550000000000	64.4622154143940
0.884600000000000	66.8039468085200
0.884650000000000	39.3472738226886
0.884700000000000	7.33882991019854
0.884750000000000	49.4945279819047
0.884800000000000	42.3581439841401
0.884850000000000	84.4307159605856
0.884900000000000	51.9180515747262
0.884950000000000	91.1496754033926
0.885000000000000	46.4891889554621
0.885050000000000	14.0291797224770
0.885100000000000	78.5995416887564
0.885150000000000	46.6757136635951
0.885200000000000	45.0048261761058
0.885250000000000	18.1176544229871
0.885300000000000	1.42423214061937
0.885350000000000	18.0878309826013
0.885400000000000	13.1481995004572
0.885450000000000	3.03877811094785
0.885500000000000	86.6729860532800
0.885550000000000	41.4301358074142
0.885600000000000	6.86663552474647
0.885650000000000	-13.6688331391036
0.885700000000000	43.0695434320742
0.885750000000000	5.78359100314766
0.885800000000000	3.65071574497165
0.885850000000000	-7.95616959540991
0.885900000000000	-48.6854724703486
0.885950000000000	18.7413898023912
0.886000000000000	64.2314441693571
0.886050000000000	75.6614452799368
0.886100000000000	34.7719974283572
0.886150000000000	32.8636375540052
0.886200000000000	-11.6585084384134
0.886250000000000	74.2204846927649
0.886300000000000	-32.6867739666603
0.886350000000000	-9.76858677958670
0.886400000000000	12.5373442285075
0.886450000000000	15.3397338817788
0.886500000000000	2.69513439076203
0.886550000000000	-44.2157505116497
0.886600000000000	-47.7470462380666
0.886650000000000	-39.1420417298193
0.886700000000000	-2.12745171466413
0.886750000000000	16.4043887747622
0.886800000000000	77.3723643441691
0.886850000000000	-58.2725030214944
0.886900000000000	29.9637763030468
0.886950000000000	-17.7861341155526
0.887000000000000	-33.9230154377302
0.887050000000000	-24.3024644163644
0.887100000000000	12.1505107160406
0.887150000000000	29.8292127200397
0.887200000000000	10.6679639808468
0.887250000000000	-16.6231141795328
0.887300000000000	-36.0992822141683
0.887350000000000	31.9956029954387
0.887400000000000	-24.3150039812008
0.887450000000000	23.8425280715507
0.887500000000000	-41.2684890947684
0.887550000000000	77.9992094688635
0.887600000000000	46.2468645593679
0.887650000000000	37.6634837870967
0.887700000000000	17.5855625876914
0.887750000000000	-5.39159285467301
0.887800000000000	16.8554687177772
0.887850000000000	60.2760340857223
0.887900000000000	-1.83689974833423
0.887950000000000	-29.9077445317582
0.888000000000000	-24.5828497911478
0.888050000000000	-14.0620915640643
0.888100000000000	4.38089739142740
0.888150000000000	-2.25296891308291
0.888200000000000	33.2723099499156
0.888250000000000	-32.7010631757486
0.888300000000000	26.0755189946400
0.888350000000000	82.0081059254282
0.888400000000000	10.8646387403385
0.888450000000000	-6.04753779588275
0.888500000000000	13.4326003522179
0.888550000000000	7.91353009576602
0.888600000000000	-16.1813760146624
0.888650000000000	36.3644317874073
0.888700000000000	36.2786295268370
0.888750000000000	76.6500385359405
0.888800000000000	58.2138708284327
0.888850000000000	32.4590069993752
0.888900000000000	-1.84287217994116
0.888950000000000	12.0133060340695
0.889000000000000	6.43320676413359
0.889050000000000	56.9290876787681
0.889100000000000	40.1164069001333
0.889150000000000	-29.9801558626554
0.889200000000000	27.9138436251666
0.889250000000000	12.3572682262405
0.889300000000000	-5.52089705693259
0.889350000000000	102.481902963568
0.889400000000000	-34.7360323929636
0.889450000000000	90.8790805240745
0.889500000000000	42.0294918988364
0.889550000000000	28.1600193910965
0.889600000000000	63.3189548160656
0.889650000000000	52.4034273424743
0.889700000000000	-1.08071874285269
0.889750000000000	-10.6391906746289
0.889800000000000	5.33465842360180
0.889850000000000	-35.8751127438707
0.889900000000000	0.504226890912673
0.889950000000000	94.5135115381875
0.890000000000000	27.6642601743420
0.890050000000000	24.8929724367568
0.890100000000000	-53.3931120255228
0.890150000000000	23.3109100693767
0.890200000000000	27.1076979706127
0.890250000000000	59.0386202128222
0.890300000000000	40.6899298054934
0.890350000000000	-18.2689594952846
0.890400000000000	6.52994044436841
0.890450000000000	-10.8875724336616
0.890500000000000	-26.0153974998341
0.890550000000000	13.7053639356497
0.890600000000000	1.93932849854808
0.890650000000000	-4.57543756130838
0.890700000000000	2.20260291735039
0.890750000000000	25.5822159196043
0.890800000000000	2.58384748923662
0.890850000000000	14.2322888555750
0.890900000000000	15.5757719832699
0.890950000000000	27.2361256225259
0.891000000000000	-59.0232774489337
0.891050000000000	-54.9362811468046
0.891100000000000	31.2736388551415
0.891150000000000	24.1375077505715
0.891200000000000	14.4259182313327
0.891250000000000	11.6553673567543
0.891300000000000	16.1227325013166
0.891350000000000	17.3359606314480
0.891400000000000	-25.5967080385579
0.891450000000000	-19.4294797342833
0.891500000000000	100.182509735012
0.891550000000000	-50.5498404765504
0.891600000000000	12.6560743017618
0.891650000000000	29.8842617728536
0.891700000000000	46.4747093856988
0.891750000000000	0.985984419892391
0.891800000000000	-7.57954786171189
0.891850000000000	14.2101115656489
0.891900000000000	-25.6687761426494
0.891950000000000	80.4000970010061
0.892000000000000	-18.7613801658778
0.892050000000000	-22.8688703295812
0.892100000000000	1.27766431004105
0.892150000000000	-16.6432833206827
0.892200000000000	60.8138837112594
0.892250000000000	26.9300567159948
0.892300000000000	66.3535362255743
0.892350000000000	77.3430271134379
0.892400000000000	49.1524211739539
0.892450000000000	44.4410081930349
0.892500000000000	54.5256713006219
0.892550000000000	23.0488817594288
0.892600000000000	-15.2393326087895
0.892650000000000	23.6012822147484
0.892700000000000	-1.14072723653518
0.892750000000000	7.57864552750202
0.892800000000000	39.6963679422927
0.892850000000000	9.62734280302456
0.892900000000000	68.5083819484107
0.892950000000000	51.3023438579165
0.893000000000000	44.8608615220558
0.893050000000000	15.8541216325890
0.893100000000000	-36.4719765207960
0.893150000000000	17.1868407257049
0.893200000000000	76.1323221412822
0.893250000000000	67.4566499036933
0.893300000000000	54.3106488816675
0.893350000000000	40.8138520309567
0.893400000000000	71.3903654869061
0.893450000000000	-0.649844217177332
0.893500000000000	-19.0440890296155
0.893550000000000	22.5018998531854
0.893600000000000	23.7151419509016
0.893650000000000	23.2243932681617
0.893700000000000	4.50484136202309
0.893750000000000	32.5632026047364
0.893800000000000	3.64443908886897
0.893850000000000	-29.4078507381285
0.893900000000000	-22.1268572691023
0.893950000000000	-58.0569037226737
0.894000000000000	-27.1224325164619
0.894050000000000	-21.9566611576563
0.894100000000000	0.170188332668937
0.894150000000000	-23.8448117447438
0.894200000000000	-23.6863520177231
0.894250000000000	-35.2051919941856
0.894300000000000	47.4513891780265
0.894350000000000	-21.8780915998377
0.894400000000000	-6.01025392517774
0.894450000000000	-30.6768393646386
0.894500000000000	-29.8074969307765
0.894550000000000	17.1326499432380
0.894600000000000	28.4708562696680
0.894650000000000	-19.8973908463377
0.894700000000000	55.6444339629967
0.894750000000000	-7.73490040079014
0.894800000000000	2.48084557064518
0.894850000000000	-13.3142363062936
0.894900000000000	-17.6720537126488
0.894950000000000	11.7269683836406
0.895000000000000	-7.01812657675056
0.895050000000000	42.3639434524594
0.895100000000000	-28.8205044375954
0.895150000000000	10.6793261603843
0.895200000000000	1.57675618902849
0.895250000000000	39.9125209746906
0.895300000000000	-10.0802693248393
0.895350000000000	11.5796279806618
0.895400000000000	95.5681084079157
0.895450000000000	47.1608528638709
0.895500000000000	43.7663561172655
0.895550000000000	-3.75804726599107
0.895600000000000	51.7019401032531
0.895650000000000	-2.74592603417318
0.895700000000000	2.73470950089914
0.895750000000000	68.3046939584711
0.895800000000000	14.0099250370485
0.895850000000000	8.05016030425268
0.895900000000000	24.2502018581016
0.895950000000000	17.6046194329562
0.896000000000000	45.9341986534102
0.896050000000000	21.8677245644860
0.896100000000000	50.7482337240274
0.896150000000000	20.3481625605657
0.896200000000000	16.7438541488820
0.896250000000000	10.7507914175789
0.896300000000000	63.8528178509330
0.896350000000000	31.6030063849734
0.896400000000000	60.1927517390553
0.896450000000000	-33.0818910433543
0.896500000000000	24.9551677708832
0.896550000000000	38.2423831735365
0.896600000000000	76.9893597116673
0.896650000000000	22.9043208450344
0.896700000000000	55.4091854795462
0.896750000000000	118.838368735287
0.896800000000000	47.1304525187141
0.896850000000000	57.9600780182191
0.896900000000000	0.914072780373743
0.896950000000000	13.7556159462603
0.897000000000000	63.3640917006985
0.897050000000000	-13.1088812425453
0.897100000000000	4.29270595884376
0.897150000000000	21.0128422084112
0.897200000000000	29.3547319041993
0.897250000000000	-6.27186578365604
0.897300000000000	37.9901086730563
0.897350000000000	2.02131864377925
0.897400000000000	85.7087040748878
0.897450000000000	28.6495821638651
0.897500000000000	59.2281602429787
0.897550000000000	51.6202173002026
0.897600000000000	8.40647537650698
0.897650000000000	66.3257630864250
0.897700000000000	-40.3605760801223
0.897750000000000	19.6561402545952
0.897800000000000	-14.0805170821960
0.897850000000000	10.8828915421705
0.897900000000000	-10.6472600894304
0.897950000000000	20.5759114395033
0.898000000000000	-16.1386529715884
0.898050000000000	51.4244807762803
0.898100000000000	36.1050322981104
0.898150000000000	-4.23706354275884
0.898200000000000	26.4072624859628
0.898250000000000	4.70940705554162
0.898300000000000	-22.5773316550707
0.898350000000000	-8.16369475992052
0.898400000000000	9.81678624955223
0.898450000000000	-30.2388629431116
0.898500000000000	32.2087468424985
0.898550000000000	-7.77874883698407
0.898600000000000	45.8489479642877
0.898650000000000	0.231053096696817
0.898700000000000	-43.1649682863888
0.898750000000000	15.0717367921297
0.898800000000000	2.63647705462752
0.898850000000000	-7.97831375435010
0.898900000000000	-36.4154237948304
0.898950000000000	11.5629530152864
0.899000000000000	6.68733539546234
0.899050000000000	34.0838089635145
0.899100000000000	-27.0631049979048
0.899150000000000	-40.2552921331878
0.899200000000000	-34.9431633367635
0.899250000000000	37.9620351941120
0.899300000000000	-8.38359685830688
0.899350000000000	23.6525054660883
0.899400000000000	-25.1519940019562
0.899450000000000	79.9566470344950
0.899500000000000	2.89800894998965
0.899550000000000	-8.25804240404473
0.899600000000000	-11.1738672961227
0.899650000000000	64.0533960537223
0.899700000000000	-30.7592344751162
0.899750000000000	18.5296027840442
0.899800000000000	34.4577531140843
0.899850000000000	-19.5896776378333
0.899900000000000	82.1159289866151
0.899950000000000	-2.99540787402226
0.900000000000000	15.3067747477136
0.900050000000000	7.36241581123739
0.900100000000000	33.2513916157029
0.900150000000000	-1.56172784846403
0.900200000000000	-48.7480617995323
0.900250000000000	62.4760459558462
0.900300000000000	-29.8799345771797
0.900350000000000	77.2104837337811
0.900400000000000	66.8761679493971
0.900450000000000	41.0086321870921
0.900500000000000	57.9951563445130
0.900550000000000	11.0756794631412
0.900600000000000	74.5558220181870
0.900650000000000	-27.2670823649279
0.900700000000000	11.3022211781598
0.900750000000000	69.1513480950371
0.900800000000000	-18.7376685290974
0.900850000000000	25.3522461231150
0.900900000000000	65.8881215119808
0.900950000000000	30.7123020234809
0.901000000000000	18.9627573982597
0.901050000000000	6.44615189452378
0.901100000000000	82.7923626852411
0.901150000000000	18.1267189985884
0.901200000000000	-0.562896683493900
0.901250000000000	83.3922007939207
0.901300000000000	0.953139427529344
0.901350000000000	91.3685742249144
0.901400000000000	22.5632001224327
0.901450000000000	29.9699672894307
0.901500000000000	23.1712321395044
0.901550000000000	26.3408648071535
0.901600000000000	5.39643199028169
0.901650000000000	17.4450733738467
0.901700000000000	17.2090771933260
0.901750000000000	-4.80811347674323
0.901800000000000	-41.9716028486708
0.901850000000000	24.7497198945364
0.901900000000000	-25.1420782602603
0.901950000000000	-73.4573929444239
0.902000000000000	-25.6039375047824
0.902050000000000	45.5393362683744
0.902100000000000	-42.1508064745467
0.902150000000000	8.68068169631015
0.902200000000000	-27.4342178861318
0.902250000000000	4.08519288775173
0.902300000000000	-30.1861380351652
0.902350000000000	-30.9850848014899
0.902400000000000	28.8128718875255
0.902450000000000	19.2807455791302
0.902500000000000	39.0536985033645
0.902550000000000	8.80081767933107
0.902600000000000	-64.5072484503190
0.902650000000000	24.2942718964100
0.902700000000000	-39.9406444612623
0.902750000000000	0.921247538647613
0.902800000000000	15.1980745513348
0.902850000000000	-9.22388830406253
0.902900000000000	-27.4750758612853
0.902950000000000	36.6841986414414
0.903000000000000	19.1232427712246
0.903050000000000	-6.18424283756585
0.903100000000000	-25.3126251096835
0.903150000000000	9.27361194512191
0.903200000000000	-17.0926397254843
0.903250000000000	-10.9235002570493
0.903300000000000	39.7969109635680
0.903350000000000	9.92523374310821
0.903400000000000	60.9538657953434
0.903450000000000	-4.00453828801916
0.903500000000000	-42.8699436293943
0.903550000000000	32.2349617169611
0.903600000000000	10.4551753569053
0.903650000000000	11.6531195236479
0.903700000000000	9.94831470956189
0.903750000000000	61.1028932472344
0.903800000000000	16.8156867642729
0.903850000000000	23.3475446677222
0.903900000000000	-26.5508590615836
0.903950000000000	64.9583410093905
0.904000000000000	73.4799009344017
0.904050000000000	-8.75851814972013
0.904100000000000	59.3444825469721
0.904150000000000	31.5352306223668
0.904200000000000	17.1678281196133
0.904250000000000	15.8949040408130
0.904300000000000	7.80860058871031
0.904350000000000	12.3123846109923
0.904400000000000	50.0158203249705
0.904450000000000	-31.5900606648782
0.904500000000000	54.6199490701385
0.904550000000000	21.8442007168095
0.904600000000000	36.1327480995172
0.904650000000000	26.6410561791678
0.904700000000000	9.98470872674658
0.904750000000000	-8.70524727324540
0.904800000000000	30.5073052403678
0.904850000000000	79.5146168051050
0.904900000000000	47.0324132907944
0.904950000000000	68.6975378643899
0.905000000000000	-42.1906477915382
0.905050000000000	79.3544835937688
0.905100000000000	-52.4399682917156
0.905150000000000	-12.7135453791460
0.905200000000000	14.5456677805932
0.905250000000000	25.8303981488005
0.905300000000000	36.8905371243662
0.905350000000000	42.5690700454078
0.905400000000000	19.3801065695077
0.905450000000000	55.2149005698447
0.905500000000000	15.9273728363730
0.905550000000000	6.90134788088111
0.905600000000000	7.05271140731912
0.905650000000000	12.5207300557716
0.905700000000000	95.4846969121057
0.905750000000000	51.8087923499077
0.905800000000000	26.2164596117159
0.905850000000000	7.48878821644854
0.905900000000000	13.7833147880567
0.905950000000000	11.5108089941358
0.906000000000000	60.3593478236214
0.906050000000000	44.5219917087233
0.906100000000000	-29.6274377680544
0.906150000000000	19.8871735567499
0.906200000000000	-5.02017018977766
0.906250000000000	19.4136783593952
0.906300000000000	-40.8344074659324
0.906350000000000	13.6736925976510
0.906400000000000	-29.7097848456671
0.906450000000000	-31.5354241828409
0.906500000000000	-10.9263484014466
0.906550000000000	-41.1151661334072
0.906600000000000	6.60011315741189
0.906650000000000	21.7520591963220
0.906700000000000	29.9061679421245
0.906750000000000	-12.3437543920527
0.906800000000000	11.6983327762088
0.906850000000000	-79.4633566648160
0.906900000000000	25.3122570661681
0.906950000000000	14.8144605098820
0.907000000000000	31.5521169003290
0.907050000000000	-28.3985133037479
0.907100000000000	6.23445407518355
0.907150000000000	-64.0420086460413
0.907200000000000	13.7434709169173
0.907250000000000	-5.67916724903559
0.907300000000000	-14.5772135517572
0.907350000000000	10.0566857537375
0.907400000000000	43.6766800694873
0.907450000000000	25.9151551797615
0.907500000000000	-14.7638094968120
0.907550000000000	-5.43969327482420
0.907600000000000	30.2614649504809
0.907650000000000	-0.474073676852335
0.907700000000000	85.0737412977308
0.907750000000000	39.2161894045286
0.907800000000000	17.8811166218570
0.907850000000000	61.2331663368453
0.907900000000000	44.9068214658775
0.907950000000000	62.5030980658591
0.908000000000000	76.5635325610434
0.908050000000000	12.4564338683464
0.908100000000000	94.5203376442478
0.908150000000000	70.0477640151911
0.908200000000000	-1.44803061642430
0.908250000000000	86.0170238012044
0.908300000000000	91.2679301115318
0.908350000000000	55.3104405886978
0.908400000000000	50.4877362838037
0.908450000000000	37.8270347926546
0.908500000000000	45.8209521063519
0.908550000000000	97.4135228113314
0.908600000000000	66.3729304894789
0.908650000000000	-0.118113702451605
0.908700000000000	94.7598448452720
0.908750000000000	52.2853310128959
0.908800000000000	20.1629799908147
0.908850000000000	55.4662086072751
0.908900000000000	30.9802214682573
0.908950000000000	34.3713265968056
0.909000000000000	81.0496663926223
0.909050000000000	62.5368854077038
0.909100000000000	23.4693874912682
0.909150000000000	70.4535983665839
0.909200000000000	50.5103596878722
0.909250000000000	10.1151363872100
0.909300000000000	7.64886245296759
0.909350000000000	118.197586394425
0.909400000000000	-4.66528822924351
0.909450000000000	21.3542970820862
0.909500000000000	32.6058860987606
0.909550000000000	-0.246230363704662
0.909600000000000	64.3487904727346
0.909650000000000	-26.0252485759354
0.909700000000000	-7.75431553320079
0.909750000000000	-6.35950182655808
0.909800000000000	-45.5987979446523
0.909850000000000	-8.30820235955700
0.909900000000000	-2.80296911560916
0.909950000000000	-19.0490625088814
0.910000000000000	-13.3096592704652
0.910050000000000	-27.2880610941594
0.910100000000000	-12.9792029344916
0.910150000000000	-10.4505128324469
0.910200000000000	19.0058432217340
0.910250000000000	24.3222634660282
0.910300000000000	8.00135253789631
0.910350000000000	54.8444309476149
0.910400000000000	32.6693582286170
0.910450000000000	4.38634744418941
0.910500000000000	-44.7732854534856
0.910550000000000	-55.8007489447301
0.910600000000000	4.20352794279833
0.910650000000000	-36.0265838509904
0.910700000000000	-47.0761464480784
0.910750000000000	5.48559269731573
0.910800000000000	13.3213132620022
0.910850000000000	-22.0474126363684
0.910900000000000	35.7512218669930
0.910950000000000	12.2220664224823
0.911000000000000	-0.771436715526825
0.911050000000000	-7.41837276856939
0.911100000000000	31.3639106135754
0.911150000000000	-0.108703524543984
0.911200000000000	27.8402897779778
0.911250000000000	-13.7394353618194
0.911300000000000	-7.47825147317332
0.911350000000000	29.8176195620918
0.911400000000000	-28.7835104121879
0.911450000000000	-68.0245942284902
0.911500000000000	-56.0652606100264
0.911550000000000	-6.51767767298719
0.911600000000000	10.7982280115503
0.911650000000000	16.5547267815545
0.911700000000000	43.2571947590220
0.911750000000000	12.8834198687936
0.911800000000000	-3.55237579802628
0.911850000000000	-8.27405741380946
0.911900000000000	18.8970397637228
0.911950000000000	26.7498438232545
0.912000000000000	28.0787742792405
0.912050000000000	31.1046087093780
0.912100000000000	16.1290462778333
0.912150000000000	49.0411000511988
0.912200000000000	-23.1445158670487
0.912250000000000	96.0217842357976
0.912300000000000	16.4364461419669
0.912350000000000	76.0245421218658
0.912400000000000	36.1663124149212
0.912450000000000	24.8836526012876
0.912500000000000	-13.1873662648437
0.912550000000000	7.40916328026544
0.912600000000000	-2.86410491841904
0.912650000000000	14.3016440021440
0.912700000000000	30.3641399389838
0.912750000000000	30.2621046570497
0.912800000000000	16.5392934739262
0.912850000000000	17.4044738794114
0.912900000000000	43.0224977044967
0.912950000000000	34.0471201048887
0.913000000000000	27.5972268009044
0.913050000000000	42.1110029341441
0.913100000000000	-40.0733245629505
0.913150000000000	52.7089591027187
0.913200000000000	4.33889263327279
0.913250000000000	42.4685087347370
0.913300000000000	21.3266029086563
0.913350000000000	-7.66864545051188
0.913400000000000	3.02678564777646
0.913450000000000	-12.0830898407708
0.913500000000000	71.6186430666663
0.913550000000000	-0.0270401388297010
0.913600000000000	42.9756596483971
0.913650000000000	4.19363603144178
0.913700000000000	31.8601804045999
0.913750000000000	31.6439318542513
0.913800000000000	-13.5386536840842
0.913850000000000	6.13063739457023
0.913900000000000	3.83327105482962
0.913950000000000	17.2209029118490
0.914000000000000	15.3827328242586
0.914050000000000	1.40647577103018
0.914100000000000	28.3413970006750
0.914150000000000	27.6694045446514
0.914200000000000	41.8729936172046
0.914250000000000	18.4756726281828
0.914300000000000	-0.190512673034648
0.914350000000000	-19.1925307339851
0.914400000000000	-31.0942771151697
0.914450000000000	-9.06365133514731
0.914500000000000	-24.7015731683821
0.914550000000000	-37.1558544718033
0.914600000000000	29.7236938266988
0.914650000000000	43.1636422296187
0.914700000000000	-42.4990911918847
0.914750000000000	41.8501659585394
0.914800000000000	-16.9048522847900
0.914850000000000	-44.6534964451274
0.914900000000000	-29.3195209670938
0.914950000000000	3.83028134922877
0.915000000000000	-7.25082673850424
0.915050000000000	-32.8114048781780
0.915100000000000	27.9886640368057
0.915150000000000	52.5925982095904
0.915200000000000	-33.1018602924859
0.915250000000000	-60.4426116324821
0.915300000000000	-38.7422383575588
0.915350000000000	6.59407538960232
0.915400000000000	13.8408333381013
0.915450000000000	0.343169176681171
0.915500000000000	-21.3115168032859
0.915550000000000	26.5377673479215
0.915600000000000	8.19194433198793
0.915650000000000	45.2567592359005
0.915700000000000	-2.97263677790572
0.915750000000000	-27.4255918817020
0.915800000000000	39.6043759896846
0.915850000000000	42.3751986677781
0.915900000000000	19.6425948936320
0.915950000000000	50.1617603567895
0.916000000000000	10.5958581013269
0.916050000000000	46.9116628063798
0.916100000000000	-9.92711209516539
0.916150000000000	19.4150208102321
0.916200000000000	55.9841207234898
0.916250000000000	45.4567485086769
0.916300000000000	20.5005075601861
0.916350000000000	49.6501653438098
0.916400000000000	9.80092394799924
0.916450000000000	44.4511719087000
0.916500000000000	-17.8124904170853
0.916550000000000	22.6301846391511
0.916600000000000	29.4010990560939
0.916650000000000	52.5174663716160
0.916700000000000	54.7887474027801
0.916750000000000	-16.3995750585144
0.916800000000000	94.9752538638894
0.916850000000000	50.2477451046165
0.916900000000000	40.8578887608724
0.916950000000000	33.5618355003881
0.917000000000000	92.5366587378910
0.917050000000000	-9.45241248465692
0.917100000000000	7.34432024065188
0.917150000000000	-19.9250653663207
0.917200000000000	46.0378501878583
0.917250000000000	-14.3659769580506
0.917300000000000	26.5057173298063
0.917350000000000	17.0106044639487
0.917400000000000	19.9777039970086
0.917450000000000	41.8138413664275
0.917500000000000	20.3471911690405
0.917550000000000	20.1271573436254
0.917600000000000	19.6851052662194
0.917650000000000	12.9665115027848
0.917700000000000	43.6434112368519
0.917750000000000	-5.42758475867820
0.917800000000000	32.2686890897351
0.917850000000000	6.94189658182458
0.917900000000000	-22.4775732228493
0.917950000000000	4.74726865961197
0.918000000000000	10.6645539492265
0.918050000000000	67.7518397551476
0.918100000000000	0.214754261237756
0.918150000000000	35.1274389537183
0.918200000000000	-14.7234153708693
0.918250000000000	-4.62369859729092
0.918300000000000	14.8866890480982
0.918350000000000	14.4945460382162
0.918400000000000	9.53498038921476
0.918450000000000	19.0245274939449
0.918500000000000	-4.40167194448682
0.918550000000000	30.2131162528869
0.918600000000000	-54.0285239340057
0.918650000000000	-19.9702364481504
0.918700000000000	-12.5625497836508
0.918750000000000	-28.5628275185875
0.918800000000000	19.4606129436289
0.918850000000000	-9.03547477666040
0.918900000000000	22.2405809392618
0.918950000000000	29.5546592622006
0.919000000000000	-3.98115107298669
0.919050000000000	6.85719367024653
0.919100000000000	61.5258809446706
0.919150000000000	13.5342321341134
0.919200000000000	6.19301946702672
0.919250000000000	-43.2269268648691
0.919300000000000	-49.9247964933832
0.919350000000000	48.9321633876465
0.919400000000000	-49.1416984003327
0.919450000000000	-9.03352244003469
0.919500000000000	-25.7797484931351
0.919550000000000	-8.48247735312666
0.919600000000000	-55.0841908769604
0.919650000000000	0.998700003518055
0.919700000000000	36.4309630463868
0.919750000000000	-59.5006547161904
0.919800000000000	54.2547310397370
0.919850000000000	-4.45389369864380
0.919900000000000	11.3265806202222
0.919950000000000	20.0937230190902
0.920000000000000	50.1379906222609
0.920050000000000	-32.1761155122033
0.920100000000000	-2.80388285680463
0.920150000000000	19.4100624240771
0.920200000000000	-5.44601825703413
0.920250000000000	6.93309098557567
0.920300000000000	65.7000644507876
0.920350000000000	35.3105303271357
0.920400000000000	-40.9439163151332
0.920450000000000	44.2806527714174
0.920500000000000	78.7828679894132
0.920550000000000	33.1994005747970
0.920600000000000	71.7386409264530
0.920650000000000	34.3193075018471
0.920700000000000	59.2491587617889
0.920750000000000	91.2047580527151
0.920800000000000	48.8542430257462
0.920850000000000	119.154229214320
0.920900000000000	-9.80898232233525
0.920950000000000	-8.38434560909129
0.921000000000000	48.6693691994542
0.921050000000000	49.5659845954967
0.921100000000000	40.7881051499055
0.921150000000000	53.1443706245212
0.921200000000000	27.4681475241380
0.921250000000000	38.2792095826030
0.921300000000000	5.82487641716101
0.921350000000000	51.8657582821572
0.921400000000000	33.4832900003772
0.921450000000000	19.9875705979831
0.921500000000000	11.6793798267492
0.921550000000000	8.52146749299170
0.921600000000000	6.03391673056595
0.921650000000000	8.61619474173241
0.921700000000000	-24.5778137127623
0.921750000000000	-14.9175541297806
0.921800000000000	14.9649547224663
0.921850000000000	-31.4452798756675
0.921900000000000	51.6620201681578
0.921950000000000	-28.6189570755118
0.922000000000000	-18.4375041333458
0.922050000000000	29.3472721103634
0.922100000000000	30.1740066232064
0.922150000000000	6.57230120042102
0.922200000000000	-42.0343804748318
0.922250000000000	-4.49459712075013
0.922300000000000	21.5159407161613
0.922350000000000	-0.304120608234413
0.922400000000000	-48.8248910645072
0.922450000000000	-8.93611595302616
0.922500000000000	-4.23167620101070
0.922550000000000	14.9649079408017
0.922600000000000	-54.0712119428512
0.922650000000000	13.0737650320506
0.922700000000000	-19.3091158409417
0.922750000000000	6.68667580588168
0.922800000000000	-10.8077451935276
0.922850000000000	-1.87856026994093
0.922900000000000	17.3684123612994
0.922950000000000	-0.859155099753183
0.923000000000000	96.1887490983375
0.923050000000000	33.3788256944112
0.923100000000000	12.1290067687976
0.923150000000000	-16.0210217112586
0.923200000000000	0.883497527346240
0.923250000000000	6.75804731478091
0.923300000000000	-16.6165590753511
0.923350000000000	-6.59924420260782
0.923400000000000	20.9006861953943
0.923450000000000	-7.36407625648854
0.923500000000000	75.8742209544283
0.923550000000000	-0.114744772993610
0.923600000000000	-14.5769246203488
0.923650000000000	18.2296915098458
0.923700000000000	-16.8878322048113
0.923750000000000	8.47406144982947
0.923800000000000	-4.54402173395362
0.923850000000000	37.4703031638295
0.923900000000000	34.9025713343433
0.923950000000000	-40.6858837155970
0.924000000000000	39.4276893376488
0.924050000000000	-3.09791468767620
0.924100000000000	-5.27176959214886
0.924150000000000	-7.34969019060523
0.924200000000000	1.00391021123761
0.924250000000000	80.4404720264060
0.924300000000000	-16.5319892622660
0.924350000000000	4.35760615271763
0.924400000000000	-18.9430468789860
0.924450000000000	-2.44609197634260
0.924500000000000	29.7316896415119
0.924550000000000	33.6633408907391
0.924600000000000	50.9640562157996
0.924650000000000	26.6823342494297
0.924700000000000	1.93348684612673
0.924750000000000	69.4649355232994
0.924800000000000	13.6811380229409
0.924850000000000	14.5044695506170
0.924900000000000	16.6657155691086
0.924950000000000	3.88722732753399
0.925000000000000	64.6568987690764
0.925050000000000	61.4892560608248
0.925100000000000	84.4508698298747
0.925150000000000	61.5623823783908
0.925200000000000	7.59238351398889
0.925250000000000	-14.8986795507263
0.925300000000000	12.3502424769675
0.925350000000000	-3.56676253937273
0.925400000000000	-22.8463056072630
0.925450000000000	47.5727998768655
0.925500000000000	18.1909536038635
0.925550000000000	52.5357925316869
0.925600000000000	29.1865023317958
0.925650000000000	-1.80227708374349
0.925700000000000	-16.2103796139459
0.925750000000000	20.9978874953388
0.925800000000000	-15.7317565029766
0.925850000000000	52.4681900181827
0.925900000000000	4.65989278264518
0.925950000000000	-2.98389940289084
0.926000000000000	20.0169223392211
0.926050000000000	-19.7656471236022
0.926100000000000	-48.6416780996356
0.926150000000000	17.9398937291057
0.926200000000000	3.83299035788239
0.926250000000000	-49.7712591415817
0.926300000000000	12.4335791459198
0.926350000000000	10.1949967399064
0.926400000000000	-24.1161203721537
0.926450000000000	2.42105636415231
0.926500000000000	-4.22775425553494
0.926550000000000	14.2701067929781
0.926600000000000	-18.5968192113523
0.926650000000000	-40.6463454209900
0.926700000000000	-20.9363422696866
0.926750000000000	-37.7517942529599
0.926800000000000	28.4107304029759
0.926850000000000	-6.95796085536687
0.926900000000000	24.9627943127398
0.926950000000000	-30.2957254068044
0.927000000000000	-22.9834500565864
0.927050000000000	-77.0129204195623
0.927100000000000	27.8250518482572
0.927150000000000	-54.0314929659982
0.927200000000000	-17.7577927777960
0.927250000000000	72.3030513052246
0.927300000000000	23.6874296549309
0.927350000000000	34.1288027062546
0.927400000000000	37.8015451047617
0.927450000000000	22.0465212234527
0.927500000000000	59.4050487353229
0.927550000000000	-24.3696869570060
0.927600000000000	105.447657552276
0.927650000000000	37.3057488611306
0.927700000000000	-1.46903939140273
0.927750000000000	19.0627939617321
0.927800000000000	59.8285677545860
0.927850000000000	39.0043102803445
0.927900000000000	55.6592822358114
0.927950000000000	24.9566980863640
0.928000000000000	-15.9794586838511
0.928050000000000	82.7028960887341
0.928100000000000	35.5938075069848
0.928150000000000	24.3933626551884
0.928200000000000	10.4320289952911
0.928250000000000	69.3246924905573
0.928300000000000	55.0006664825905
0.928350000000000	33.1642675588119
0.928400000000000	66.9923126248913
0.928450000000000	1.30640553900134
0.928500000000000	41.2918270602866
0.928550000000000	46.7251746206051
0.928600000000000	11.7032273112979
0.928650000000000	64.0995637046098
0.928700000000000	65.4798504905290
0.928750000000000	6.84907940526180
0.928800000000000	47.9740603941367
0.928850000000000	19.8202961051311
0.928900000000000	-0.480325936468525
0.928950000000000	42.9294098550454
0.929000000000000	22.0722106080795
0.929050000000000	-6.66362361989533
0.929100000000000	-4.00471775034360
0.929150000000000	30.0088758522641
0.929200000000000	24.5985124386640
0.929250000000000	37.9605080700101
0.929300000000000	-24.8157298651097
0.929350000000000	33.6797729706146
0.929400000000000	42.9405244409348
0.929450000000000	25.4249674677250
0.929500000000000	52.1017585788315
0.929550000000000	17.7545904665349
0.929600000000000	-18.0501562198653
0.929650000000000	43.5660840664909
0.929700000000000	-8.45641958092886
0.929750000000000	42.1028063045680
0.929800000000000	31.4000461710185
0.929850000000000	-40.8485072191049
0.929900000000000	-29.7211963480723
0.929950000000000	-54.8509836995681
0.930000000000000	13.4828156440528
0.930050000000000	-4.04019064893194
0.930100000000000	-9.80210802444300
0.930150000000000	-5.69953758731489
0.930200000000000	-21.4251128671009
0.930250000000000	1.63096002320842
0.930300000000000	-6.22238676438970
0.930350000000000	-30.0763857719778
0.930400000000000	17.7268600636556
0.930450000000000	24.8796712628586
0.930500000000000	-7.54651393514774
0.930550000000000	-9.12979262722767
0.930600000000000	-45.9402155759223
0.930650000000000	22.1036770183803
0.930700000000000	-5.26360427159898
0.930750000000000	-48.4461890191062
0.930800000000000	-1.55995088964755
0.930850000000000	11.5419390688880
0.930900000000000	12.9005195091499
0.930950000000000	21.5686003154789
0.931000000000000	65.2361474623746
0.931050000000000	-6.86759074392200
0.931100000000000	13.2515605958571
0.931150000000000	-61.3709095518163
0.931200000000000	25.0792647842756
0.931250000000000	6.92652503991812
0.931300000000000	13.1026621697691
0.931350000000000	-2.32132201723426
0.931400000000000	-35.8189227797395
0.931450000000000	16.0079356835580
0.931500000000000	41.5185349828170
0.931550000000000	-44.6096427360633
0.931600000000000	16.5263613343653
0.931650000000000	21.5873053591870
0.931700000000000	-24.7813454524478
0.931750000000000	-13.5539357090510
0.931800000000000	-43.6693637228900
0.931850000000000	41.4099690470972
0.931900000000000	-19.0229450507460
0.931950000000000	53.3862930308467
0.932000000000000	-11.9947154474110
0.932050000000000	58.1892639267368
0.932100000000000	64.1771165919876
0.932150000000000	14.9720540559282
0.932200000000000	46.7041865781548
0.932250000000000	61.8223646684963
0.932300000000000	28.0965989987435
0.932350000000000	8.43369279492088
0.932400000000000	9.87656255379804
0.932450000000000	8.29998433203806
0.932500000000000	61.3882691564760
0.932550000000000	64.1650171452240
0.932600000000000	55.2355308780109
0.932650000000000	18.1609164599101
0.932700000000000	26.5392035801123
0.932750000000000	9.61490358430416
0.932800000000000	16.1982617406311
0.932850000000000	43.5889792999819
0.932900000000000	60.3791248103703
0.932950000000000	35.1710382880248
0.933000000000000	-2.64160054515651
0.933050000000000	49.6930951475138
0.933100000000000	47.3953806645077
0.933150000000000	34.6185508109584
0.933200000000000	69.3819795135708
0.933250000000000	3.05336052920971
0.933300000000000	20.5523273761868
0.933350000000000	-1.21375376401285
0.933400000000000	55.0490845955996
0.933450000000000	29.2020188576806
0.933500000000000	36.8877792161546
0.933550000000000	41.3776624120274
0.933600000000000	59.8868510877048
0.933650000000000	51.9297276269660
0.933700000000000	78.9881516848935
0.933750000000000	26.6128580243283
0.933800000000000	53.4616195494647
0.933850000000000	-20.6579259145619
0.933900000000000	18.2868648808567
0.933950000000000	11.4415149109808
0.934000000000000	1.28716261116934
0.934050000000000	11.4629940661951
0.934100000000000	-11.9393531119321
0.934150000000000	-13.5981202965613
0.934200000000000	47.2006558912263
0.934250000000000	-10.7571934880023
0.934300000000000	9.13076814025915
0.934350000000000	7.93555837287473
0.934400000000000	17.1398109304330
0.934450000000000	-7.09063770151861
0.934500000000000	53.1459874099002
0.934550000000000	-67.3901861336924
0.934600000000000	-59.4816225157834
0.934650000000000	-41.6905038399927
0.934700000000000	4.73260144111698
0.934750000000000	55.4143991637798
0.934800000000000	-35.3301875033183
0.934850000000000	33.1017071963559
0.934900000000000	-5.62642588511755
0.934950000000000	47.5769339108417
0.935000000000000	-6.77452984213849
0.935050000000000	18.2139784365486
0.935100000000000	-34.3930785453246
0.935150000000000	-26.5004278002569
0.935200000000000	-3.54397100077100
0.935250000000000	-1.23208256622744
0.935300000000000	-1.20443688899899
0.935350000000000	-38.4697447979442
0.935400000000000	-6.23212394821719
0.935450000000000	-3.29547834870730
0.935500000000000	-17.4338346321090
0.935550000000000	14.1005581071121
0.935600000000000	39.7741070487210
0.935650000000000	27.8497684940618
0.935700000000000	5.84619830173717
0.935750000000000	48.5601803339080
0.935800000000000	-13.6157147728399
0.935850000000000	29.5935785276429
0.935900000000000	78.4051035793121
0.935950000000000	11.4792610678439
0.936000000000000	-6.41760905964126
0.936050000000000	45.8269599639707
0.936100000000000	22.2748872700843
0.936150000000000	45.0200638888265
0.936200000000000	77.4032243540718
0.936250000000000	74.9669510576727
0.936300000000000	43.1062699193372
0.936350000000000	21.7997402748707
0.936400000000000	55.7617171509140
0.936450000000000	47.3031156480768
0.936500000000000	4.02949063163627
0.936550000000000	24.4319261902158
0.936600000000000	18.7959019158496
0.936650000000000	77.5477164865988
0.936700000000000	44.8616469676619
0.936750000000000	31.5349124124375
0.936800000000000	-16.4507469219494
0.936850000000000	41.1517863765327
0.936900000000000	108.643382781917
0.936950000000000	11.2838167030817
0.937000000000000	35.5194061407544
0.937050000000000	43.1744719989995
0.937100000000000	-16.4189589877573
0.937150000000000	-41.0812806515655
0.937200000000000	79.3576482775649
0.937250000000000	76.2220715708691
0.937300000000000	16.8836573709094
0.937350000000000	42.4034691180965
0.937400000000000	30.7557168257099
0.937450000000000	-10.8983710243328
0.937500000000000	80.0436140852633
0.937550000000000	-51.3901704481958
0.937600000000000	-15.7358232825515
0.937650000000000	-16.1088917998941
0.937700000000000	62.7202423741938
0.937750000000000	18.1537278224825
0.937800000000000	58.2683162412069
0.937850000000000	-11.3144388612299
0.937900000000000	41.1391879198840
0.937950000000000	-10.4080544434050
0.938000000000000	1.34474502855107
0.938050000000000	27.9487005312220
0.938100000000000	9.48476900848216
0.938150000000000	78.3296701158609
0.938200000000000	-42.8886049062696
0.938250000000000	19.2101040495284
0.938300000000000	-50.9748008969250
0.938350000000000	-4.33807709013576
0.938400000000000	-18.1045542907519
0.938450000000000	-22.1389673260927
0.938500000000000	-14.3386399882087
0.938550000000000	13.1571435134467
0.938600000000000	7.31089543602133
0.938650000000000	-32.4374131918743
0.938700000000000	19.0280033741057
0.938750000000000	32.0916533482561
0.938800000000000	-12.5102070538371
0.938850000000000	18.2142277894205
0.938900000000000	30.0755051825550
0.938950000000000	19.3838735752604
0.939000000000000	38.9810356102001
0.939050000000000	11.8555986198141
0.939100000000000	43.7639445413635
0.939150000000000	15.4606555919596
0.939200000000000	29.4605649657373
0.939250000000000	-8.10672936183516
0.939300000000000	-21.1457409604932
0.939350000000000	20.4413110677314
0.939400000000000	72.9469379935033
0.939450000000000	-14.3251466067896
0.939500000000000	42.0491456032314
0.939550000000000	17.4455260040891
0.939600000000000	31.2717005864280
0.939650000000000	18.9731571026159
0.939700000000000	-15.7476826117869
0.939750000000000	-36.4957722777689
0.939800000000000	17.3582700873272
0.939850000000000	54.3843644738821
0.939900000000000	45.9138985072247
0.939950000000000	-4.60708518809399
0.940000000000000	17.3301876906376
0.940050000000000	-11.3015627038654
0.940100000000000	25.4494247232164
0.940150000000000	24.8980825791379
0.940200000000000	-3.83297470264154
0.940250000000000	37.3722069871153
0.940300000000000	17.1583844385055
0.940350000000000	68.0938894358684
0.940400000000000	0.203217155649334
0.940450000000000	48.9244836512298
0.940500000000000	-36.2685823905981
0.940550000000000	44.2757033086373
0.940600000000000	32.4564040525911
0.940650000000000	58.7890540398139
0.940700000000000	5.35343220923270
0.940750000000000	51.7345637080531
0.940800000000000	6.74028719120717
0.940850000000000	29.6534863735563
0.940900000000000	27.6857542626974
0.940950000000000	70.6990977302020
0.941000000000000	61.6734748777313
0.941050000000000	-16.4998733268870
0.941100000000000	71.0381093670305
0.941150000000000	83.3914512655312
0.941200000000000	76.5678601976212
0.941250000000000	48.4557143317390
0.941300000000000	13.4365302732699
0.941350000000000	47.4198804263344
0.941400000000000	28.8018201919056
0.941450000000000	-20.6080326868428
0.941500000000000	-38.4095666305443
0.941550000000000	42.8546669290868
0.941600000000000	39.6541516483956
0.941650000000000	31.6414717900581
0.941700000000000	28.8892322391758
0.941750000000000	37.5001094791725
0.941800000000000	19.5338157939486
0.941850000000000	54.0992793510543
0.941900000000000	2.30463249744318
0.941950000000000	-20.3870696183612
0.942000000000000	14.7466737446700
0.942050000000000	-47.2333635759479
0.942100000000000	-17.8082214548535
0.942150000000000	25.0218725044317
0.942200000000000	-38.4575065238834
0.942250000000000	10.4307554043525
0.942300000000000	11.6355713429486
0.942350000000000	12.0958827596703
0.942400000000000	-31.2323448607347
0.942450000000000	-21.2319302539220
0.942500000000000	-12.0111434691245
0.942550000000000	25.8053654859919
0.942600000000000	12.3426360404946
0.942650000000000	4.78797617228359
0.942700000000000	-18.2435704123895
0.942750000000000	44.1939931500118
0.942800000000000	10.0833627771388
0.942850000000000	-30.8666524648459
0.942900000000000	-6.79901851845593
0.942950000000000	-5.03196205461701
0.943000000000000	9.18531294850973
0.943050000000000	-23.1212425631188
0.943100000000000	1.82524947864207
0.943150000000000	6.43462051522410
0.943200000000000	-56.3379344500226
0.943250000000000	6.13114192961513
0.943300000000000	-5.28732344595695
0.943350000000000	-5.57150680148276
0.943400000000000	-88.6627652520011
0.943450000000000	7.10133641699550
0.943500000000000	11.4553880710955
0.943550000000000	-3.60764499678652
0.943600000000000	23.3050027308515
0.943650000000000	33.7435741496513
0.943700000000000	-4.53119747886552
0.943750000000000	22.0992312369968
0.943800000000000	-22.7858652278711
0.943850000000000	20.9301231108035
0.943900000000000	59.7264270407579
0.943950000000000	45.1236348176959
0.944000000000000	83.3902990040178
0.944050000000000	30.8445399701993
0.944100000000000	12.4184282937869
0.944150000000000	-61.9089223101831
0.944200000000000	30.7478035155036
0.944250000000000	49.8928322873605
0.944300000000000	13.1643721143938
0.944350000000000	102.289957756511
0.944400000000000	32.6359089198995
0.944450000000000	2.30244146189485
0.944500000000000	38.9385372210914
0.944550000000000	6.61272051164460
0.944600000000000	-25.0730397550756
0.944650000000000	100.158419949131
0.944700000000000	35.3971059488548
0.944750000000000	27.5242261713442
0.944800000000000	57.1664581820392
0.944850000000000	50.3335300184526
0.944900000000000	60.9343297662219
0.944950000000000	18.6356412098909
0.945000000000000	114.214143332601
0.945050000000000	-13.4899432237896
0.945100000000000	-27.9274335864214
0.945150000000000	45.8198120297975
0.945200000000000	14.3497174727679
0.945250000000000	40.4850845040357
0.945300000000000	54.5693991179796
0.945350000000000	-2.19433856846071
0.945400000000000	71.5525292324103
0.945450000000000	11.0192962069920
0.945500000000000	-38.9868958379358
0.945550000000000	30.7354630112570
0.945600000000000	33.5430961395453
0.945650000000000	-5.24583414936976
0.945700000000000	48.2481190179658
0.945750000000000	-2.34846926903931
0.945800000000000	52.1031554273857
0.945850000000000	0.430244725491979
0.945900000000000	1.48732145343746
0.945950000000000	-2.53485241563366
0.946000000000000	10.7864902792857
0.946050000000000	-19.9502136415371
0.946100000000000	-4.13653418612546
0.946150000000000	22.4353975771502
0.946200000000000	15.8121902062912
0.946250000000000	8.50025584568529
0.946300000000000	18.5488125034967
0.946350000000000	7.73624679764830
0.946400000000000	18.5865213899716
0.946450000000000	0.645958070621468
0.946500000000000	-21.2472343702785
0.946550000000000	-33.7430185139636
0.946600000000000	1.22923988149324
0.946650000000000	17.0589110394818
0.946700000000000	31.0946428821285
0.946750000000000	43.4872062028210
0.946800000000000	-34.6113292004384
0.946850000000000	19.0889894447584
0.946900000000000	15.3163559658806
0.946950000000000	32.2613648631433
0.947000000000000	-6.24463706049977
0.947050000000000	-17.0999708087862
0.947100000000000	3.47653829119139
0.947150000000000	-7.46113090642380
0.947200000000000	-3.91322715197727
0.947250000000000	-1.82954261291214
0.947300000000000	1.26898852111436
0.947350000000000	-37.3749991026604
0.947400000000000	19.9948562271691
0.947450000000000	28.5633482548819
0.947500000000000	34.8154162367454
0.947550000000000	29.3875840977997
0.947600000000000	53.5801079955894
0.947650000000000	55.4255603501292
0.947700000000000	68.5269709190854
0.947750000000000	-4.11507084996812
0.947800000000000	-9.56041722840647
0.947850000000000	-71.8318643454702
0.947900000000000	28.1164854784699
0.947950000000000	-0.0366886720005333
0.948000000000000	29.8351638240438
0.948050000000000	18.9727023578198
0.948100000000000	68.2912703124300
0.948150000000000	46.1865856901566
0.948200000000000	0.0615517517320168
0.948250000000000	41.3920648314667
0.948300000000000	55.3560608970265
0.948350000000000	3.38974131461296
0.948400000000000	27.8405996159605
0.948450000000000	26.4122057411532
0.948500000000000	17.2522883213769
0.948550000000000	13.2086983040255
0.948600000000000	80.3440101111311
0.948650000000000	2.58595131895614
0.948700000000000	31.8942085215228
0.948750000000000	29.4820178635388
0.948800000000000	-28.6435800085193
0.948850000000000	40.3410655034404
0.948900000000000	26.2215680204137
0.948950000000000	49.3404823523363
0.949000000000000	43.6881684200887
0.949050000000000	-3.48014764944068
0.949100000000000	28.4206296519176
0.949150000000000	32.7576590678611
0.949200000000000	-19.4182891985186
0.949250000000000	-39.6295588022685
0.949300000000000	61.1156562233431
0.949350000000000	-17.6515600671769
0.949400000000000	3.72930294993859
0.949450000000000	35.1588002251446
0.949500000000000	7.81842947958083
0.949550000000000	5.45406510872069
0.949600000000000	13.2146140464503
0.949650000000000	-18.0976754283642
0.949700000000000	-10.2528131576790
0.949750000000000	-1.29466679641747
0.949800000000000	45.7242230689515
0.949850000000000	-24.2880937213024
0.949900000000000	21.9882063102260
0.949950000000000	-9.43721194198039
0.950000000000000	40.5400061944142
0.950050000000000	-25.9967205693634
0.950100000000000	15.2748334034896
0.950150000000000	-10.2969807496021
0.950200000000000	12.8125566156169
0.950250000000000	-29.7024768559712
0.950300000000000	13.9957781403400
0.950350000000000	-13.2983877341851
0.950400000000000	-26.5963087557062
0.950450000000000	8.46984046481441
0.950500000000000	-38.2701795721850
0.950550000000000	-78.9651345614056
0.950600000000000	-31.6972849283470
0.950650000000000	-23.1390003987386
0.950700000000000	-34.4789955515145
0.950750000000000	-11.6686906642042
0.950800000000000	-15.6013522849820
0.950850000000000	16.3890580902849
0.950900000000000	12.9907619477223
0.950950000000000	-34.8824409015395
0.951000000000000	-15.0148897616200
0.951050000000000	-31.0187324068447
0.951100000000000	-42.5819295976144
0.951150000000000	-16.4287716713340
0.951200000000000	34.4536865678244
0.951250000000000	-17.9861682146152
0.951300000000000	33.3209115053884
0.951350000000000	45.2159899062833
0.951400000000000	-7.77090682450961
0.951450000000000	-5.36032144755025
0.951500000000000	-62.7453274053434
0.951550000000000	-32.1290826277860
0.951600000000000	47.0233734279723
0.951650000000000	84.8754956750810
0.951700000000000	17.5988376571986
0.951750000000000	57.9763375198186
0.951800000000000	27.0307840882800
0.951850000000000	57.9878365819799
0.951900000000000	38.0757176105084
0.951950000000000	13.5128077210571
0.952000000000000	17.6663981065712
0.952050000000000	11.3039051505597
0.952100000000000	33.5940991237842
0.952150000000000	47.7330893048306
0.952200000000000	32.1555815341003
0.952250000000000	97.4269790173993
0.952300000000000	78.6359317887036
0.952350000000000	80.3045400542331
0.952400000000000	3.21713604582525
0.952450000000000	27.9073900304432
0.952500000000000	2.45618256271349
0.952550000000000	16.3421001778628
0.952600000000000	79.4827517744758
0.952650000000000	22.3380385177163
0.952700000000000	59.7664264184756
0.952750000000000	1.56272705441853
0.952800000000000	40.2250769254304
0.952850000000000	72.2972383088466
0.952900000000000	53.9342659582798
0.952950000000000	-17.7857017719839
0.953000000000000	56.1259696045836
0.953050000000000	81.7758643130350
0.953100000000000	-13.8961435259892
0.953150000000000	-30.1756870411445
0.953200000000000	2.90770903396643
0.953250000000000	102.369234794566
0.953300000000000	-15.9484467211119
0.953350000000000	-29.5458539489267
0.953400000000000	10.7685241487236
0.953450000000000	6.89104143865145
0.953500000000000	13.0064421171982
0.953550000000000	44.0837093389779
0.953600000000000	-6.71182684572083
0.953650000000000	30.7445456622873
0.953700000000000	47.5825818746456
0.953750000000000	-37.7396565671411
0.953800000000000	11.3569593355723
0.953850000000000	-25.6087982560050
0.953900000000000	-4.26600121349055
0.953950000000000	56.2969903114616
0.954000000000000	0.102755550829102
0.954050000000000	-14.0549635674665
0.954100000000000	31.3433317047827
0.954150000000000	-25.5133233157292
0.954200000000000	-63.8412356129440
0.954250000000000	14.7460076592974
0.954300000000000	7.79241017080022
0.954350000000000	5.86456792455723
0.954400000000000	7.41427707181507
0.954450000000000	-14.1866954278662
0.954500000000000	-41.1276984137686
0.954550000000000	-12.1888749414959
0.954600000000000	11.7141659875370
0.954650000000000	-13.6873659159384
0.954700000000000	11.6104773096941
0.954750000000000	11.3578688809125
0.954800000000000	-45.0371686226171
0.954850000000000	-10.4401759750614
0.954900000000000	6.48659682121577
0.954950000000000	-61.4799226073228
0.955000000000000	28.2238681162344
0.955050000000000	-36.4746680254448
0.955100000000000	-4.34871008277034
0.955150000000000	16.6041052201266
0.955200000000000	46.6764285595246
0.955250000000000	-47.6311486205116
0.955300000000000	32.8524975802952
0.955350000000000	-4.34350409871612
0.955400000000000	-16.7784085015023
0.955450000000000	4.11661566506173
0.955500000000000	-39.4086971734129
0.955550000000000	-3.26178336784041
0.955600000000000	50.5522714234954
0.955650000000000	40.7352161838358
0.955700000000000	0.477658590048069
0.955750000000000	-52.7926044703636
0.955800000000000	-31.6034604533227
0.955850000000000	73.5298613172598
0.955900000000000	10.9506303529906
0.955950000000000	29.7612154684207
0.956000000000000	-25.8002970721989
0.956050000000000	39.6343191989475
0.956100000000000	24.4451070431327
0.956150000000000	-2.92099151337891
0.956200000000000	49.4032370645822
0.956250000000000	14.0352670404201
0.956300000000000	8.16773448255353
0.956350000000000	-27.3767056762442
0.956400000000000	-24.1400083392257
0.956450000000000	48.4523875219894
0.956500000000000	69.7494092832467
0.956550000000000	56.9664255932851
0.956600000000000	-14.6856096685165
0.956650000000000	65.8847485415793
0.956700000000000	43.2177490853562
0.956750000000000	39.1449315609613
0.956800000000000	41.5024611334760
0.956850000000000	84.1883609818445
0.956900000000000	51.1286942045500
0.956950000000000	33.5569163320004
0.957000000000000	67.4068174553474
0.957050000000000	47.4944686687558
0.957100000000000	41.3632405731718
0.957150000000000	25.1453296889142
0.957200000000000	22.2761195033021
0.957250000000000	-12.7368594789263
0.957300000000000	14.3275393062820
0.957350000000000	14.8942533067091
0.957400000000000	4.05885483861004
0.957450000000000	-39.4128662633514
0.957500000000000	-17.7906278265054
0.957550000000000	21.6053731954886
0.957600000000000	3.13309071244551
0.957650000000000	105.028611761076
0.957700000000000	47.1766371034042
0.957750000000000	2.80207485157858
0.957800000000000	-13.8459935174178
0.957850000000000	-26.7656710281950
0.957900000000000	2.19102846283921
0.957950000000000	-0.747351130279512
0.958000000000000	77.0358857328745
0.958050000000000	58.9232680132910
0.958100000000000	72.2431368041534
0.958150000000000	7.83934358359948
0.958200000000000	62.3279162254417
0.958250000000000	-47.5203543905741
0.958300000000000	24.2439306537781
0.958350000000000	-3.08646812084201
0.958400000000000	5.53182113675361
0.958450000000000	18.7305991465244
0.958500000000000	4.78537386642851
0.958550000000000	-9.50083061541314
0.958600000000000	-5.45438778773154
0.958650000000000	19.9596724862279
0.958700000000000	-27.8063724008170
0.958750000000000	-29.9283409746332
0.958800000000000	52.4673625208865
0.958850000000000	65.2566344848359
0.958900000000000	36.7302962977482
0.958950000000000	36.3158680753731
0.959000000000000	66.7566311990844
0.959050000000000	3.33016414699023
0.959100000000000	-86.0109212316911
0.959150000000000	6.23381312722457
0.959200000000000	-44.9857652923814
0.959250000000000	-41.8090113640707
0.959300000000000	-26.9274193283679
0.959350000000000	20.5120238560309
0.959400000000000	50.5156638474403
0.959450000000000	34.6483453210412
0.959500000000000	7.58277601717746
0.959550000000000	16.6876880950831
0.959600000000000	-9.11828858760130
0.959650000000000	68.7243224546043
0.959700000000000	2.22798123903993
0.959750000000000	41.6535244038829
0.959800000000000	-4.98923774444346
0.959850000000000	19.6989565169771
0.959900000000000	64.0048277583317
0.959950000000000	62.4706712286860
0.960000000000000	-59.9791323604680
0.960050000000000	57.4331279544741
0.960100000000000	-7.95098641670852
0.960150000000000	96.6936185366216
0.960200000000000	-60.1044523756898
0.960250000000000	5.05708770807128
0.960300000000000	63.3262174345904
0.960350000000000	51.7708010985484
0.960400000000000	65.5399434516148
0.960450000000000	21.7723465283182
0.960500000000000	36.2556304105260
0.960550000000000	2.62812067882005
0.960600000000000	29.5693479853488
0.960650000000000	38.9971505476215
0.960700000000000	23.6936883919901
0.960750000000000	4.69365751921541
0.960800000000000	-2.66510921281060
0.960850000000000	52.9874800018254
0.960900000000000	82.6518206744359
0.960950000000000	34.1959439374727
0.961000000000000	52.9170509514965
0.961050000000000	34.7308654483704
0.961100000000000	48.1013590063933
0.961150000000000	36.2151731332415
0.961200000000000	7.32013891759394
0.961250000000000	3.76258170244381
0.961300000000000	-16.3263726828470
0.961350000000000	21.5212987865875
0.961400000000000	-28.9040933657572
0.961450000000000	23.3606192836436
0.961500000000000	-59.1902487797570
0.961550000000000	46.3449960063895
0.961600000000000	-9.97443217517172
0.961650000000000	-6.06053150237804
0.961700000000000	-39.4321256661479
0.961750000000000	31.0967581499004
0.961800000000000	72.7750629016950
0.961850000000000	20.2304286178165
0.961900000000000	6.51105568913512
0.961950000000000	39.1614619337609
0.962000000000000	-32.2179044022673
0.962050000000000	7.77059839561580
0.962100000000000	14.9183725643725
0.962150000000000	-15.7414817121586
0.962200000000000	32.6890633156210
0.962250000000000	-21.2647585816438
0.962300000000000	-15.2305463387871
0.962350000000000	9.25352956387591
0.962400000000000	40.1586043713863
0.962450000000000	-5.53493071568883
0.962500000000000	48.8028017914495
0.962550000000000	24.2144903544576
0.962600000000000	14.4495479079383
0.962650000000000	8.51919328147693
0.962700000000000	14.4283651852114
0.962750000000000	62.7974766283420
0.962800000000000	71.5590611184489
0.962850000000000	3.81129762446443
0.962900000000000	61.0999615155741
0.962950000000000	-67.6467546039907
0.963000000000000	62.9558057369735
0.963050000000000	3.02517997049400
0.963100000000000	-20.8382144921074
0.963150000000000	7.52263085373494
0.963200000000000	-38.1341205899194
0.963250000000000	5.79659370083457
0.963300000000000	7.39298872984181
0.963350000000000	36.2619721387784
0.963400000000000	-34.5570588912664
0.963450000000000	8.61457904378586
0.963500000000000	30.1138444442866
0.963550000000000	-11.7432858090174
0.963600000000000	-3.92841464405782
0.963650000000000	14.4341211311604
0.963700000000000	-32.7729231545092
0.963750000000000	41.0800514961468
0.963800000000000	-10.6837023753051
0.963850000000000	54.2627326594749
0.963900000000000	34.7556681862328
0.963950000000000	44.0308101976128
0.964000000000000	41.8443416540715
0.964050000000000	42.7934854572959
0.964100000000000	22.0550001326999
0.964150000000000	33.0148849368484
0.964200000000000	42.5810230698102
0.964250000000000	-3.06295694738943
0.964300000000000	34.9933741660339
0.964350000000000	5.68838580489682
0.964400000000000	101.629102936600
0.964450000000000	1.95168963085066
0.964500000000000	26.9168968786718
0.964550000000000	80.0011995560915
0.964600000000000	71.4806179938490
0.964650000000000	50.0365483981667
0.964700000000000	80.9152966613303
0.964750000000000	62.6978519130382
0.964800000000000	1.53880128472507
0.964850000000000	91.9858171438662
0.964900000000000	47.5007062287619
0.964950000000000	22.2933490666156
0.965000000000000	50.5284735096707
0.965050000000000	33.7329886922579
0.965100000000000	10.6115314134878
0.965150000000000	-8.94777651093103
0.965200000000000	28.3483625397052
0.965250000000000	3.12122339560379
0.965300000000000	30.1727059876372
0.965350000000000	92.2119754671644
0.965400000000000	22.0878347551098
0.965450000000000	21.9470497892247
0.965500000000000	-2.79804036836966
0.965550000000000	30.9074093838662
0.965600000000000	43.8806049669631
0.965650000000000	-1.29035052487763
0.965700000000000	7.46577536573009
0.965750000000000	-33.1146540323881
0.965800000000000	9.06576544653218
0.965850000000000	-18.0308348961347
0.965900000000000	40.2792772022218
0.965950000000000	-44.6634422618857
0.966000000000000	-17.6299258505766
0.966050000000000	7.52453113442408
0.966100000000000	-45.8975858944474
0.966150000000000	-40.3266590284559
0.966200000000000	3.89709500485576
0.966250000000000	1.22721100928008
0.966300000000000	-9.89803389080471
0.966350000000000	-16.0032623222511
0.966400000000000	45.4040678461933
0.966450000000000	40.1391954455382
0.966500000000000	-52.2200727844237
0.966550000000000	30.1598078130505
0.966600000000000	-33.5263726830466
0.966650000000000	42.4710512377916
0.966700000000000	46.3083464626034
0.966750000000000	-54.9145910030344
0.966800000000000	43.8350816465526
0.966850000000000	62.0403233286613
0.966900000000000	9.07515171799515
0.966950000000000	-5.32492103946166
0.967000000000000	-35.3235699115174
0.967050000000000	25.1801782086124
0.967100000000000	3.47377045332491
0.967150000000000	-26.1854512431655
0.967200000000000	-18.3996096984775
0.967250000000000	54.0473900484333
0.967300000000000	0.0645220840900080
0.967350000000000	-2.08037503306417
0.967400000000000	-7.77999069836994
0.967450000000000	23.7203395410570
0.967500000000000	-32.6486391486806
0.967550000000000	65.1745464401377
0.967600000000000	7.70989288402285
0.967650000000000	7.58692742870187
0.967700000000000	-3.76549757446284
0.967750000000000	50.9106577581892
0.967800000000000	54.2850815610276
0.967850000000000	-11.0081272767183
0.967900000000000	23.4566403847205
0.967950000000000	57.3185251166514
0.968000000000000	40.7929091487445
0.968050000000000	0.735621704384672
0.968100000000000	31.9898064795961
0.968150000000000	25.3108986542372
0.968200000000000	7.94650717364379
0.968250000000000	73.0465646042179
0.968300000000000	26.2178728379837
0.968350000000000	10.7789270443771
0.968400000000000	57.3804433828930
0.968450000000000	52.9071077633517
0.968500000000000	43.3598491983959
0.968550000000000	87.0256553138870
0.968600000000000	4.22826787699306
0.968650000000000	21.6490466522922
0.968700000000000	46.7957180011922
0.968750000000000	85.2063573319414
0.968800000000000	47.1739889891056
0.968850000000000	29.9174550162964
0.968900000000000	53.0920085021579
0.968950000000000	11.0059965547028
0.969000000000000	19.7794251473608
0.969050000000000	36.7483302145543
0.969100000000000	59.4446060969037
0.969150000000000	40.3414856155667
0.969200000000000	34.3177188632679
0.969250000000000	3.58499680434586
0.969300000000000	-15.9727974050246
0.969350000000000	25.3585161068830
0.969400000000000	31.1954421694002
0.969450000000000	15.1674972500876
0.969500000000000	-13.8956448430665
0.969550000000000	36.8567853844508
0.969600000000000	6.31669319040386
0.969650000000000	-6.20518123819860
0.969700000000000	-6.41116351632061
0.969750000000000	27.6622904491479
0.969800000000000	31.4537520294163
0.969850000000000	3.53313252554726
0.969900000000000	76.0253929722723
0.969950000000000	9.67031548486766
0.970000000000000	-30.2529741486777
0.970050000000000	-34.7763300909368
0.970100000000000	16.0831539499678
0.970150000000000	-30.8226770722976
0.970200000000000	-19.0932300234698
0.970250000000000	-17.8679003005896
0.970300000000000	-36.1790430320595
0.970350000000000	6.36356810735774
0.970400000000000	33.5098615531394
0.970450000000000	21.5654319643838
0.970500000000000	-16.5950115804840
0.970550000000000	4.92388564170272
0.970600000000000	-37.7384611519520
0.970650000000000	17.2417105147112
0.970700000000000	-12.0515193348858
0.970750000000000	36.0360138973529
0.970800000000000	-8.02568501274548
0.970850000000000	16.1578959161548
0.970900000000000	-41.3013955355928
0.970950000000000	1.25295220617002
0.971000000000000	86.0195900486693
0.971050000000000	-41.1696688636604
0.971100000000000	-41.9674270987530
0.971150000000000	-32.0451512676633
0.971200000000000	-63.2916651511688
0.971250000000000	11.4044994481461
0.971300000000000	33.6007126785817
0.971350000000000	40.3740272505592
0.971400000000000	36.3051636501374
0.971450000000000	3.31426500550618
0.971500000000000	40.3781730797963
0.971550000000000	49.9091661744310
0.971600000000000	91.5521654921727
0.971650000000000	16.5177569715536
0.971700000000000	11.9351365895342
0.971750000000000	62.2055747968442
0.971800000000000	-13.4182988970191
0.971850000000000	52.6070270021562
0.971900000000000	61.9896770593743
0.971950000000000	28.8994831746513
0.972000000000000	-9.78977427397808
0.972050000000000	31.6902321465285
0.972100000000000	19.8556755487349
0.972150000000000	27.6033424202908
0.972200000000000	54.4194169453377
0.972250000000000	64.4095949849108
0.972300000000000	37.6332344461678
0.972350000000000	-36.6097257489089
0.972400000000000	38.4746261346756
0.972450000000000	55.4400743799763
0.972500000000000	-13.0575052955387
0.972550000000000	63.1641811701028
0.972600000000000	58.4396316868388
0.972650000000000	20.8056348858969
0.972700000000000	16.8488914679366
0.972750000000000	40.9281762123894
0.972800000000000	52.4076780503952
0.972850000000000	85.0836786995477
0.972900000000000	25.3605724654949
0.972950000000000	69.0935239428478
0.973000000000000	0.125354306957735
0.973050000000000	118.338457281589
0.973100000000000	84.5298991542361
0.973150000000000	30.9598640579194
0.973200000000000	-44.4134358153587
0.973250000000000	66.2616066908017
0.973300000000000	39.6980098934444
0.973350000000000	-29.1500270520920
0.973400000000000	13.1991085294968
0.973450000000000	35.9107096658309
0.973500000000000	-34.7501905734862
0.973550000000000	-17.9150922850745
0.973600000000000	23.6660265295812
0.973650000000000	32.6950570507812
0.973700000000000	74.3975524283026
0.973750000000000	95.9099189244662
0.973800000000000	32.6061442317159
0.973850000000000	21.6354240565014
0.973900000000000	29.1381319544734
0.973950000000000	5.96186078150473
0.974000000000000	21.0585314468412
0.974050000000000	61.2937818850634
0.974100000000000	9.56962432408993
0.974150000000000	-42.5348854119452
0.974200000000000	26.0760339007537
0.974250000000000	-44.3512334090543
0.974300000000000	-24.5812198656148
0.974350000000000	-45.2798476055138
0.974400000000000	-32.1043420240622
0.974450000000000	-11.4776041155743
0.974500000000000	-0.733227844071683
0.974550000000000	0.705121145467640
0.974600000000000	-22.6102579167496
0.974650000000000	-26.6624020114129
0.974700000000000	29.7418265213790
0.974750000000000	-26.6444321083090
0.974800000000000	38.9164331438309
0.974850000000000	-39.2465539810421
0.974900000000000	15.5289356595579
0.974950000000000	28.4319068516871
0.975000000000000	23.8259096771752
0.975050000000000	43.7882530981008
0.975100000000000	-29.6292507675821
0.975150000000000	-4.23063318484284
0.975200000000000	19.0813852722757
0.975250000000000	-19.5161292184214
0.975300000000000	89.6410798472622
0.975350000000000	25.2270113174099
0.975400000000000	27.7229100437869
0.975450000000000	42.6966632433206
0.975500000000000	4.67582495110578
0.975550000000000	36.0410005317990
0.975600000000000	10.4962527907807
0.975650000000000	15.0654696606910
0.975700000000000	-20.6093415918987
0.975750000000000	41.1021660908114
0.975800000000000	-10.1657490449655
0.975850000000000	-18.9408191278135
0.975900000000000	-19.0160452904419
0.975950000000000	72.1431619654173
0.976000000000000	32.4082452151550
0.976050000000000	-5.27972250406506
0.976100000000000	41.9239054019932
0.976150000000000	68.5013539446031
0.976200000000000	28.5177955219536
0.976250000000000	23.4135428984039
0.976300000000000	15.9954085552953
0.976350000000000	42.3539998979234
0.976400000000000	24.8554760225005
0.976450000000000	51.2289126769956
0.976500000000000	62.2507574064275
0.976550000000000	-16.8828639416660
0.976600000000000	-25.2034362443791
0.976650000000000	34.3353174483220
0.976700000000000	67.9144024941014
0.976750000000000	-3.29774818802936
0.976800000000000	60.3042505730104
0.976850000000000	78.3618277207917
0.976900000000000	57.4774084511607
0.976950000000000	26.1870243289653
0.977000000000000	80.6767462157165
0.977050000000000	80.6738108125600
0.977100000000000	61.3973013134562
0.977150000000000	-25.5831284001180
0.977200000000000	13.3659012443824
0.977250000000000	92.6494975776937
0.977300000000000	51.2227599205470
0.977350000000000	48.4070833778569
0.977400000000000	61.6282337711630
0.977450000000000	34.3861601699243
0.977500000000000	14.8345848864048
0.977550000000000	8.29443277763726
0.977600000000000	19.2250133966665
0.977650000000000	39.4170056032246
0.977700000000000	19.1914339162926
0.977750000000000	33.1855708742613
0.977800000000000	48.2687155855932
0.977850000000000	34.8972845811123
0.977900000000000	0.696711220733874
0.977950000000000	4.60305770269505
0.978000000000000	21.0539557827144
0.978050000000000	10.7787070559406
0.978100000000000	55.9621441839252
0.978150000000000	-24.2668872349444
0.978200000000000	16.5894889628925
0.978250000000000	-28.6978854841079
0.978300000000000	40.2871635378158
0.978350000000000	-11.7948234062797
0.978400000000000	-16.3934546137039
0.978450000000000	14.7534801603776
0.978500000000000	42.7300366243911
0.978550000000000	-11.0308695790863
0.978600000000000	56.7784693502866
0.978650000000000	-71.8660301079072
0.978700000000000	9.32724882017157
0.978750000000000	11.7380464354936
0.978800000000000	3.38472852883435
0.978850000000000	11.7634560849270
0.978900000000000	-28.9456636297472
0.978950000000000	-66.8153334286330
0.979000000000000	32.4923663601301
0.979050000000000	-21.6336373665795
0.979100000000000	-26.2328260839816
0.979150000000000	40.9837288289715
0.979200000000000	-29.5753319367946
0.979250000000000	26.7246550570287
0.979300000000000	60.2102053674759
0.979350000000000	8.66738396011275
0.979400000000000	16.6476710594644
0.979450000000000	31.9164338488999
0.979500000000000	14.3698684608317
0.979550000000000	-23.0722521219731
0.979600000000000	64.4956546588073
0.979650000000000	3.70604173989024
0.979700000000000	-13.2601781149141
0.979750000000000	26.2002528247093
0.979800000000000	45.0382211984004
0.979850000000000	36.8638845016605
0.979900000000000	-15.2563853275770
0.979950000000000	30.0144046931229
0.980000000000000	56.6675155261382
0.980050000000000	27.7294733696424
0.980100000000000	44.5525453231485
0.980150000000000	45.1162543987606
0.980200000000000	76.8950617906421
0.980250000000000	42.4894046483323
0.980300000000000	22.4406793865917
0.980350000000000	2.29945298933929
0.980400000000000	28.9220280305866
0.980450000000000	-29.7849214572742
0.980500000000000	48.8866879509734
0.980550000000000	21.8272717815889
0.980600000000000	8.57860638249748
0.980650000000000	-50.3397492877849
0.980700000000000	-15.2205779923063
0.980750000000000	16.3052064955020
0.980800000000000	-8.37049354009070
0.980850000000000	63.0136798706492
0.980900000000000	15.8904000602305
0.980950000000000	-28.4170018292019
0.981000000000000	64.8216484429293
0.981050000000000	41.7970572899053
0.981100000000000	21.2729774392882
0.981150000000000	-42.9111599969873
0.981200000000000	14.1976706612502
0.981250000000000	7.11508241233745
0.981300000000000	39.7499969658873
0.981350000000000	-2.53492749892438
0.981400000000000	35.4691740411030
0.981450000000000	5.03195696673138
0.981500000000000	-12.7431560363209
0.981550000000000	18.2517081443788
0.981600000000000	19.1128431532587
0.981650000000000	-38.9260040605874
0.981700000000000	-9.21873929925352
0.981750000000000	-20.7570614882253
0.981800000000000	1.50619488495001
0.981850000000000	41.1718228187081
0.981900000000000	-3.42640028937887
0.981950000000000	10.6077079019924
0.982000000000000	4.83895315311611
0.982050000000000	6.95081314943506
0.982100000000000	27.5111132503702
0.982150000000000	16.7803099775450
0.982200000000000	15.0325617653398
0.982250000000000	-37.7455242613898
0.982300000000000	-4.60848864884975
0.982350000000000	18.4724954102387
0.982400000000000	-81.9005469535569
0.982450000000000	-37.7410684882603
0.982500000000000	-69.4718032818705
0.982550000000000	4.85141915002932
0.982600000000000	-55.4375534504421
0.982650000000000	-62.3025026656995
0.982700000000000	0.571512035757113
0.982750000000000	25.6412790595559
0.982800000000000	-2.92390586304885
0.982850000000000	-30.0146806340418
0.982900000000000	-18.9405338366388
0.982950000000000	-73.1673657637364
0.983000000000000	-14.6055087581555
0.983050000000000	-15.4530367217436
0.983100000000000	61.1093377215563
0.983150000000000	-10.8369372023265
0.983200000000000	-11.7641742517087
0.983250000000000	53.0438041755869
0.983300000000000	0.00658054491519522
0.983350000000000	-39.8671127613549
0.983400000000000	-29.1539940310442
0.983450000000000	25.4281733487159
0.983500000000000	47.0425018553255
0.983550000000000	12.2032201517796
0.983600000000000	-7.62939736365816
0.983650000000000	49.4459446099704
0.983700000000000	9.92896521285111
0.983750000000000	-11.0714173257339
0.983800000000000	93.4269774423800
0.983850000000000	41.0148989418033
0.983900000000000	-2.60938202453994
0.983950000000000	9.23212048889150
0.984000000000000	10.6179629242978
0.984050000000000	47.4550532672385
0.984100000000000	2.65065937195062
0.984150000000000	-75.6266971749000
0.984200000000000	52.3090851977634
0.984250000000000	-0.151869475221403
0.984300000000000	40.2605245381119
0.984350000000000	54.9369896210159
0.984400000000000	24.2775639128185
0.984450000000000	-30.3357036020643
0.984500000000000	40.1738562379022
0.984550000000000	32.8374252063109
0.984600000000000	44.2042501696232
0.984650000000000	52.8474432475081
0.984700000000000	4.21642105187971
0.984750000000000	40.3175906821692
0.984800000000000	21.5842176472821
0.984850000000000	40.3009240691516
0.984900000000000	-0.349086313752014
0.984950000000000	35.3376162351874
0.985000000000000	40.3862113677288
0.985050000000000	17.6096383991982
0.985100000000000	44.8508285545166
0.985150000000000	49.1015564305806
0.985200000000000	-7.81151126188338
0.985250000000000	22.9991416364793
0.985300000000000	29.1421147439570
0.985350000000000	10.7291418998794
0.985400000000000	73.4333630481195
0.985450000000000	25.1097487610823
0.985500000000000	61.1786453506192
0.985550000000000	9.00287805529155
0.985600000000000	14.2081249918695
0.985650000000000	27.2790654242833
0.985700000000000	-8.35320763436602
0.985750000000000	9.51775125431698
0.985800000000000	44.0598084762357
0.985850000000000	30.0152764637503
0.985900000000000	8.69457383513846
0.985950000000000	33.6825062218663
0.986000000000000	-19.9061724574318
0.986050000000000	40.3838121821617
0.986100000000000	-40.3455827274330
0.986150000000000	3.07522599404863
0.986200000000000	-44.9611608670168
0.986250000000000	29.1910913545127
0.986300000000000	-21.2289451053411
0.986350000000000	-9.72967595637422
0.986400000000000	34.9485689695132
0.986450000000000	-26.6768387019787
0.986500000000000	1.34714168708021
0.986550000000000	-18.3336910263007
0.986600000000000	36.3454002020858
0.986650000000000	10.2002657947719
0.986700000000000	14.0895067136148
0.986750000000000	-0.165305110455980
0.986800000000000	6.46697403294148
0.986850000000000	-37.1354849429943
0.986900000000000	56.8990001483822
0.986950000000000	-54.1443976371933
0.987000000000000	25.2947070765787
0.987050000000000	45.1635143398297
0.987100000000000	-42.9945449892930
0.987150000000000	-13.0969531823515
0.987200000000000	-6.33726289464504
0.987250000000000	-59.0935902575895
0.987300000000000	1.38292242405949
0.987350000000000	10.4633701985246
0.987400000000000	31.0435261026312
0.987450000000000	-21.0120081721676
0.987500000000000	9.50867446584225
0.987550000000000	-4.81403782296633
0.987600000000000	-20.7184024184745
0.987650000000000	17.9360515442374
0.987700000000000	52.4349750228252
0.987750000000000	-18.4040507365528
0.987800000000000	34.5136302345245
0.987850000000000	91.8386095932887
0.987900000000000	-33.4258912065936
0.987950000000000	7.42957575002231
0.988000000000000	113.962652070691
0.988050000000000	41.5749059132420
0.988100000000000	-10.0383042197996
0.988150000000000	63.3932858341277
0.988200000000000	-26.5342636010794
0.988250000000000	20.4047135370885
0.988300000000000	43.7080500392248
0.988350000000000	68.1266266933869
0.988400000000000	76.4116064124175
0.988450000000000	-8.91952087210638
0.988500000000000	25.1364609820146
0.988550000000000	58.7033012900978
0.988600000000000	84.8023758505160
0.988650000000000	19.3159384076894
0.988700000000000	4.78756089417206
0.988750000000000	26.8676936321946
0.988800000000000	62.1309870983226
0.988850000000000	49.6956289641433
0.988900000000000	94.4947554403001
0.988950000000000	-5.30962888193125
0.989000000000000	-33.0592723193434
0.989050000000000	49.2020808960749
0.989100000000000	20.2914027046225
0.989150000000000	76.6922873319037
0.989200000000000	16.9623234157934
0.989250000000000	49.2722915732246
0.989300000000000	19.3639380296107
0.989350000000000	-30.4002699406079
0.989400000000000	31.7906689847682
0.989450000000000	41.4771660850729
0.989500000000000	17.3795382212836
0.989550000000000	-23.6671047958155
0.989600000000000	-20.0657830452425
0.989650000000000	113.872920325157
0.989700000000000	37.1005999847074
0.989750000000000	44.9844428826289
0.989800000000000	61.9958863133757
0.989850000000000	-0.127683126834445
0.989900000000000	-26.5533068635840
0.989950000000000	54.6606763726888
0.990000000000000	-44.2318719196304
0.990050000000000	24.6724965048810
0.990100000000000	35.9901150563943
0.990150000000000	16.7875080602574
0.990200000000000	-5.13188454994377
0.990250000000000	38.0998817142428
0.990300000000000	-2.78024808567178
0.990350000000000	-73.3146253434880
0.990400000000000	-38.6273959294458
0.990450000000000	21.5757056802346
0.990500000000000	-48.8227761650955
0.990550000000000	6.64555896108035
0.990600000000000	-35.5603350140973
0.990650000000000	43.5033094339153
0.990700000000000	-40.0952182037703
0.990750000000000	-3.71532650708090
0.990800000000000	-33.3239736560049
0.990850000000000	5.14037457356652
0.990900000000000	-2.71095584673613
0.990950000000000	18.8248036294688
0.991000000000000	-12.9778708467965
0.991050000000000	2.61481419884607
0.991100000000000	-33.1764613627509
0.991150000000000	1.23411521993292
0.991200000000000	-18.4462639901824
0.991250000000000	-2.67187543720972
0.991300000000000	13.2036070941415
0.991350000000000	-33.1878055672236
0.991400000000000	-8.46360665546288
0.991450000000000	5.45782649348333
0.991500000000000	17.8633685413003
0.991550000000000	21.9268132142193
0.991600000000000	-11.0408808151085
0.991650000000000	25.0412452859929
0.991700000000000	27.5123356762598
0.991750000000000	21.9461703060147
0.991800000000000	-4.49591835661288
0.991850000000000	27.9612696926127
0.991900000000000	64.0409395147544
0.991950000000000	64.4384377378103
0.992000000000000	72.1573232600875
0.992050000000000	60.7292792942133
0.992100000000000	63.5278396801514
0.992150000000000	8.63317864474044
0.992200000000000	37.6033683384621
0.992250000000000	21.2893515742497
0.992300000000000	78.7940581914227
0.992350000000000	14.2965155395836
0.992400000000000	40.9157828242685
0.992450000000000	21.8785025451432
0.992500000000000	68.8023456671147
0.992550000000000	44.2993006328670
0.992600000000000	14.4183839057307
0.992650000000000	-0.270706249454801
0.992700000000000	17.8868852274223
0.992750000000000	25.8328446299678
0.992800000000000	27.0668806740615
0.992850000000000	-1.53096351245554
0.992900000000000	120.950249578416
0.992950000000000	41.1837643667527
0.993000000000000	36.6240791463311
0.993050000000000	18.5540415479322
0.993100000000000	18.8549702395687
0.993150000000000	39.7894187126926
0.993200000000000	19.1256239198411
0.993250000000000	2.13843619361463
0.993300000000000	41.3221143647548
0.993350000000000	46.8514891420220
0.993400000000000	-1.64710354216867
0.993450000000000	6.85856892833433
0.993500000000000	-18.2649615201333
0.993550000000000	-9.34147856632639
0.993600000000000	18.5804498105126
0.993650000000000	-0.918465734258531
0.993700000000000	13.7014665830126
0.993750000000000	8.53580673436233
0.993800000000000	15.5077142191371
0.993850000000000	51.8914338188423
0.993900000000000	13.3200944730287
0.993950000000000	-0.214467415416404
0.994000000000000	15.9490816367934
0.994050000000000	-1.45836732017259
0.994100000000000	-9.68999519374277
0.994150000000000	56.3636513068019
0.994200000000000	2.57503121555212
0.994250000000000	-3.20883468604147
0.994300000000000	27.3703244772979
0.994350000000000	-8.17352607264860
0.994400000000000	1.59940566397901
0.994450000000000	7.44019535696984
0.994500000000000	59.6101825006828
0.994550000000000	-29.8122277750346
0.994600000000000	-5.49688774142166
0.994650000000000	12.8285367854866
0.994700000000000	10.1414109598040
0.994750000000000	13.9205121836227
0.994800000000000	-36.8799284066301
0.994850000000000	99.2586026517594
0.994900000000000	32.3656565088982
0.994950000000000	70.1723711655924
0.995000000000000	18.7240797401412
0.995050000000000	46.8640262082174
0.995100000000000	19.6513579484146
0.995150000000000	30.4598252366192
0.995200000000000	-20.7320979104105
0.995250000000000	17.8250405838423
0.995300000000000	-13.7504804501188
0.995350000000000	36.7329100792487
0.995400000000000	41.7653315794618
0.995450000000000	-4.43698145545241
0.995500000000000	38.5205075251493
0.995550000000000	-43.1123314718255
0.995600000000000	-8.86531340337580
0.995650000000000	15.7455047681370
0.995700000000000	-17.8592437760633
0.995750000000000	71.5614711071401
0.995800000000000	72.8836299348563
0.995850000000000	47.2929715030935
0.995900000000000	72.1475619454780
0.995950000000000	52.1436149957525
0.996000000000000	18.8698050877604
0.996050000000000	7.64869893904480
0.996100000000000	45.8224247404576
0.996150000000000	4.55688784934240
0.996200000000000	122.412365466713
0.996250000000000	63.3704432501450
0.996300000000000	58.7930880693170
0.996350000000000	-17.9513302445965
0.996400000000000	38.7041313260131
0.996450000000000	-1.05407294279436
0.996500000000000	29.0399645795968
0.996550000000000	43.4518362936788
0.996600000000000	-40.6865867104361
0.996650000000000	33.9169889043163
0.996700000000000	7.00364260132145
0.996750000000000	66.5349831733701
0.996800000000000	-23.1594413265489
0.996850000000000	-26.8026672427023
0.996900000000000	15.9357543258574
0.996950000000000	28.6239680591232
0.997000000000000	6.52495880872663
0.997050000000000	62.3007680691443
0.997100000000000	16.3154233564625
0.997150000000000	37.8549166012636
0.997200000000000	31.5209816496247
0.997250000000000	17.4330334610499
0.997300000000000	30.0857950532431
0.997350000000000	55.7852546989905
0.997400000000000	10.3160504738046
0.997450000000000	4.54107882429882
0.997500000000000	35.5739631358101
0.997550000000000	18.9223931547307
0.997600000000000	-11.0258346011511
0.997650000000000	-17.3759450570844
0.997700000000000	3.94990726951997
0.997750000000000	10.3064875423084
0.997800000000000	-22.7054069015196
0.997850000000000	-29.3106318930124
0.997900000000000	-55.8935241498145
0.997950000000000	41.5819050779600
0.998000000000000	24.1454866240672
0.998050000000000	10.9537982764561
0.998100000000000	-46.1297812808218
0.998150000000000	-61.6406615506680
0.998200000000000	-6.12772861981624
0.998250000000000	91.0339385394596
0.998300000000000	34.7047603475207
0.998350000000000	-30.0666904590079
0.998400000000000	20.9922532458924
0.998450000000000	-30.2780345825295
0.998500000000000	37.4926945005024
0.998550000000000	-50.9121167997022
0.998600000000000	20.8811078222203
0.998650000000000	49.0850587000440
0.998700000000000	5.41491209137852
0.998750000000000	-6.58364962975502
0.998800000000000	-14.7191588951970
0.998850000000000	1.26969599565303
0.998900000000000	-31.0459572020091
0.998950000000000	-40.4614486645666
0.999000000000000	1.79454427924370
0.999050000000000	-14.9773127920678
0.999100000000000	-35.0383213943326
0.999150000000000	-29.1802829764493
0.999200000000000	-38.8656147814453
0.999250000000000	10.9852394470889
0.999300000000000	-33.3272537126850
0.999350000000000	52.8375764099496
0.999400000000000	-6.68997982349070
0.999450000000000	-2.78122553215366
0.999500000000000	-61.0303556153791
0.999550000000000	3.74109930123903
0.999600000000000	-1.93603037364783
0.999650000000000	59.2527484521395
0.999700000000000	34.4697619520935
0.999750000000000	-5.41014154319559
0.999800000000000	-81.6008922926315
0.999850000000000	38.2470698349321
0.999900000000000	42.1967631572559
0.999950000000000	-59.5308282109833
1	58.8191458043126