0	27.0637000850671
0.000100000000000000	33.5847887844917
0.000200000000000000	34.2022338197382
0.000300000000000000	49.3023997686722
0.000400000000000000	42.8550908606121
0.000500000000000000	35.2606641681974
0.000600000000000000	31.6191510524796
0.000700000000000000	32.2714020559106
0.000800000000000000	24.5156371824865
0.000900000000000000	24.1226851550349
0.00100000000000000	24.6113060267789
0.00110000000000000	24.4792175678507
0.00120000000000000	30.5076421998133
0.00130000000000000	31.5612620006682
0.00140000000000000	32.9567903758804
0.00150000000000000	28.2086469297245
0.00160000000000000	19.3833579408997
0.00170000000000000	13.2964761579746
0.00180000000000000	1.58983427144848
0.00190000000000000	-2.48784333295556
0.00200000000000000	-8.51979622144270
0.00210000000000000	-8.05826887178334
0.00220000000000000	-2.65823904575949
0.00230000000000000	4.86810561589969
0.00240000000000000	5.87752224136724
0.00250000000000000	6.89229040823552
0.00260000000000000	1.60325506606653
0.00270000000000000	-2.68353616079542
0.00280000000000000	-3.93331701539798
0.00290000000000000	-8.65900797725536
0.00300000000000000	-16.0247445137234
0.00310000000000000	-14.8063500674210
0.00320000000000000	-1.55553382216970
0.00330000000000000	2.96626668415461
0.00340000000000000	11.1961557553765
0.00350000000000000	20.4957234798162
0.00360000000000000	23.9929620803249
0.00370000000000000	26.8028490235619
0.00380000000000000	26.5124722453704
0.00390000000000000	17.1577730936085
0.00400000000000000	19.5963128725527
0.00410000000000000	18.3980860502858
0.00420000000000000	21.4872132596810
0.00430000000000000	25.6884163491194
0.00440000000000000	27.2318874239726
0.00450000000000000	38.3311243188099
0.00460000000000000	39.9720127014838
0.00470000000000000	44.1940116278768
0.00480000000000000	44.0938650131896
0.00490000000000000	41.8163997092923
0.00500000000000000	33.1403855840073
0.00510000000000000	25.0243091495102
0.00520000000000000	13.6145455154015
0.00530000000000000	15.0640583428513
0.00540000000000000	18.0026963093965
0.00550000000000000	9.48677936140097
0.00560000000000000	20.3737914106059
0.00570000000000000	12.9762581535108
0.00580000000000000	19.2667449258000
0.00590000000000000	17.8760449447999
0.00600000000000000	4.79521041561462
0.00610000000000000	4.56016305381260
0.00620000000000000	-5.04690632331414
0.00630000000000000	-8.50130817334116
0.00640000000000000	-12.5249777445627
0.00650000000000000	-14.2977016245612
0.00660000000000000	-7.59991382677699
0.00670000000000000	-2.80368925870719
0.00680000000000000	-3.00681155506574
0.00690000000000000	7.93812386772626
0.00700000000000000	9.11821329904832
0.00710000000000000	7.91096366983451
0.00720000000000000	3.78954022388012
0.00730000000000000	-0.105323883492542
0.00740000000000000	-9.69169177393179
0.00750000000000000	5.19952313964499
0.00760000000000000	2.23999086476774
0.00770000000000000	10.4819384697766
0.00780000000000000	24.2622605938028
0.00790000000000000	28.0942296419266
0.00800000000000000	32.6549322628806
0.00810000000000000	40.3877362139737
0.00820000000000000	36.6434920714621
0.00830000000000000	30.4359544573552
0.00840000000000000	34.7740931192096
0.00850000000000000	24.9851867647379
0.00860000000000000	22.0953127144486
0.00870000000000000	21.6055226858563
0.00880000000000000	28.5198515078124
0.00890000000000000	39.1403749489643
0.00900000000000000	40.1541367148006
0.00910000000000000	36.4653527594172
0.00920000000000000	37.2046784908693
0.00930000000000000	35.2101426711546
0.00940000000000000	29.5039694275936
0.00950000000000000	15.3559706404230
0.00960000000000000	5.35255386135776
0.00970000000000000	3.55270713944295
0.00980000000000000	-2.95673555017628
0.00990000000000000	4.40928887505784
0.0100000000000000	1.49521039419358
0.0101000000000000	5.54694368709119
0.0102000000000000	2.75910549602110
0.0103000000000000	4.99606253631366
0.0104000000000000	4.99569356868411
0.0105000000000000	2.16689598101290
0.0106000000000000	-4.34441526757695
0.0107000000000000	-17.7878827859262
0.0108000000000000	-15.7347171662853
0.0109000000000000	-12.8780608154665
0.0110000000000000	-7.71774131164524
0.0111000000000000	0.428585684430388
0.0112000000000000	8.19426526196099
0.0113000000000000	12.5240080247612
0.0114000000000000	17.3222565062591
0.0115000000000000	16.7564291929565
0.0116000000000000	15.2012697698609
0.0117000000000000	17.6723061868248
0.0118000000000000	8.91854235989953
0.0119000000000000	11.7812780042343
0.0120000000000000	12.3223937623511
0.0121000000000000	24.0105900131939
0.0122000000000000	26.0852605074268
0.0123000000000000	31.6277318813046
0.0124000000000000	38.4887185067571
0.0125000000000000	46.6219139725300
0.0126000000000000	50.2692330220801
0.0127000000000000	37.1585018550163
0.0128000000000000	35.2982981758375
0.0129000000000000	31.5374603425055
0.0130000000000000	25.7214357073600
0.0131000000000000	25.1061139213309
0.0132000000000000	18.9552683449239
0.0133000000000000	26.7990052294917
0.0134000000000000	25.6338842682101
0.0135000000000000	23.1332407094985
0.0136000000000000	25.3470327711964
0.0137000000000000	22.9912323594467
0.0138000000000000	20.3574681085746
0.0139000000000000	8.76052198938372
0.0140000000000000	-1.39183230836951
0.0141000000000000	-4.93434040699937
0.0142000000000000	-12.1682412023327
0.0143000000000000	-13.6662538265711
0.0144000000000000	-7.99369727683254
0.0145000000000000	-4.73109527357309
0.0146000000000000	6.33159934668925
0.0147000000000000	4.94206267026480
0.0148000000000000	1.04195161626607
0.0149000000000000	1.21213641256181
0.0150000000000000	-4.90364916673249
0.0151000000000000	-6.77778616009528
0.0152000000000000	-2.63964166777313
0.0153000000000000	-0.519590442730651
0.0154000000000000	-2.27024854672984
0.0155000000000000	6.78109382935382
0.0156000000000000	18.1577616686842
0.0157000000000000	25.1329687626462
0.0158000000000000	28.6378321905724
0.0159000000000000	35.6751254563587
0.0160000000000000	27.0187532324959
0.0161000000000000	36.5865788371808
0.0162000000000000	24.0339723052320
0.0163000000000000	24.3451902918725
0.0164000000000000	21.1940392360256
0.0165000000000000	23.2722004801497
0.0166000000000000	35.1809653581552
0.0167000000000000	37.3683993487264
0.0168000000000000	42.4044341761056
0.0169000000000000	43.7374160763771
0.0170000000000000	43.6311749166131
0.0171000000000000	41.6143879392139
0.0172000000000000	30.6095198285243
0.0173000000000000	22.4991889112681
0.0174000000000000	17.2988762334081
0.0175000000000000	11.8661326839229
0.0176000000000000	4.11174836313191
0.0177000000000000	8.22232132202780
0.0178000000000000	6.50324296611988
0.0179000000000000	15.6509468831253
0.0180000000000000	20.0562326225166
0.0181000000000000	16.4614177599917
0.0182000000000000	9.08529890367715
0.0183000000000000	-3.77478305362791
0.0184000000000000	-10.1493583350059
0.0185000000000000	-12.4949615133526
0.0186000000000000	-15.5887255339420
0.0187000000000000	-10.8652990203435
0.0188000000000000	-4.69015606160316
0.0189000000000000	-3.00107973885480
0.0190000000000000	4.31014994472953
0.0191000000000000	13.1746666121608
0.0192000000000000	13.7973753371930
0.0193000000000000	6.70144994877374
0.0194000000000000	7.25270963401901
0.0195000000000000	4.78002701736675
0.0196000000000000	1.53140370017913
0.0197000000000000	6.27944869422773
0.0198000000000000	11.5080966102477
0.0199000000000000	22.4133661500396
0.0200000000000000	28.5215875374208
0.0201000000000000	37.8307267496342
0.0202000000000000	37.4853992900797
0.0203000000000000	43.2962911772914
0.0204000000000000	46.3192770354986
0.0205000000000000	35.1710608279057
0.0206000000000000	34.1096866117658
0.0207000000000000	31.2106747367547
0.0208000000000000	21.0133330098899
0.0209000000000000	25.6142404474553
0.0210000000000000	23.3985234630703
0.0211000000000000	28.2738705223030
0.0212000000000000	30.8541254570480
0.0213000000000000	32.5932160017860
0.0214000000000000	31.3409566138647
0.0215000000000000	24.4963875153616
0.0216000000000000	17.4207891818931
0.0217000000000000	12.2144038157863
0.0218000000000000	7.92647070081918
0.0219000000000000	-7.82461000339826
0.0220000000000000	-6.12088326559093
0.0221000000000000	-3.28444528930888
0.0222000000000000	0.272970441614909
0.0223000000000000	5.47959462425714
0.0224000000000000	5.55437018774577
0.0225000000000000	0.0268664828945475
0.0226000000000000	5.38609063492094
0.0227000000000000	1.78080834056487
0.0228000000000000	-7.83331826978879
0.0229000000000000	-11.1115261118552
0.0230000000000000	-13.3911635065438
0.0231000000000000	-10.0657589668337
0.0232000000000000	-7.13934314284154
0.0233000000000000	7.27933656692913
0.0234000000000000	8.07093188425436
0.0235000000000000	17.9641277841073
0.0236000000000000	28.0962011550454
0.0237000000000000	26.7731818612122
0.0238000000000000	23.3389582740240
0.0239000000000000	20.5714549908942
0.0240000000000000	20.7370375198072
0.0241000000000000	21.6587372281259
0.0242000000000000	22.9986595518554
0.0243000000000000	30.7989120589487
0.0244000000000000	28.4394327368167
0.0245000000000000	37.5439195201560
0.0246000000000000	36.5923008821256
0.0247000000000000	46.1864910266334
0.0248000000000000	45.5061597490031
0.0249000000000000	38.5064226978671
0.0250000000000000	25.9918355608793
0.0251000000000000	17.6279850609289
0.0252000000000000	24.1630996477423
0.0253000000000000	11.2830894256146
0.0254000000000000	17.8402061909012
0.0255000000000000	16.0987663823459
0.0256000000000000	18.8601110393476
0.0257000000000000	18.6895785486477
0.0258000000000000	21.6063434397488
0.0259000000000000	15.5429491284490
0.0260000000000000	6.26396034759842
0.0261000000000000	0.827919632806896
0.0262000000000000	-5.77328030194030
0.0263000000000000	-11.6585748808391
0.0264000000000000	-12.1362163437603
0.0265000000000000	-11.0320424677999
0.0266000000000000	-16.1181813249512
0.0267000000000000	-5.04142743096417
0.0268000000000000	2.46550972750788
0.0269000000000000	7.94154329639044
0.0270000000000000	9.63849999590848
0.0271000000000000	7.73087595589818
0.0272000000000000	1.89003753310041
0.0273000000000000	4.80618200487115
0.0274000000000000	-3.46011414173821
0.0275000000000000	-3.82552966651755
0.0276000000000000	7.09325315718311
0.0277000000000000	16.2689817334211
0.0278000000000000	24.8838577624638
0.0279000000000000	31.3947384343441
0.0280000000000000	38.1523420970330
0.0281000000000000	38.2816669701833
0.0282000000000000	41.8539481066918
0.0283000000000000	37.9244098007199
0.0284000000000000	29.8333368896533
0.0285000000000000	28.7287493437320
0.0286000000000000	28.5786387210566
0.0287000000000000	31.2156870342188
0.0288000000000000	29.5894661765790
0.0289000000000000	38.3913299925286
0.0290000000000000	41.4789304708081
0.0291000000000000	42.3676628541267
0.0292000000000000	41.0602007380077
0.0293000000000000	31.6056195998887
0.0294000000000000	26.2022395033759
0.0295000000000000	19.1975409003892
0.0296000000000000	6.84311994121666
0.0297000000000000	-0.882821676980257
0.0298000000000000	3.28828553190503
0.0299000000000000	2.71327193815938
0.0300000000000000	6.08579886990427
0.0301000000000000	7.32151221634562
0.0302000000000000	5.94505509710811
0.0303000000000000	8.95354530954683
0.0304000000000000	6.58987576605224
0.0305000000000000	-1.03008229023425
0.0306000000000000	-8.54085723201116
0.0307000000000000	-12.5113637203041
0.0308000000000000	-14.7993868093736
0.0309000000000000	-16.6346482269810
0.0310000000000000	-6.38042505639442
0.0311000000000000	3.27878425049934
0.0312000000000000	7.65627904553174
0.0313000000000000	11.9486168646767
0.0314000000000000	19.5954075099813
0.0315000000000000	22.2319203194126
0.0316000000000000	18.4780963889365
0.0317000000000000	16.2728880711926
0.0318000000000000	13.7498320236876
0.0319000000000000	11.6352587458202
0.0320000000000000	17.0627999202238
0.0321000000000000	25.9916093601725
0.0322000000000000	29.5259428624124
0.0323000000000000	39.0753077542208
0.0324000000000000	41.9392619165518
0.0325000000000000	46.1824717856455
0.0326000000000000	41.0193294816355
0.0327000000000000	34.8944439822555
0.0328000000000000	24.9801629923004
0.0329000000000000	29.0630086332133
0.0330000000000000	23.5049132775802
0.0331000000000000	22.8875676314106
0.0332000000000000	23.1067593480094
0.0333000000000000	18.0598668144065
0.0334000000000000	26.5732418630372
0.0335000000000000	33.5070556621063
0.0336000000000000	28.8353000181507
0.0337000000000000	20.8566827567725
0.0338000000000000	12.7532261590427
0.0339000000000000	4.76293809976249
0.0340000000000000	-1.05843815863707
0.0341000000000000	-6.92654432540991
0.0342000000000000	-12.7877411605125
0.0343000000000000	-10.5128663527612
0.0344000000000000	-6.54765963239582
0.0345000000000000	2.32112888573768
0.0346000000000000	6.00023219799150
0.0347000000000000	5.74517048495850
0.0348000000000000	0.282838328178235
0.0349000000000000	2.30906829833199
0.0350000000000000	0.247868987091582
0.0351000000000000	-6.07621767544505
0.0352000000000000	-10.7417931418502
0.0353000000000000	-7.07543488453480
0.0354000000000000	3.00062824631647
0.0355000000000000	7.91183457196556
0.0356000000000000	17.8609246300058
0.0357000000000000	25.3111738235591
0.0358000000000000	32.0501014707051
0.0359000000000000	34.9357114873932
0.0360000000000000	32.5878134067903
0.0361000000000000	30.2861653346342
0.0362000000000000	26.6482403142969
0.0363000000000000	19.9927270275777
0.0364000000000000	26.9413000520027
0.0365000000000000	30.2539542004047
0.0366000000000000	32.7961953939934
0.0367000000000000	36.3175258555230
0.0368000000000000	39.4304146331882
0.0369000000000000	37.8094047375638
0.0370000000000000	40.9914590307315
0.0371000000000000	37.7219274784441
0.0372000000000000	31.5495020272608
0.0373000000000000	20.2522901690038
0.0374000000000000	12.3928777448302
0.0375000000000000	15.0452733298661
0.0376000000000000	13.5997583713398
0.0377000000000000	16.7786324932612
0.0378000000000000	8.50409805292545
0.0379000000000000	9.30123493845579
0.0380000000000000	13.9710470069740
0.0381000000000000	12.1646816949728
0.0382000000000000	8.03019802493332
0.0383000000000000	-2.35306590806424
0.0384000000000000	-8.11951292036939
0.0385000000000000	-13.4989814400046
0.0386000000000000	-20.8247276284933
0.0387000000000000	-15.7737317744667
0.0388000000000000	-8.48041428806489
0.0389000000000000	-3.69942169324520
0.0390000000000000	6.74618023790924
0.0391000000000000	11.0045446825022
0.0392000000000000	12.6670267072814
0.0393000000000000	13.6706650285390
0.0394000000000000	16.3314387234596
0.0395000000000000	6.69288127967629
0.0396000000000000	14.6882309471213
0.0397000000000000	13.3076453439278
0.0398000000000000	15.5253920558639
0.0399000000000000	11.9294129395838
0.0400000000000000	24.3202890249160
0.0401000000000000	29.5328449764489
0.0402000000000000	39.9238711038301
0.0403000000000000	38.4042855237087
0.0404000000000000	39.4530383663196
0.0405000000000000	41.9115180025958
0.0406000000000000	28.4299788087299
0.0407000000000000	21.8859442337846
0.0408000000000000	22.5160871391792
0.0409000000000000	23.6916867694363
0.0410000000000000	28.5748695654892
0.0411000000000000	29.9636904317176
0.0412000000000000	31.3886925389200
0.0413000000000000	34.3381980825848
0.0414000000000000	28.1929927119480
0.0415000000000000	27.7956411432237
0.0416000000000000	22.7082037619486
0.0417000000000000	10.9028277463865
0.0418000000000000	6.93770729754100
0.0419000000000000	-3.42301935937607
0.0420000000000000	-1.60705279248866
0.0421000000000000	-8.47861642357482
0.0422000000000000	-1.30428535064512
0.0423000000000000	3.80888552966963
0.0424000000000000	1.23998914888358
0.0425000000000000	0.342295230861069
0.0426000000000000	1.10895810432485
0.0427000000000000	-1.85262344506938
0.0428000000000000	-1.46604653498800
0.0429000000000000	-12.7425085712961
0.0430000000000000	-7.66903015914416
0.0431000000000000	-9.94058483480733
0.0432000000000000	-6.00127070938014
0.0433000000000000	2.22006704163146
0.0434000000000000	18.1991893624611
0.0435000000000000	16.6363913008617
0.0436000000000000	28.1790578303795
0.0437000000000000	25.5323302118827
0.0438000000000000	22.9233127287471
0.0439000000000000	24.4942886162264
0.0440000000000000	20.4378133678318
0.0441000000000000	19.1095857863062
0.0442000000000000	22.6766229392778
0.0443000000000000	23.9392101246991
0.0444000000000000	38.1286865776800
0.0445000000000000	37.9619629236264
0.0446000000000000	44.9662126432875
0.0447000000000000	47.5887706604013
0.0448000000000000	39.9427376611749
0.0449000000000000	42.9369100453269
0.0450000000000000	34.7852787524336
0.0451000000000000	22.3343199329379
0.0452000000000000	19.9781465143937
0.0453000000000000	12.7626393296430
0.0454000000000000	18.9019039917840
0.0455000000000000	16.3581012071121
0.0456000000000000	21.5180178189822
0.0457000000000000	20.2212959250589
0.0458000000000000	20.1363843294176
0.0459000000000000	14.1908063611487
0.0460000000000000	8.22786046136828
0.0461000000000000	1.57013066679203
0.0462000000000000	2.50062799466901
0.0463000000000000	-7.91200300239998
0.0464000000000000	-11.3477527536435
0.0465000000000000	-10.4358938786903
0.0466000000000000	-0.785967504812463
0.0467000000000000	-1.57075098018072
0.0468000000000000	4.31147222936452
0.0469000000000000	3.98535046616642
0.0470000000000000	7.13033256444706
0.0471000000000000	2.78197583734108
0.0472000000000000	5.17073034265080
0.0473000000000000	-1.32349811402117
0.0474000000000000	3.98940075579665
0.0475000000000000	4.33793638849183
0.0476000000000000	5.66300561840677
0.0477000000000000	11.8821868803542
0.0478000000000000	16.9976407793341
0.0479000000000000	31.8466948646799
0.0480000000000000	37.5846916094479
0.0481000000000000	37.1870778148047
0.0482000000000000	43.6006187857316
0.0483000000000000	35.8799867249838
0.0484000000000000	31.9961575081805
0.0485000000000000	26.9009377242698
0.0486000000000000	27.9120994285222
0.0487000000000000	24.2444476811510
0.0488000000000000	29.4940532649048
0.0489000000000000	30.7932741370774
0.0490000000000000	33.5414162588867
0.0491000000000000	32.9592782153422
0.0492000000000000	42.0151292873720
0.0493000000000000	25.5675680200785
0.0494000000000000	32.0484300172153
0.0495000000000000	18.7167518676079
0.0496000000000000	2.12665074209816
0.0497000000000000	3.29205062823978
0.0498000000000000	4.12045904222325
0.0499000000000000	-0.312212598334352
0.0500000000000000	6.70346986780980
0.0501000000000000	3.49434901543887
0.0502000000000000	8.42091866083017
0.0503000000000000	11.9720935073077
0.0504000000000000	4.87415398094834
0.0505000000000000	2.32582179986880
0.0506000000000000	-7.10454664973328
0.0507000000000000	-13.9619907593940
0.0508000000000000	-12.0465703791577
0.0509000000000000	-11.9836621743798
0.0510000000000000	-0.698988153976060
0.0511000000000000	-3.14928131954348
0.0512000000000000	7.19711907448029
0.0513000000000000	8.60198804513739
0.0514000000000000	22.3748069595380
0.0515000000000000	20.5522959876183
0.0516000000000000	21.8842714050264
0.0517000000000000	14.4667867515093
0.0518000000000000	15.0444804319130
0.0519000000000000	17.9727732592061
0.0520000000000000	15.8271139104356
0.0521000000000000	24.0027488127831
0.0522000000000000	24.7780457827438
0.0523000000000000	35.3277056608740
0.0524000000000000	41.2449016669829
0.0525000000000000	41.8354190981412
0.0526000000000000	38.0507279480170
0.0527000000000000	39.9339252811691
0.0528000000000000	33.9977114323915
0.0529000000000000	29.2867736996740
0.0530000000000000	25.8732891261954
0.0531000000000000	17.9261578116620
0.0532000000000000	21.9067844151802
0.0533000000000000	23.6576765366283
0.0534000000000000	29.4459477681110
0.0535000000000000	29.8068808738121
0.0536000000000000	23.1499599022351
0.0537000000000000	15.6565780704834
0.0538000000000000	12.0354598415032
0.0539000000000000	9.60321234741189
0.0540000000000000	-1.32875812426697
0.0541000000000000	-7.75725268582425
0.0542000000000000	-12.0592971338397
0.0543000000000000	-11.2789898194641
0.0544000000000000	-4.67196507919232
0.0545000000000000	0.663608016654301
0.0546000000000000	3.87901136372779
0.0547000000000000	5.09742667381467
0.0548000000000000	8.03334327657127
0.0549000000000000	1.35099198525077
0.0550000000000000	-1.72206108238166
0.0551000000000000	-7.99496247378765
0.0552000000000000	-5.57733339322683
0.0553000000000000	-5.02151852942958
0.0554000000000000	-2.92919963669610
0.0555000000000000	9.39866808265165
0.0556000000000000	16.9152900516807
0.0557000000000000	30.3431912041616
0.0558000000000000	31.0489929174112
0.0559000000000000	33.6163008985598
0.0560000000000000	31.0084819853567
0.0561000000000000	25.6425789583895
0.0562000000000000	22.3030623632038
0.0563000000000000	25.0768076520460
0.0564000000000000	28.9541031157475
0.0565000000000000	27.9019895253858
0.0566000000000000	34.2816692820533
0.0567000000000000	34.9377909408337
0.0568000000000000	41.7174399493945
0.0569000000000000	41.6693078574575
0.0570000000000000	38.4660510113176
0.0571000000000000	38.5324053528325
0.0572000000000000	28.1868571412294
0.0573000000000000	11.0428837543499
0.0574000000000000	20.4286278034843
0.0575000000000000	8.75205373666629
0.0576000000000000	9.16140160136061
0.0577000000000000	7.28745594469673
0.0578000000000000	11.3749467252338
0.0579000000000000	12.0366562113019
0.0580000000000000	13.0122896946394
0.0581000000000000	9.63653199557507
0.0582000000000000	2.75429209518116
0.0583000000000000	-1.68625162002578
0.0584000000000000	-5.99512569061533
0.0585000000000000	-12.7512638431047
0.0586000000000000	-9.45129715342948
0.0587000000000000	-3.62549043515175
0.0588000000000000	-11.5756320098863
0.0589000000000000	-5.73149758690317
0.0590000000000000	0.258044768629359
0.0591000000000000	5.79567376931249
0.0592000000000000	11.4479518340537
0.0593000000000000	13.1844818801992
0.0594000000000000	10.8869237630960
0.0595000000000000	3.92100347325401
0.0596000000000000	11.4758821536900
0.0597000000000000	10.5487997665804
0.0598000000000000	8.16390967879983
0.0599000000000000	16.9110862659579
0.0600000000000000	23.9827239123631
0.0601000000000000	33.0105287148398
0.0602000000000000	37.0175787295312
0.0603000000000000	39.5738395489794
0.0604000000000000	41.8039589428550
0.0605000000000000	36.8455887571647
0.0606000000000000	32.8706032740050
0.0607000000000000	26.9972051220281
0.0608000000000000	24.5030918451405
0.0609000000000000	24.9322366248560
0.0610000000000000	23.8472437158762
0.0611000000000000	33.3836886044148
0.0612000000000000	33.9242036523945
0.0613000000000000	24.6427859132012
0.0614000000000000	29.7850015568448
0.0615000000000000	29.2686747308712
0.0616000000000000	22.9543906310204
0.0617000000000000	7.01831376906162
0.0618000000000000	9.15446992378070
0.0619000000000000	-2.41955027953146
0.0620000000000000	-9.83422325765075
0.0621000000000000	-6.06433396671817
0.0622000000000000	-4.08834817129122
0.0623000000000000	6.48301614827138
0.0624000000000000	-2.61133823285642
0.0625000000000000	2.55125698752326
0.0626000000000000	4.59321565199171
0.0627000000000000	1.88223149944806
0.0628000000000000	-10.3336044834344
0.0629000000000000	-4.85878290901287
0.0630000000000000	-15.3526240711221
0.0631000000000000	-12.1637961891848
0.0632000000000000	-5.63930029972376
0.0633000000000000	5.40768255198466
0.0634000000000000	12.6972865358260
0.0635000000000000	18.3669972240985
0.0636000000000000	26.2614975572023
0.0637000000000000	23.9371756753113
0.0638000000000000	30.0518929642191
0.0639000000000000	23.1131791462639
0.0640000000000000	14.6104592997476
0.0641000000000000	16.5916686405745
0.0642000000000000	17.7784182340229
0.0643000000000000	21.3693989089003
0.0644000000000000	32.9360051644999
0.0645000000000000	33.3432187298114
0.0646000000000000	42.1846234364014
0.0647000000000000	44.0878832822750
0.0648000000000000	40.8449510051361
0.0649000000000000	39.1928530146495
0.0650000000000000	30.0075594334715
0.0651000000000000	30.9111560937315
0.0652000000000000	14.2719371410348
0.0653000000000000	16.2320950780648
0.0654000000000000	12.9268649224306
0.0655000000000000	15.1921738082632
0.0656000000000000	12.6852396830993
0.0657000000000000	22.4687840143676
0.0658000000000000	20.0750149851046
0.0659000000000000	19.6178957024349
0.0660000000000000	12.2132041732743
0.0661000000000000	0.206979108231103
0.0662000000000000	-8.66479012080404
0.0663000000000000	-12.2176495192769
0.0664000000000000	-11.7448352237410
0.0665000000000000	-16.1742779868066
0.0666000000000000	-9.73195559935400
0.0667000000000000	-10.4107710338031
0.0668000000000000	-1.09626935064084
0.0669000000000000	7.52903090226240
0.0670000000000000	10.1736964340053
0.0671000000000000	11.0332679003374
0.0672000000000000	5.32906435606985
0.0673000000000000	2.30177439286870
0.0674000000000000	-3.36108711993945
0.0675000000000000	-5.28190526367136
0.0676000000000000	8.50970502692386
0.0677000000000000	14.1280691553045
0.0678000000000000	22.2730096908925
0.0679000000000000	31.0056780251628
0.0680000000000000	33.5960720122997
0.0681000000000000	41.4570772210058
0.0682000000000000	40.5535381195856
0.0683000000000000	33.6438840177717
0.0684000000000000	28.5078972916415
0.0685000000000000	26.7230742702420
0.0686000000000000	27.3274535161205
0.0687000000000000	29.7200156114999
0.0688000000000000	32.3404756379070
0.0689000000000000	27.4769446687829
0.0690000000000000	38.1502287248055
0.0691000000000000	29.1795870579254
0.0692000000000000	32.3398259948273
0.0693000000000000	29.8885191589147
0.0694000000000000	25.2945983155188
0.0695000000000000	16.4784738154645
0.0696000000000000	8.47765374612343
0.0697000000000000	6.58412468772724
0.0698000000000000	1.18168383170774
0.0699000000000000	4.06586602931798
0.0700000000000000	3.47087768142148
0.0701000000000000	3.67137983520333
0.0702000000000000	4.47631763280634
0.0703000000000000	11.3579756446771
0.0704000000000000	2.94815233710594
0.0705000000000000	0.491136268816282
0.0706000000000000	-6.97503314646572
0.0707000000000000	-13.4190020141349
0.0708000000000000	-12.4909697578640
0.0709000000000000	-15.3306752821272
0.0710000000000000	-5.11141250562147
0.0711000000000000	3.01188043240600
0.0712000000000000	12.4311176117172
0.0713000000000000	15.4827918719435
0.0714000000000000	20.6010566370954
0.0715000000000000	21.5301389115599
0.0716000000000000	14.7665766055976
0.0717000000000000	15.2572594251608
0.0718000000000000	14.9898411617765
0.0719000000000000	9.96317299162181
0.0720000000000000	15.5328877432873
0.0721000000000000	17.1372623956452
0.0722000000000000	27.9226042135732
0.0723000000000000	36.7697332275370
0.0724000000000000	42.8104574773262
0.0725000000000000	46.6259815358953
0.0726000000000000	46.7134385317887
0.0727000000000000	38.8934254666248
0.0728000000000000	36.6292137963378
0.0729000000000000	30.6318516510815
0.0730000000000000	22.0312025421850
0.0731000000000000	20.5251166872406
0.0732000000000000	23.3670971295846
0.0733000000000000	22.5212487000426
0.0734000000000000	23.1581769926558
0.0735000000000000	25.4031769269994
0.0736000000000000	24.0121418432383
0.0737000000000000	18.5433116795451
0.0738000000000000	19.0507110322620
0.0739000000000000	0.231022837607959
0.0740000000000000	-1.55993332082221
0.0741000000000000	-6.98952358567428
0.0742000000000000	-9.72224516330722
0.0743000000000000	-10.5634007192595
0.0744000000000000	-11.4321870781413
0.0745000000000000	-3.65388586721318
0.0746000000000000	-0.840770228457684
0.0747000000000000	7.12322196547995
0.0748000000000000	3.66886305851177
0.0749000000000000	3.97348073682523
0.0750000000000000	-1.52572730714278
0.0751000000000000	-6.63208805261039
0.0752000000000000	-8.82686144998054
0.0753000000000000	-9.46036133257482
0.0754000000000000	-2.81678842396822
0.0755000000000000	5.24553195455651
0.0756000000000000	15.5173044948779
0.0757000000000000	25.2696381241886
0.0758000000000000	30.5659691857925
0.0759000000000000	35.2656494063700
0.0760000000000000	32.2652822318240
0.0761000000000000	32.6757208350748
0.0762000000000000	25.5085474932052
0.0763000000000000	22.7965033760697
0.0764000000000000	26.1598016227967
0.0765000000000000	27.1414157744068
0.0766000000000000	31.2427018607264
0.0767000000000000	34.8693940041836
0.0768000000000000	40.3809233045731
0.0769000000000000	40.1498238985246
0.0770000000000000	40.9391326151944
0.0771000000000000	37.3407901243482
0.0772000000000000	34.4569892724422
0.0773000000000000	19.8440307392276
0.0774000000000000	12.6799391425216
0.0775000000000000	9.88715978216558
0.0776000000000000	7.82846584664505
0.0777000000000000	8.29512057327344
0.0778000000000000	11.0317903931394
0.0779000000000000	6.52425422111806
0.0780000000000000	17.7904095787712
0.0781000000000000	13.5442609599936
0.0782000000000000	5.46230404998188
0.0783000000000000	-1.96907467753632
0.0784000000000000	-9.08566372552210
0.0785000000000000	-17.7448471018840
0.0786000000000000	-15.8137470552024
0.0787000000000000	-10.2248536153682
0.0788000000000000	-14.5876164902896
0.0789000000000000	-8.67678055065979
0.0790000000000000	3.65787564529794
0.0791000000000000	5.04843787995489
0.0792000000000000	11.4729573617071
0.0793000000000000	10.2587845171290
0.0794000000000000	12.0958216464503
0.0795000000000000	6.70836711195785
0.0796000000000000	6.73411716351802
0.0797000000000000	8.32025360922331
0.0798000000000000	11.9786793666538
0.0799000000000000	18.7355915029016
0.0800000000000000	24.4097098050816
0.0801000000000000	25.5445221991170
0.0802000000000000	40.2722298843430
0.0803000000000000	39.4769364706300
0.0804000000000000	43.4530195270616
0.0805000000000000	33.9386943628711
0.0806000000000000	36.1305003457427
0.0807000000000000	24.9532205367034
0.0808000000000000	22.3586798435154
0.0809000000000000	24.9308102901572
0.0810000000000000	32.8794529080147
0.0811000000000000	25.8346915333978
0.0812000000000000	37.8228446443949
0.0813000000000000	35.3429885380949
0.0814000000000000	29.6369000213465
0.0815000000000000	30.1884784420370
0.0816000000000000	21.0241131233656
0.0817000000000000	10.0542197802070
0.0818000000000000	1.87780239659061
0.0819000000000000	-9.31119329663008
0.0820000000000000	-6.17412601219788
0.0821000000000000	-3.49263753337645
0.0822000000000000	-1.37321536098980
0.0823000000000000	0.624012427355510
0.0824000000000000	8.12387787947801
0.0825000000000000	4.43052476500649
0.0826000000000000	5.85533697662517
0.0827000000000000	-3.80403381058812
0.0828000000000000	-5.79854188840009
0.0829000000000000	-8.59133461667565
0.0830000000000000	-9.14863153001224
0.0831000000000000	-9.83446741047340
0.0832000000000000	-3.90641694016212
0.0833000000000000	6.54345416082145
0.0834000000000000	15.0506233966524
0.0835000000000000	17.0110587440133
0.0836000000000000	24.8102068416747
0.0837000000000000	31.0855919892811
0.0838000000000000	25.9293136620335
0.0839000000000000	22.9257271132518
0.0840000000000000	24.6057929195249
0.0841000000000000	21.7380400917936
0.0842000000000000	18.2353109797264
0.0843000000000000	24.5084869499337
0.0844000000000000	27.1242560816527
0.0845000000000000	36.5402080604742
0.0846000000000000	45.4704333577838
0.0847000000000000	40.9805741123768
0.0848000000000000	47.0569254680514
0.0849000000000000	37.9517878109677
0.0850000000000000	30.0241237173272
0.0851000000000000	22.4268621493044
0.0852000000000000	11.7772971654108
0.0853000000000000	14.5140520052141
0.0854000000000000	10.4206698961264
0.0855000000000000	10.3806974482695
0.0856000000000000	18.3089319400787
0.0857000000000000	18.3951941271315
0.0858000000000000	18.7112585440688
0.0859000000000000	17.0795084543096
0.0860000000000000	11.0838591154941
0.0861000000000000	1.61177673239126
0.0862000000000000	-6.02431710844337
0.0863000000000000	-12.3967479391962
0.0864000000000000	-14.7796168081584
0.0865000000000000	-16.0792944271343
0.0866000000000000	-13.2525753202066
0.0867000000000000	-6.88629084668379
0.0868000000000000	4.13411902080893
0.0869000000000000	6.63173753362823
0.0870000000000000	10.9692664670542
0.0871000000000000	10.6780609282207
0.0872000000000000	1.57882131255957
0.0873000000000000	-2.50635477599515
0.0874000000000000	-6.68928985209492
0.0875000000000000	-0.272448469242740
0.0876000000000000	7.11238699554177
0.0877000000000000	17.0075389115655
0.0878000000000000	21.2793101544561
0.0879000000000000	27.9175835970100
0.0880000000000000	36.2608875368189
0.0881000000000000	35.8384797173583
0.0882000000000000	38.1133712432324
0.0883000000000000	34.2897572193774
0.0884000000000000	26.2120004722513
0.0885000000000000	25.2798187628719
0.0886000000000000	26.0940325289750
0.0887000000000000	30.1529987335422
0.0888000000000000	30.7983812995405
0.0889000000000000	39.7836815344243
0.0890000000000000	35.4781044728035
0.0891000000000000	40.0531195199575
0.0892000000000000	37.3965754205847
0.0893000000000000	33.3368373728993
0.0894000000000000	21.7364715532647
0.0895000000000000	16.0034938304686
0.0896000000000000	7.32725627164945
0.0897000000000000	1.54465878250728
0.0898000000000000	-0.774430488744523
0.0899000000000000	0.311292844173821
0.0900000000000000	3.92124951163688
0.0901000000000000	11.1162493796964
0.0902000000000000	7.61306422276932
0.0903000000000000	8.07417823727653
0.0904000000000000	-0.642167383224924
0.0905000000000000	-0.469279591434857
0.0906000000000000	-7.03251244240840
0.0907000000000000	-14.3510507704324
0.0908000000000000	-13.3552988919760
0.0909000000000000	-14.0042593921697
0.0910000000000000	-9.02626011280512
0.0911000000000000	-4.41672945568668
0.0912000000000000	9.90642424994021
0.0913000000000000	11.0133162799290
0.0914000000000000	18.5090748620389
0.0915000000000000	19.7127218027067
0.0916000000000000	20.2045173611423
0.0917000000000000	17.6226754962069
0.0918000000000000	8.83494125724598
0.0919000000000000	17.0805005522749
0.0920000000000000	17.6244196268841
0.0921000000000000	18.4709954620115
0.0922000000000000	25.8110418298235
0.0923000000000000	35.2136078820557
0.0924000000000000	40.6379103354918
0.0925000000000000	48.0416238945053
0.0926000000000000	47.1293694103148
0.0927000000000000	40.2173302915349
0.0928000000000000	36.4957158371271
0.0929000000000000	27.1611788426790
0.0930000000000000	26.1451352526798
0.0931000000000000	23.6024991653359
0.0932000000000000	16.3400879789449
0.0933000000000000	25.5668856155091
0.0934000000000000	27.0821682808824
0.0935000000000000	26.9010464600833
0.0936000000000000	29.2280847412587
0.0937000000000000	20.8410509036680
0.0938000000000000	13.3330384287706
0.0939000000000000	8.27323903879257
0.0940000000000000	-2.15003859148530
0.0941000000000000	-7.67383740616219
0.0942000000000000	-7.17000533339085
0.0943000000000000	-11.5907915688255
0.0944000000000000	-5.64346260275239
0.0945000000000000	0.959149457217702
0.0946000000000000	-0.689928971665950
0.0947000000000000	5.79467248276155
0.0948000000000000	4.66572618594605
0.0949000000000000	3.88212264871459
0.0950000000000000	-0.841862900507254
0.0951000000000000	-5.31997553642706
0.0952000000000000	-9.67473069001454
0.0953000000000000	-2.57633655652483
0.0954000000000000	4.29950126203755
0.0955000000000000	8.93440190855335
0.0956000000000000	19.0055290755137
0.0957000000000000	24.6979954107943
0.0958000000000000	29.1096535382641
0.0959000000000000	33.4130270737172
0.0960000000000000	27.1658339775864
0.0961000000000000	34.3381696961737
0.0962000000000000	28.4774343076627
0.0963000000000000	17.3430158132113
0.0964000000000000	19.0122455283266
0.0965000000000000	27.8134008745593
0.0966000000000000	30.4986102050688
0.0967000000000000	36.6682846790474
0.0968000000000000	36.3845977768995
0.0969000000000000	43.8431815915293
0.0970000000000000	42.4026263547186
0.0971000000000000	38.6923069152130
0.0972000000000000	24.4050269879705
0.0973000000000000	23.9175030454823
0.0974000000000000	10.0828112589773
0.0975000000000000	8.94891005006366
0.0976000000000000	12.0264257828687
0.0977000000000000	12.6747927115041
0.0978000000000000	12.3903082985551
0.0979000000000000	16.9499189320134
0.0980000000000000	10.5054725609474
0.0981000000000000	14.4757010678749
0.0982000000000000	9.63304413184212
0.0983000000000000	-3.50787904264593
0.0984000000000000	-7.01541296291029
0.0985000000000000	-3.96924618961322
0.0986000000000000	-12.4005350329017
0.0987000000000000	-10.1829035351522
0.0988000000000000	-7.51400613425732
0.0989000000000000	-6.34603640024776
0.0990000000000000	-1.68417795164147
0.0991000000000000	9.57149200438966
0.0992000000000000	9.44570118044694
0.0993000000000000	8.01851259054732
0.0994000000000000	9.93487070199404
0.0995000000000000	8.88519782338940
0.0996000000000000	12.9005567657590
0.0997000000000000	5.12661122773777
0.0998000000000000	10.8671885077505
0.0999000000000000	25.6664901005878
0.100000000000000	22.5329992120502
0.100100000000000	34.7409277881933
0.100200000000000	39.1430961106572
0.100300000000000	46.8548967611531
0.100400000000000	42.0727698319845
0.100500000000000	41.7932387108390
0.100600000000000	33.6401338769521
0.100700000000000	29.6280386811858
0.100800000000000	18.7364459647428
0.100900000000000	21.2384314572835
0.101000000000000	21.4949330745493
0.101100000000000	24.5216784849192
0.101200000000000	35.6332065268557
0.101300000000000	37.6027706671178
0.101400000000000	32.2973920319083
0.101500000000000	24.5846265504808
0.101600000000000	23.2621901943544
0.101700000000000	16.7548793235100
0.101800000000000	4.91332637038202
0.101900000000000	-5.82903039381794
0.102000000000000	-7.19664774007779
0.102100000000000	-2.72746476500434
0.102200000000000	-1.53309951823405
0.102300000000000	5.50678120599915
0.102400000000000	2.15853248609721
0.102500000000000	10.8086900191432
0.102600000000000	2.93850964537565
0.102700000000000	-2.75824733979674
0.102800000000000	-9.46032589929101
0.102900000000000	-7.36071902837254
0.103000000000000	-12.8947759928091
0.103100000000000	-10.9303875742418
0.103200000000000	-5.96141947256986
0.103300000000000	-0.234643198145273
0.103400000000000	9.46337816903099
0.103500000000000	18.9208340641293
0.103600000000000	31.1921543186614
0.103700000000000	24.9387943625307
0.103800000000000	27.5579913529048
0.103900000000000	19.2892952931445
0.104000000000000	22.3107329672574
0.104100000000000	21.3509023739518
0.104200000000000	22.4729348631129
0.104300000000000	25.8982267260547
0.104400000000000	25.3911547086554
0.104500000000000	37.4663817207474
0.104600000000000	45.0343925808074
0.104700000000000	39.5926571078418
0.104800000000000	42.4352462302753
0.104900000000000	42.5820524388541
0.105000000000000	31.7773310454299
0.105100000000000	28.4699365837402
0.105200000000000	17.0452844752936
0.105300000000000	18.6298965073666
0.105400000000000	14.7991385194399
0.105500000000000	18.3216781469807
0.105600000000000	14.3531496586530
0.105700000000000	16.0764736251909
0.105800000000000	21.7750897023280
0.105900000000000	15.4823819793427
0.106000000000000	4.41765261273471
0.106100000000000	0.725977662010925
0.106200000000000	-6.81394884318027
0.106300000000000	-14.2359484457258
0.106400000000000	-18.0072675153029
0.106500000000000	-12.1863440810083
0.106600000000000	-7.56842013347417
0.106700000000000	-5.27783122269472
0.106800000000000	7.15112004892890
0.106900000000000	5.32680953975710
0.107000000000000	1.78646266259496
0.107100000000000	6.64153676563390
0.107200000000000	6.00549903721996
0.107300000000000	-5.73182149640743
0.107400000000000	4.74031099274538
0.107500000000000	-0.615982433265248
0.107600000000000	2.56095290598865
0.107700000000000	13.6572133225726
0.107800000000000	19.9204457809080
0.107900000000000	32.8889659188474
0.108000000000000	40.0137254840189
0.108100000000000	39.7430043652682
0.108200000000000	37.4291281658941
0.108300000000000	28.5966826212603
0.108400000000000	27.1475650366971
0.108500000000000	26.0239668465119
0.108600000000000	18.2241254423880
0.108700000000000	22.5551696027398
0.108800000000000	30.0232969709666
0.108900000000000	30.3330458587488
0.109000000000000	35.7289641475101
0.109100000000000	40.6674075243748
0.109200000000000	38.4423031630275
0.109300000000000	32.8621713089221
0.109400000000000	32.2954251475343
0.109500000000000	17.8866696888237
0.109600000000000	5.78971449772633
0.109700000000000	2.79383076911870
0.109800000000000	4.29077157302812
0.109900000000000	7.34200279507003
0.110000000000000	6.64603848599897
0.110100000000000	5.05222105364227
0.110200000000000	11.2232646028746
0.110300000000000	9.80362922294516
0.110400000000000	5.84105071867747
0.110500000000000	-1.79188292052329
0.110600000000000	-8.54023218660342
0.110700000000000	-12.3816026493063
0.110800000000000	-16.5006684548035
0.110900000000000	-10.9712224842428
0.111000000000000	-7.83181265156547
0.111100000000000	3.95316685068109
0.111200000000000	9.98237148458006
0.111300000000000	14.8857626778314
0.111400000000000	22.2904643400696
0.111500000000000	21.6937697267673
0.111600000000000	18.4424732521361
0.111700000000000	11.8435936838007
0.111800000000000	16.9543331279866
0.111900000000000	12.5226942747961
0.112000000000000	14.9495202320321
0.112100000000000	22.0673239217296
0.112200000000000	32.9067831439416
0.112300000000000	37.3737463869734
0.112400000000000	38.9749822245572
0.112500000000000	44.0083688413114
0.112600000000000	40.9672053651143
0.112700000000000	38.1231787011411
0.112800000000000	28.7317872233356
0.112900000000000	27.5614262786159
0.113000000000000	20.7860229700918
0.113100000000000	17.2074764199500
0.113200000000000	19.0143561390120
0.113300000000000	27.5274699851657
0.113400000000000	22.6276064866840
0.113500000000000	29.3664471520448
0.113600000000000	27.0076314856275
0.113700000000000	18.0955656160348
0.113800000000000	14.6816797126669
0.113900000000000	2.99557508767853
0.114000000000000	0.453600071873034
0.114100000000000	-6.30281619459747
0.114200000000000	-10.9111083260353
0.114300000000000	-12.6497467649878
0.114400000000000	-7.46420051064865
0.114500000000000	-2.55756206802658
0.114600000000000	4.31726008955139
0.114700000000000	9.31101183348896
0.114800000000000	7.20435672562189
0.114900000000000	0.460150080731934
0.115000000000000	-8.18410363352819
0.115100000000000	-8.11098371629507
0.115200000000000	-6.02837849459776
0.115300000000000	-8.59162268126850
0.115400000000000	0.0663099739615980
0.115500000000000	12.6218103620933
0.115600000000000	21.9567934158830
0.115700000000000	25.3280870709909
0.115800000000000	35.8506810243185
0.115900000000000	34.2441600977897
0.116000000000000	33.7484624119984
0.116100000000000	30.2932685927709
0.116200000000000	23.6067897202049
0.116300000000000	23.6959726396943
0.116400000000000	25.0644656549980
0.116500000000000	30.2487896181420
0.116600000000000	23.4637414198726
0.116700000000000	34.5459528944096
0.116800000000000	46.0592277550722
0.116900000000000	45.4013834904034
0.117000000000000	42.1180894419015
0.117100000000000	37.7662508617055
0.117200000000000	32.2472708086697
0.117300000000000	17.3357646802765
0.117400000000000	14.6807145845756
0.117500000000000	3.07623840859139
0.117600000000000	8.16636774260543
0.117700000000000	9.36183751035671
0.117800000000000	15.6269344368269
0.117900000000000	11.4881874206375
0.118000000000000	15.7648187400725
0.118100000000000	14.4872486991499
0.118200000000000	3.93794733128105
0.118300000000000	0.176578383585944
0.118400000000000	-7.66397160622952
0.118500000000000	-13.6131567751975
0.118600000000000	-16.7474626252846
0.118700000000000	-15.7043101510469
0.118800000000000	-12.5400606636089
0.118900000000000	-3.67209219702353
0.119000000000000	1.59603391570321
0.119100000000000	9.56535517727719
0.119200000000000	17.1992110456969
0.119300000000000	11.0776753702764
0.119400000000000	12.8915705717656
0.119500000000000	8.70187170268979
0.119600000000000	9.99497096927320
0.119700000000000	6.83285761379773
0.119800000000000	10.7781309908611
0.119900000000000	17.5272766376112
0.120000000000000	22.4383673160155
0.120100000000000	40.5808012353991
0.120200000000000	35.3562369557720
0.120300000000000	41.8861901834614
0.120400000000000	39.9878401384452
0.120500000000000	37.4524431868664
0.120600000000000	27.4549026164365
0.120700000000000	29.6453441356850
0.120800000000000	24.1649293726038
0.120900000000000	23.3471485495410
0.121000000000000	30.7619146125099
0.121100000000000	31.9085448535175
0.121200000000000	38.3957727799865
0.121300000000000	38.3374709471090
0.121400000000000	30.5874541969198
0.121500000000000	26.3338264588290
0.121600000000000	23.3517028821767
0.121700000000000	9.31131996031798
0.121800000000000	2.40694027001658
0.121900000000000	-4.36899270806645
0.122000000000000	-3.94098801870566
0.122100000000000	-0.964547539891882
0.122200000000000	-3.18432251489384
0.122300000000000	0.879920736646591
0.122400000000000	8.15496850503249
0.122500000000000	10.9434131641664
0.122600000000000	6.28622424793955
0.122700000000000	-5.40078015116917
0.122800000000000	-6.31255703326839
0.122900000000000	-9.11292064507590
0.123000000000000	-11.3181965682619
0.123100000000000	-11.2191443801525
0.123200000000000	-9.73454861990311
0.123300000000000	7.33889393682969
0.123400000000000	15.2630957197156
0.123500000000000	21.4567447249557
0.123600000000000	22.7189233900460
0.123700000000000	21.3977783982052
0.123800000000000	26.3284518241982
0.123900000000000	19.1962004135908
0.124000000000000	18.7546664943884
0.124100000000000	22.7557734680494
0.124200000000000	23.7695108601443
0.124300000000000	24.2681820481117
0.124400000000000	32.7877671001169
0.124500000000000	36.0172555993718
0.124600000000000	40.5209407042290
0.124700000000000	44.2668661325365
0.124800000000000	39.1142954802875
0.124900000000000	44.2186797262584
0.125000000000000	32.9184185491640
0.125100000000000	21.7368824519797
0.125200000000000	18.3826789798933
0.125300000000000	18.2704732610321
0.125400000000000	14.3298069318228
0.125500000000000	15.9144175070999
0.125600000000000	21.5675281003236
0.125700000000000	25.2889446195752
0.125800000000000	22.5546525497542
0.125900000000000	16.4694628610870
0.126000000000000	11.3205558704887
0.126100000000000	1.88962918369749
0.126200000000000	-7.13672852306722
0.126300000000000	-13.3223409225147
0.126400000000000	-16.0254110676766
0.126500000000000	-14.9809916255036
0.126600000000000	-8.13322475073033
0.126700000000000	-7.57097094576625
0.126800000000000	2.42117979090381
0.126900000000000	1.65695741498042
0.127000000000000	6.62389154672424
0.127100000000000	3.11383666386643
0.127200000000000	3.55427224514761
0.127300000000000	3.32020132407054
0.127400000000000	-6.21337731874661
0.127500000000000	-1.54050844370278
0.127600000000000	3.37939348594436
0.127700000000000	11.7630691033296
0.127800000000000	21.2022079347692
0.127900000000000	26.8051830621168
0.128000000000000	34.5756217187213
0.128100000000000	40.9227861920041
0.128200000000000	37.3582982483313
0.128300000000000	32.0684476903769
0.128400000000000	30.5065891346511
0.128500000000000	27.9741591000424
0.128600000000000	19.4502347866708
0.128700000000000	25.9195208350407
0.128800000000000	36.2906260866384
0.128900000000000	34.5951979230306
0.129000000000000	38.5743530997977
0.129100000000000	44.2684121020838
0.129200000000000	33.4542516399191
0.129300000000000	34.6424890337497
0.129400000000000	23.2713841292112
0.129500000000000	16.5318845544548
0.129600000000000	10.1467323650281
0.129700000000000	2.51055182727397
0.129800000000000	-0.806199775939247
0.129900000000000	4.10779731928636
0.130000000000000	4.27355800130560
0.130100000000000	7.70656111346471
0.130200000000000	10.5080389242930
0.130300000000000	10.2772108161148
0.130400000000000	2.85412701469451
0.130500000000000	-5.03022606839242
0.130600000000000	-6.51850042977727
0.130700000000000	-8.23821977984105
0.130800000000000	-16.0388781144332
0.130900000000000	-10.6878477963869
0.131000000000000	-2.74621047035982
0.131100000000000	-0.310059185589518
0.131200000000000	8.51646972187243
0.131300000000000	13.3852996302854
0.131400000000000	14.5756019522185
0.131500000000000	15.8758869822309
0.131600000000000	13.1478832824425
0.131700000000000	14.1804446746542
0.131800000000000	18.7501819871605
0.131900000000000	14.1915044392295
0.132000000000000	21.7929260941141
0.132100000000000	19.5827760413903
0.132200000000000	28.1235466643659
0.132300000000000	42.3262465623654
0.132400000000000	37.8333380364513
0.132500000000000	40.1930541364378
0.132600000000000	49.2925584835087
0.132700000000000	41.7719011517231
0.132800000000000	33.4252306019553
0.132900000000000	26.9495093572051
0.133000000000000	25.9359485686049
0.133100000000000	22.6408514964713
0.133200000000000	23.6788300020395
0.133300000000000	28.2226679526867
0.133400000000000	30.3125407492405
0.133500000000000	28.1462247726011
0.133600000000000	21.6252613799457
0.133700000000000	25.6669881195470
0.133800000000000	11.0666901929862
0.133900000000000	-1.96626350271816
0.134000000000000	-0.672380828796939
0.134100000000000	-7.04156787463240
0.134200000000000	-11.8197115340903
0.134300000000000	-8.60411609690133
0.134400000000000	-1.27213352258111
0.134500000000000	-0.0557194753112675
0.134600000000000	1.87247859256479
0.134700000000000	5.11948732725401
0.134800000000000	-0.975927770391628
0.134900000000000	-3.15876948564568
0.135000000000000	-5.61060270658845
0.135100000000000	-9.08439297848308
0.135200000000000	0.372004235149237
0.135300000000000	-2.84894277117440
0.135400000000000	3.65100040048364
0.135500000000000	7.21412052660187
0.135600000000000	14.3348005799396
0.135700000000000	26.8468946571440
0.135800000000000	30.9666595350460
0.135900000000000	30.5674543024887
0.136000000000000	25.5225525911231
0.136100000000000	35.1411551068514
0.136200000000000	31.8761133468807
0.136300000000000	20.2278116051581
0.136400000000000	27.9543683433629
0.136500000000000	26.0087096755741
0.136600000000000	29.7969503527156
0.136700000000000	33.7919516167131
0.136800000000000	39.7796642622579
0.136900000000000	43.2830447607878
0.137000000000000	36.3601489901870
0.137100000000000	36.1646825896372
0.137200000000000	23.6543917778695
0.137300000000000	20.1066198574121
0.137400000000000	10.8921074459681
0.137500000000000	13.5738847832085
0.137600000000000	5.96548564371131
0.137700000000000	8.50219099164194
0.137800000000000	12.8197991126579
0.137900000000000	12.7043412174817
0.138000000000000	11.6312829210818
0.138100000000000	5.35022471620847
0.138200000000000	4.61787818827975
0.138300000000000	2.81036533507283
0.138400000000000	-6.16641563557527
0.138500000000000	-16.1903261358183
0.138600000000000	-11.5696300208487
0.138700000000000	-13.6111496399108
0.138800000000000	-6.35384046606828
0.138900000000000	-1.90521929178038
0.139000000000000	-3.25220884552311
0.139100000000000	5.75558836367093
0.139200000000000	16.7712818368898
0.139300000000000	11.1078106798035
0.139400000000000	7.89916386775286
0.139500000000000	8.35079164388531
0.139600000000000	8.08145877598672
0.139700000000000	5.13377940530204
0.139800000000000	12.4936422523653
0.139900000000000	14.1474160356998
0.140000000000000	23.9457594205174
0.140100000000000	31.7199597776373
0.140200000000000	39.8810748227593
0.140300000000000	47.8120445380168
0.140400000000000	42.7305614155411
0.140500000000000	34.3560267814331
0.140600000000000	27.0062132542056
0.140700000000000	25.2473470908226
0.140800000000000	29.6044935911383
0.140900000000000	26.1514745404803
0.141000000000000	22.9734562825621
0.141100000000000	33.8042909636364
0.141200000000000	29.8286218109652
0.141300000000000	33.4806558327155
0.141400000000000	29.5731456018372
0.141500000000000	26.8028561446297
0.141600000000000	17.2620087828822
0.141700000000000	8.61937771923783
0.141800000000000	0.840199460156846
0.141900000000000	4.06196789757420
0.142000000000000	-11.1754571775005
0.142100000000000	-0.986881973606726
0.142200000000000	-2.91235347263454
0.142300000000000	3.74996109518385
0.142400000000000	7.82529044428162
0.142500000000000	0.373133248779819
0.142600000000000	5.32031061051156
0.142700000000000	-1.83907734696837
0.142800000000000	-9.01578108372985
0.142900000000000	-9.66325547186592
0.143000000000000	-11.2622572412245
0.143100000000000	-8.14664217507489
0.143200000000000	-2.76673481011683
0.143300000000000	2.36425675254510
0.143400000000000	13.8105197969170
0.143500000000000	19.5576427673976
0.143600000000000	27.4206988234156
0.143700000000000	29.7643450906164
0.143800000000000	22.9613749615335
0.143900000000000	21.3875928367464
0.144000000000000	23.4433423620399
0.144100000000000	25.7913039415983
0.144200000000000	25.2550421451169
0.144300000000000	25.4414411854423
0.144400000000000	32.1033346923834
0.144500000000000	42.7383530682599
0.144600000000000	38.8654202175070
0.144700000000000	43.5952553541604
0.144800000000000	40.3903508723933
0.144900000000000	42.6983519844044
0.145000000000000	27.7163661357536
0.145100000000000	23.0473580826545
0.145200000000000	19.1719135570206
0.145300000000000	16.6981480224939
0.145400000000000	13.7557729955187
0.145500000000000	13.2284211743961
0.145600000000000	17.5938892492628
0.145700000000000	19.0037318629178
0.145800000000000	15.5410437385062
0.145900000000000	11.5218305378620
0.146000000000000	10.3245919260901
0.146100000000000	4.36111558223193
0.146200000000000	-3.48212641485295
0.146300000000000	-10.6653401320150
0.146400000000000	-15.1052451223851
0.146500000000000	-17.4198325891429
0.146600000000000	-11.5616513935982
0.146700000000000	-4.98148684888103
0.146800000000000	1.29906875732299
0.146900000000000	6.69413127224961
0.147000000000000	7.88745667815010
0.147100000000000	8.65281194393378
0.147200000000000	4.52116878830388
0.147300000000000	-3.63720432307607
0.147400000000000	2.13001928803106
0.147500000000000	-2.18522435140779
0.147600000000000	4.34593133091430
0.147700000000000	10.6443896598179
0.147800000000000	23.2985250758013
0.147900000000000	23.5312515011700
0.148000000000000	36.6898339767708
0.148100000000000	35.0835950203589
0.148200000000000	34.1344361823639
0.148300000000000	29.6765891921131
0.148400000000000	27.3425442149937
0.148500000000000	22.8046176832864
0.148600000000000	22.4811816162968
0.148700000000000	30.1721529539363
0.148800000000000	29.0538146730436
0.148900000000000	30.4384351758368
0.149000000000000	41.0254023923885
0.149100000000000	40.5439870074807
0.149200000000000	38.0483240120379
0.149300000000000	30.1211204063473
0.149400000000000	26.5815666977466
0.149500000000000	14.1093620045765
0.149600000000000	6.18312304302433
0.149700000000000	1.51571875485518
0.149800000000000	-0.259031060477080
0.149900000000000	3.39054079412200
0.150000000000000	6.90756974518806
0.150100000000000	0.319715872299096
0.150200000000000	6.51879446802701
0.150300000000000	2.45459171514162
0.150400000000000	7.37132530928964
0.150500000000000	3.36197237490090
0.150600000000000	-9.49126233759686
0.150700000000000	-9.18173755439027
0.150800000000000	-12.0350064042628
0.150900000000000	-11.0314323930698
0.151000000000000	-4.62357378604243
0.151100000000000	1.72013571498252
0.151200000000000	7.53555396997683
0.151300000000000	10.8206733282254
0.151400000000000	21.9367079720590
0.151500000000000	15.2219716654098
0.151600000000000	17.0672716835067
0.151700000000000	14.1187348162133
0.151800000000000	16.7511654972829
0.151900000000000	17.5831455685034
0.152000000000000	20.8265971023534
0.152100000000000	26.6381681197730
0.152200000000000	24.7240224717422
0.152300000000000	37.3947740389948
0.152400000000000	41.6507366472255
0.152500000000000	42.0527592825363
0.152600000000000	43.6130276176568
0.152700000000000	38.0262866876634
0.152800000000000	29.3174886385908
0.152900000000000	24.7680484653085
0.153000000000000	19.7539483115149
0.153100000000000	17.8437283568292
0.153200000000000	20.6527380912395
0.153300000000000	23.8216426331746
0.153400000000000	22.5467226923399
0.153500000000000	21.9685448114824
0.153600000000000	22.2866638996023
0.153700000000000	23.3105022654032
0.153800000000000	17.3271252227178
0.153900000000000	1.96802809370253
0.154000000000000	-0.205263046405500
0.154100000000000	-8.55553756673284
0.154200000000000	-12.8156354152406
0.154300000000000	-8.41840022882624
0.154400000000000	-10.5451190765614
0.154500000000000	-6.10356238824391
0.154600000000000	1.05416325193348
0.154700000000000	-2.82389057541747
0.154800000000000	1.75322240063524
0.154900000000000	-2.33803233086504
0.155000000000000	-7.33071737219846
0.155100000000000	-7.72179465145470
0.155200000000000	-6.10487347018475
0.155300000000000	-5.57553881078994
0.155400000000000	7.22291485080380
0.155500000000000	7.07435577973154
0.155600000000000	13.2247543940365
0.155700000000000	26.0391359262376
0.155800000000000	31.3465522360214
0.155900000000000	28.9676950001049
0.156000000000000	31.1690375174240
0.156100000000000	25.3535157032332
0.156200000000000	24.8500248037501
0.156300000000000	22.9627684526124
0.156400000000000	30.7322418743245
0.156500000000000	28.8276560480064
0.156600000000000	27.5040723139009
0.156700000000000	31.8916684054233
0.156800000000000	38.4397939770791
0.156900000000000	43.5662033904492
0.157000000000000	46.8713690708002
0.157100000000000	34.2124239443027
0.157200000000000	28.5036753753238
0.157300000000000	16.1728064545251
0.157400000000000	18.1080563645124
0.157500000000000	11.5480224908067
0.157600000000000	10.7174681352743
0.157700000000000	11.0294760309730
0.157800000000000	4.26773849027722
0.157900000000000	16.3999019354331
0.158000000000000	12.9859290736761
0.158100000000000	9.05468314091966
0.158200000000000	4.77753712644843
0.158300000000000	3.19510658944287
0.158400000000000	-0.915516303558327
0.158500000000000	-8.93036720883104
0.158600000000000	-8.78276598231085
0.158700000000000	-15.1399966850797
0.158800000000000	-14.0216888285716
0.158900000000000	-4.22190371550174
0.159000000000000	0.161389347349910
0.159100000000000	5.36473237375955
0.159200000000000	10.6010832992807
0.159300000000000	7.34085077685112
0.159400000000000	7.52193046739053
0.159500000000000	7.69350928856291
0.159600000000000	6.99606656329835
0.159700000000000	5.00277607301295
0.159800000000000	10.4322331408473
0.159900000000000	17.5574121643477
0.160000000000000	24.3749659475313
0.160100000000000	35.4149168927816
0.160200000000000	36.1657930253399
0.160300000000000	43.2682652410249
0.160400000000000	45.9779841169784
0.160500000000000	43.0805121830598
0.160600000000000	31.2175371881664
0.160700000000000	29.6904639913766
0.160800000000000	21.8621464977247
0.160900000000000	25.7366267490343
0.161000000000000	20.6281228631829
0.161100000000000	23.5462498488968
0.161200000000000	29.0989517860005
0.161300000000000	27.5533878441673
0.161400000000000	33.4624452545108
0.161500000000000	27.4558312376626
0.161600000000000	23.1200587024336
0.161700000000000	12.5005378484431
0.161800000000000	5.62509790195675
0.161900000000000	-5.41486480275032
0.162000000000000	-2.33957165033515
0.162100000000000	-4.80798658401040
0.162200000000000	-4.11591809259153
0.162300000000000	5.11616381442502
0.162400000000000	6.67588897283669
0.162500000000000	4.51033152173189
0.162600000000000	4.24459906434410
0.162700000000000	-1.65638465635988
0.162800000000000	-7.87370512776405
0.162900000000000	-8.52255717135302
0.163000000000000	-11.7556655898283
0.163100000000000	-10.6072186258855
0.163200000000000	-3.39808588996522
0.163300000000000	1.23392382967692
0.163400000000000	9.92168037077334
0.163500000000000	23.6215010656504
0.163600000000000	16.3027111165591
0.163700000000000	23.2336103644627
0.163800000000000	21.0639966759878
0.163900000000000	29.2635377809367
0.164000000000000	19.6225951490867
0.164100000000000	24.6292986825612
0.164200000000000	21.4598628167410
0.164300000000000	25.1374269338892
0.164400000000000	27.1229618115087
0.164500000000000	33.7684520008858
0.164600000000000	41.9612014646392
0.164700000000000	42.5013870610695
0.164800000000000	49.8293237538597
0.164900000000000	35.2356723665176
0.165000000000000	36.6293771599448
0.165100000000000	26.4108360279102
0.165200000000000	17.9694237557117
0.165300000000000	12.1227092342277
0.165400000000000	12.1421417313094
0.165500000000000	13.7092714657202
0.165600000000000	13.8878911493725
0.165700000000000	24.6288429141989
0.165800000000000	16.8160344866427
0.165900000000000	12.3041035085275
0.166000000000000	10.3026486593184
0.166100000000000	2.78600692140634
0.166200000000000	-9.17555729489796
0.166300000000000	-12.1027798149905
0.166400000000000	-12.6184215280711
0.166500000000000	-8.61122408860303
0.166600000000000	-10.0677010906894
0.166700000000000	-0.583386198493241
0.166800000000000	-3.10233033852445
0.166900000000000	4.74713894487220
0.167000000000000	8.13569980113660
0.167100000000000	-1.01270777531399
0.167200000000000	4.71140396534614
0.167300000000000	-0.812690070217926
0.167400000000000	-3.78284342538335
0.167500000000000	4.69223946641855
0.167600000000000	6.29567275877330
0.167700000000000	10.0446545588754
0.167800000000000	19.6996706791841
0.167900000000000	24.3788892843531
0.168000000000000	31.6512239494687
0.168100000000000	42.2253679244155
0.168200000000000	43.8611213602742
0.168300000000000	36.9568721562319
0.168400000000000	28.1250817024680
0.168500000000000	27.9691645785787
0.168600000000000	23.4954056774386
0.168700000000000	23.8547470091038
0.168800000000000	32.3368663241545
0.168900000000000	39.7666445439837
0.169000000000000	38.0901816837774
0.169100000000000	41.9921273350755
0.169200000000000	35.1940609071888
0.169300000000000	31.7174022387194
0.169400000000000	24.0834114084645
0.169500000000000	20.8552073290974
0.169600000000000	7.45007396598516
0.169700000000000	3.37859747577972
0.169800000000000	2.72222438548144
0.169900000000000	-0.0819512535140206
0.170000000000000	0.776822044224945
0.170100000000000	5.86534486807286
0.170200000000000	5.95898204385177
0.170300000000000	5.84495777495309
0.170400000000000	7.02852315856937
0.170500000000000	-1.39175572421824
0.170600000000000	-4.35744629353419
0.170700000000000	-16.0701559784685
0.170800000000000	-14.2553346393461
0.170900000000000	-16.5979843272672
0.171000000000000	-8.06343884889487
0.171100000000000	-4.74353835914216
0.171200000000000	7.69180097588280
0.171300000000000	15.9709087112484
0.171400000000000	16.2918306722520
0.171500000000000	19.5587223053948
0.171600000000000	20.6663497940762
0.171700000000000	17.6935051318820
0.171800000000000	13.8114126338301
0.171900000000000	8.34158942288368
0.172000000000000	14.8206780772733
0.172100000000000	15.3199554253144
0.172200000000000	27.5659697567947
0.172300000000000	38.8368148327761
0.172400000000000	43.2455177952310
0.172500000000000	52.1384161587883
0.172600000000000	43.0021038972976
0.172700000000000	41.8122308610988
0.172800000000000	33.9333631285863
0.172900000000000	24.3945384827522
0.173000000000000	22.6262258483826
0.173100000000000	18.3719034373479
0.173200000000000	17.5753493518073
0.173300000000000	20.8237830941689
0.173400000000000	24.8222707719652
0.173500000000000	35.3704860585043
0.173600000000000	24.3744877612990
0.173700000000000	19.7839810860073
0.173800000000000	12.8634474021161
0.173900000000000	6.82022455311411
0.174000000000000	2.36077999444435
0.174100000000000	-11.0705684396770
0.174200000000000	-18.1368586920600
0.174300000000000	-10.1590505427463
0.174400000000000	-3.45252797255700
0.174500000000000	-9.56827248655179
0.174600000000000	4.84682316417298
0.174700000000000	8.90391242938095
0.174800000000000	5.46353314502114
0.174900000000000	-3.72768686336443
0.175000000000000	-1.26175246603878
0.175100000000000	-3.07977420587309
0.175200000000000	-3.87058413962957
0.175300000000000	-2.83346890196748
0.175400000000000	2.02934714161713
0.175500000000000	10.7372343172012
0.175600000000000	12.0762641745094
0.175700000000000	27.2308884707178
0.175800000000000	24.2820298900503
0.175900000000000	32.7243940490564
0.176000000000000	33.1465323959356
0.176100000000000	32.9045296175517
0.176200000000000	22.9903130262586
0.176300000000000	24.2892208032982
0.176400000000000	27.8041678322820
0.176500000000000	27.3671184563805
0.176600000000000	33.1944393267144
0.176700000000000	36.1952391850331
0.176800000000000	38.9821715687048
0.176900000000000	46.1141527773207
0.177000000000000	43.4637219645416
0.177100000000000	40.1663694355327
0.177200000000000	27.9786901025205
0.177300000000000	21.4146102156970
0.177400000000000	17.3215616402834
0.177500000000000	5.80545206732562
0.177600000000000	9.15557530398163
0.177700000000000	9.76233542600457
0.177800000000000	15.6012459406360
0.177900000000000	19.2293519199749
0.178000000000000	17.7752539123431
0.178100000000000	8.03086506965233
0.178200000000000	1.61316362505573
0.178300000000000	-4.14203748517252
0.178400000000000	-4.61156392004006
0.178500000000000	-14.1096298051850
0.178600000000000	-18.4186872124770
0.178700000000000	-14.5935575952893
0.178800000000000	-9.97307269397745
0.178900000000000	-7.46407170396913
0.179000000000000	3.81298041932676
0.179100000000000	5.86523655031023
0.179200000000000	9.73921694874638
0.179300000000000	15.4896835536290
0.179400000000000	9.03805101648331
0.179500000000000	5.86306679335237
0.179600000000000	11.0921434472595
0.179700000000000	10.2401098788124
0.179800000000000	12.0735816264548
0.179900000000000	18.1921093186193
0.180000000000000	22.4673038511028
0.180100000000000	31.1991180140991
0.180200000000000	41.9579752990747
0.180300000000000	42.6056964772796
0.180400000000000	40.0599993915233
0.180500000000000	44.6810653146786
0.180600000000000	31.0277423470047
0.180700000000000	25.6903546038137
0.180800000000000	22.8682745636403
0.180900000000000	16.1263194598914
0.181000000000000	27.1174249609920
0.181100000000000	32.1674710915675
0.181200000000000	33.8619495358979
0.181300000000000	29.9920341652500
0.181400000000000	28.5261531625061
0.181500000000000	30.5293171254226
0.181600000000000	18.3034091030115
0.181700000000000	15.1902491257483
0.181800000000000	-0.326484655503513
0.181900000000000	-1.12696922043885
0.182000000000000	-8.71245507285341
0.182100000000000	-6.86110492696799
0.182200000000000	-4.35228417113715
0.182300000000000	5.63396230537209
0.182400000000000	7.28787683309692
0.182500000000000	6.29767169262460
0.182600000000000	7.97953496459332
0.182700000000000	-3.17214019716998
0.182800000000000	-10.6127311178393
0.182900000000000	-8.11753729790453
0.183000000000000	-11.2374605639275
0.183100000000000	-9.74148061741815
0.183200000000000	-7.91857363231688
0.183300000000000	4.81006832771791
0.183400000000000	12.6935027509668
0.183500000000000	14.6102712148882
0.183600000000000	23.9286030554164
0.183700000000000	30.0151757740900
0.183800000000000	25.1086060865153
0.183900000000000	29.2320165251278
0.184000000000000	20.3464183256188
0.184100000000000	18.1377648308242
0.184200000000000	16.2600883478832
0.184300000000000	24.5621245912412
0.184400000000000	32.5679724433687
0.184500000000000	43.2933492547408
0.184600000000000	40.0660077961848
0.184700000000000	44.3891066088570
0.184800000000000	44.0713313069473
0.184900000000000	40.2274566437348
0.185000000000000	33.5896891562653
0.185100000000000	29.4293033366600
0.185200000000000	20.7602136544083
0.185300000000000	13.0417135507672
0.185400000000000	21.6633725496531
0.185500000000000	13.9492148712218
0.185600000000000	19.6675473064353
0.185700000000000	24.9720264950304
0.185800000000000	24.9070273522899
0.185900000000000	13.4963688394351
0.186000000000000	10.0207694697525
0.186100000000000	0.271289163616032
0.186200000000000	-5.56293907544945
0.186300000000000	-11.6289033709844
0.186400000000000	-17.9937110714256
0.186500000000000	-11.9225621049423
0.186600000000000	-7.78918668721039
0.186700000000000	-3.94323284874151
0.186800000000000	1.05485718428963
0.186900000000000	5.54498939934487
0.187000000000000	1.11446993745934
0.187100000000000	3.23554172099208
0.187200000000000	1.11376833429662
0.187300000000000	1.31441740129937
0.187400000000000	-0.100043777694701
0.187500000000000	-0.931606507623735
0.187600000000000	6.77322448393170
0.187700000000000	13.0677645482774
0.187800000000000	23.7383188090555
0.187900000000000	29.2621231256625
0.188000000000000	35.8629400505392
0.188100000000000	40.4008214613646
0.188200000000000	37.9237647212141
0.188300000000000	37.9287387136903
0.188400000000000	28.1614083550123
0.188500000000000	27.7960479279536
0.188600000000000	24.1568522975607
0.188700000000000	27.0221149263716
0.188800000000000	26.4146953680065
0.188900000000000	36.1652512476706
0.189000000000000	30.0592062506670
0.189100000000000	37.2781766000948
0.189200000000000	44.7682818574445
0.189300000000000	38.1053331653915
0.189400000000000	25.3581184161348
0.189500000000000	13.1396928164064
0.189600000000000	6.48066227403282
0.189700000000000	0.562584426689469
0.189800000000000	2.15121078504014
0.189900000000000	6.33046933129443
0.190000000000000	3.46476133768388
0.190100000000000	6.85087684664055
0.190200000000000	8.30891971524909
0.190300000000000	12.0412851325083
0.190400000000000	3.68173540021392
0.190500000000000	-0.0597819320087840
0.190600000000000	-10.4601419552238
0.190700000000000	-9.97739460685476
0.190800000000000	-18.4619464363444
0.190900000000000	-11.6523938971808
0.191000000000000	-11.1316935526335
0.191100000000000	9.02593052810372
0.191200000000000	7.92164685592357
0.191300000000000	11.3624692909539
0.191400000000000	17.5339980941676
0.191500000000000	23.3701834994581
0.191600000000000	17.9822430889831
0.191700000000000	10.3461480659065
0.191800000000000	15.6666818261879
0.191900000000000	12.3714461563292
0.192000000000000	12.8340644029341
0.192100000000000	25.9111689538464
0.192200000000000	29.5631036989825
0.192300000000000	33.1369348008695
0.192400000000000	47.5593494310525
0.192500000000000	48.5003587698807
0.192600000000000	39.7510398873638
0.192700000000000	40.2704595398378
0.192800000000000	35.7200199853532
0.192900000000000	24.4123560783603
0.193000000000000	23.2344388112657
0.193100000000000	19.3665719981136
0.193200000000000	19.6778724806531
0.193300000000000	19.6430630343551
0.193400000000000	30.1747654345073
0.193500000000000	29.1166141069442
0.193600000000000	26.4409484085884
0.193700000000000	22.8979068001028
0.193800000000000	19.6142086089999
0.193900000000000	5.75607259372487
0.194000000000000	-3.99795211725783
0.194100000000000	-6.70321201469781
0.194200000000000	-7.93390757238800
0.194300000000000	-11.2384573894243
0.194400000000000	-10.4667194873322
0.194500000000000	-6.88829996930029
0.194600000000000	-0.585284740132405
0.194700000000000	10.3238181262308
0.194800000000000	8.33200068847203
0.194900000000000	-1.26518418023336
0.195000000000000	-2.26637294011355
0.195100000000000	-4.42973908155564
0.195200000000000	-9.16896998710374
0.195300000000000	-4.45150097316252
0.195400000000000	-2.68862038540237
0.195500000000000	3.86044345556683
0.195600000000000	13.2967423684196
0.195700000000000	26.4810724443921
0.195800000000000	28.9910714618322
0.195900000000000	31.6279730468296
0.196000000000000	31.9583259748687
0.196100000000000	26.0056589826433
0.196200000000000	23.8306948367811
0.196300000000000	25.2127244234605
0.196400000000000	26.3056321559204
0.196500000000000	25.8981170343005
0.196600000000000	31.7343576289559
0.196700000000000	34.3151270439380
0.196800000000000	39.9294359222720
0.196900000000000	42.1610044656555
0.197000000000000	43.4878616228704
0.197100000000000	35.9006284724184
0.197200000000000	32.6848887029564
0.197300000000000	17.4604548440413
0.197400000000000	14.3957658254813
0.197500000000000	6.71445708948897
0.197600000000000	7.32443277233758
0.197700000000000	8.85302135956951
0.197800000000000	4.37686267104450
0.197900000000000	12.9341828992033
0.198000000000000	11.9585620710739
0.198100000000000	18.0926256861298
0.198200000000000	10.0527476958890
0.198300000000000	-0.776225419026988
0.198400000000000	-9.28858181810201
0.198500000000000	-13.6949829565631
0.198600000000000	-14.6827102610104
0.198700000000000	-10.8901868832732
0.198800000000000	-9.71905984229232
0.198900000000000	-0.0306546908148526
0.199000000000000	3.38038332950425
0.199100000000000	13.4775759979562
0.199200000000000	11.2498311763210
0.199300000000000	9.07838739605187
0.199400000000000	13.9806448755489
0.199500000000000	10.4696444311853
0.199600000000000	4.12953163556954
0.199700000000000	4.71509785313077
0.199800000000000	14.9493423979885
0.199900000000000	16.4564563411256
0.200000000000000	26.4308050175376
0.200100000000000	37.6050682719058
0.200200000000000	40.0904344871958
0.200300000000000	39.6681547433296
0.200400000000000	40.8559029774439
0.200500000000000	41.4338243959996
0.200600000000000	30.1124092536386
0.200700000000000	30.8399740237017
0.200800000000000	23.5247887420160
0.200900000000000	20.4953464931689
0.201000000000000	22.8563439387837
0.201100000000000	32.1776242111808
0.201200000000000	33.8019382332756
0.201300000000000	35.1579481659772
0.201400000000000	28.0432044723444
0.201500000000000	31.4935510023922
0.201600000000000	19.5447379825247
0.201700000000000	12.3004683640960
0.201800000000000	6.93421450699176
0.201900000000000	-6.90960736694998
0.202000000000000	-4.42056952276865
0.202100000000000	-9.15486709940787
0.202200000000000	-7.81068691715954
0.202300000000000	6.34030364383413
0.202400000000000	5.50573767533967
0.202500000000000	7.31425600582323
0.202600000000000	0.670260455220031
0.202700000000000	0.610523392875388
0.202800000000000	-8.23826734034772
0.202900000000000	-8.53694250308555
0.203000000000000	-14.5629386601398
0.203100000000000	-8.87776540425801
0.203200000000000	3.84051939891364
0.203300000000000	5.68481278544235
0.203400000000000	10.2202692538366
0.203500000000000	18.5543910238426
0.203600000000000	19.5340520342993
0.203700000000000	26.4755753555495
0.203800000000000	28.3772074001517
0.203900000000000	25.9264807811817
0.204000000000000	17.5399303233872
0.204100000000000	19.6799141739132
0.204200000000000	21.1791365197172
0.204300000000000	24.9004769017611
0.204400000000000	28.9320421275629
0.204500000000000	35.6244488123486
0.204600000000000	43.1463987875331
0.204700000000000	43.9899678206553
0.204800000000000	42.4071715603035
0.204900000000000	40.4774632904603
0.205000000000000	33.9297208036157
0.205100000000000	24.0051772769701
0.205200000000000	19.0973213428045
0.205300000000000	18.6599570318083
0.205400000000000	12.4462859639779
0.205500000000000	17.3488580265698
0.205600000000000	20.4960679811894
0.205700000000000	19.9820952954165
0.205800000000000	19.4868279172338
0.205900000000000	16.5547533173978
0.206000000000000	7.80013723629602
0.206100000000000	6.81560233817129
0.206200000000000	-5.67332461407960
0.206300000000000	-13.9501592635865
0.206400000000000	-15.0854335157261
0.206500000000000	-8.27767757419527
0.206600000000000	-14.2740790113582
0.206700000000000	-1.09029660476129
0.206800000000000	5.65778935597918
0.206900000000000	9.22498935327710
0.207000000000000	3.70890880880942
0.207100000000000	12.2359597143636
0.207200000000000	2.46829551803476
0.207300000000000	1.18532678681998
0.207400000000000	-3.15499782575153
0.207500000000000	0.149309246167645
0.207600000000000	0.825259541230246
0.207700000000000	11.6049190946629
0.207800000000000	19.0853041903660
0.207900000000000	29.0213794275281
0.208000000000000	36.8899942050130
0.208100000000000	38.5498610534757
0.208200000000000	40.4557107133927
0.208300000000000	34.3225049431295
0.208400000000000	20.9397844480122
0.208500000000000	24.3980445397480
0.208600000000000	28.0780293250353
0.208700000000000	29.2076156120315
0.208800000000000	35.8257915916788
0.208900000000000	31.8826673271921
0.209000000000000	42.4045249749561
0.209100000000000	40.2541677897735
0.209200000000000	40.0789071616096
0.209300000000000	33.4887623644349
0.209400000000000	25.9429606087578
0.209500000000000	16.4835710506777
0.209600000000000	6.54752763038196
0.209700000000000	-4.87883747845453
0.209800000000000	-3.29733626638955
0.209900000000000	-3.26639849801956
0.210000000000000	2.96652988897088
0.210100000000000	-0.278847721396668
0.210200000000000	10.1594532096603
0.210300000000000	11.0779240925963
0.210400000000000	-0.536263323325841
0.210500000000000	-2.00231162252157
0.210600000000000	-9.46364708999162
0.210700000000000	-14.1884967699678
0.210800000000000	-12.0743557586693
0.210900000000000	-13.5633838121999
0.211000000000000	-9.48214857151224
0.211100000000000	-3.74018599488581
0.211200000000000	7.95628161144815
0.211300000000000	15.0965483342733
0.211400000000000	18.4160060269119
0.211500000000000	20.0648578771639
0.211600000000000	19.6828967454547
0.211700000000000	17.9739438917841
0.211800000000000	10.8768686224990
0.211900000000000	13.1999657056157
0.212000000000000	17.5063500946417
0.212100000000000	22.1401915575949
0.212200000000000	30.6134295810009
0.212300000000000	33.7652098587246
0.212400000000000	44.5429326351369
0.212500000000000	43.3654524152373
0.212600000000000	42.9493829265767
0.212700000000000	45.1433269190166
0.212800000000000	32.4286194593302
0.212900000000000	27.3993055980342
0.213000000000000	14.0550969541674
0.213100000000000	22.8094939265416
0.213200000000000	25.9249674288813
0.213300000000000	19.8550347355078
0.213400000000000	25.6998131649415
0.213500000000000	25.4829790657525
0.213600000000000	20.1286581507946
0.213700000000000	17.5746359758374
0.213800000000000	14.4155603023479
0.213900000000000	5.98830512965703
0.214000000000000	-0.00429054512155958
0.214100000000000	-9.12888842319132
0.214200000000000	-11.5944775338713
0.214300000000000	-4.60529672451087
0.214400000000000	-8.12692322580956
0.214500000000000	-3.53853463814320
0.214600000000000	4.82394983937231
0.214700000000000	7.13700911220132
0.214800000000000	4.69833693996489
0.214900000000000	1.92494979813434
0.215000000000000	-4.38437094204523
0.215100000000000	-1.91261498483098
0.215200000000000	-6.48724486187296
0.215300000000000	-2.85591488199221
0.215400000000000	3.62962152321016
0.215500000000000	10.2099511556062
0.215600000000000	10.2616467891860
0.215700000000000	28.1826014697642
0.215800000000000	28.5507949846981
0.215900000000000	32.7520279875199
0.216000000000000	32.0452097062966
0.216100000000000	23.1195691342993
0.216200000000000	29.9691019619778
0.216300000000000	24.0543302869102
0.216400000000000	25.6379408704909
0.216500000000000	26.0585742721287
0.216600000000000	33.2452726791866
0.216700000000000	37.1413630975209
0.216800000000000	40.8167573497662
0.216900000000000	46.7041242550727
0.217000000000000	41.2219180845036
0.217100000000000	32.6574269888328
0.217200000000000	30.3021818487376
0.217300000000000	17.8836825450828
0.217400000000000	11.4369287494349
0.217500000000000	7.28352450931972
0.217600000000000	11.2771036410447
0.217700000000000	9.50451465568525
0.217800000000000	8.13215784194640
0.217900000000000	12.7823886606869
0.218000000000000	15.9178236165397
0.218100000000000	10.8999412246651
0.218200000000000	4.63496226536313
0.218300000000000	-7.58446347608922
0.218400000000000	-11.5983949171094
0.218500000000000	-13.1056848293765
0.218600000000000	-20.8915067645277
0.218700000000000	-15.1229775292853
0.218800000000000	-10.4706724766060
0.218900000000000	-4.37535811899273
0.219000000000000	1.55971207593056
0.219100000000000	12.3781078798446
0.219200000000000	6.89773434348359
0.219300000000000	14.3093600813254
0.219400000000000	8.87822447309588
0.219500000000000	6.30022054813463
0.219600000000000	7.71985714886058
0.219700000000000	8.40849203044094
0.219800000000000	20.9665476070828
0.219900000000000	13.5822882302621
0.220000000000000	28.7823139113847
0.220100000000000	37.6173603972602
0.220200000000000	42.0319018659561
0.220300000000000	42.9314273942590
0.220400000000000	43.1173116154875
0.220500000000000	28.4226139334613
0.220600000000000	34.4826359568462
0.220700000000000	28.3698684300087
0.220800000000000	27.2679283062251
0.220900000000000	23.0159077604773
0.221000000000000	26.4676958914775
0.221100000000000	29.5206504680655
0.221200000000000	28.3029900200401
0.221300000000000	39.3176628458571
0.221400000000000	25.8356228945944
0.221500000000000	27.2800332719846
0.221600000000000	17.0391301101441
0.221700000000000	12.9740836864776
0.221800000000000	2.87975825321261
0.221900000000000	-9.81726735883853
0.222000000000000	-0.906501132154958
0.222100000000000	-6.74929910890533
0.222200000000000	-5.82379060903491
0.222300000000000	0.0233625000627526
0.222400000000000	7.04936137327698
0.222500000000000	4.41955443867429
0.222600000000000	-5.53486585124203
0.222700000000000	3.51450002127568
0.222800000000000	-7.16216418171614
0.222900000000000	-6.97364034328876
0.223000000000000	-8.12005505375948
0.223100000000000	-8.08728640625048
0.223200000000000	-3.87717243717150
0.223300000000000	8.04215329720509
0.223400000000000	7.36783262320630
0.223500000000000	17.0896533248729
0.223600000000000	19.8454482438992
0.223700000000000	24.0635911446688
0.223800000000000	19.7872591078848
0.223900000000000	26.1011541479987
0.224000000000000	20.0528489593678
0.224100000000000	20.5005674237483
0.224200000000000	22.6304508600750
0.224300000000000	30.6398188083188
0.224400000000000	29.5472378939846
0.224500000000000	33.7208771552924
0.224600000000000	39.4697925009978
0.224700000000000	46.6293943548666
0.224800000000000	43.7308652210653
0.224900000000000	39.1315669305347
0.225000000000000	32.0317901033962
0.225100000000000	23.2061432857564
0.225200000000000	12.9641910233897
0.225300000000000	15.8617081969961
0.225400000000000	19.9525774282599
0.225500000000000	12.8953471828240
0.225600000000000	22.3041170600689
0.225700000000000	24.9754395422180
0.225800000000000	17.1484061029570
0.225900000000000	15.9559005533714
0.226000000000000	10.4721011179678
0.226100000000000	5.29307231337414
0.226200000000000	-2.25535659310864
0.226300000000000	-10.8336439718139
0.226400000000000	-13.1121767555128
0.226500000000000	-14.0194731078903
0.226600000000000	-7.56730743853154
0.226700000000000	-8.13935741664980
0.226800000000000	4.48966128046714
0.226900000000000	13.7278345795570
0.227000000000000	11.0332033610046
0.227100000000000	1.30871331228587
0.227200000000000	7.20207252379047
0.227300000000000	-5.01962027871814
0.227400000000000	3.10939917092398
0.227500000000000	1.00278993461876
0.227600000000000	1.03093959733127
0.227700000000000	9.74563858604130
0.227800000000000	22.4477644423715
0.227900000000000	32.7822753322314
0.228000000000000	32.9423786054089
0.228100000000000	34.2198814899923
0.228200000000000	34.7946604365263
0.228300000000000	35.9817130787754
0.228400000000000	32.3690186367460
0.228500000000000	26.5015162379273
0.228600000000000	29.6563253463336
0.228700000000000	26.0940547364683
0.228800000000000	31.9873913803952
0.228900000000000	31.4211311977416
0.229000000000000	38.9108486037828
0.229100000000000	40.0248007694801
0.229200000000000	35.8200130358020
0.229300000000000	30.8077823000617
0.229400000000000	26.3344311668854
0.229500000000000	18.6112522379444
0.229600000000000	4.53966404023388
0.229700000000000	1.46240056171130
0.229800000000000	5.55777516442841
0.229900000000000	3.99311372854171
0.230000000000000	11.0769788298861
0.230100000000000	6.24899882059435
0.230200000000000	8.06353333217134
0.230300000000000	6.78122965688746
0.230400000000000	3.13621373976901
0.230500000000000	1.69205974955015
0.230600000000000	-4.59008181689588
0.230700000000000	0.552402777361181
0.230800000000000	-9.82267786581554
0.230900000000000	-18.9666308471428
0.231000000000000	-9.31881240939056
0.231100000000000	0.775284598934368
0.231200000000000	5.23237654000302
0.231300000000000	12.6990300464873
0.231400000000000	17.2138815282888
0.231500000000000	16.9998208656010
0.231600000000000	11.3109669534852
0.231700000000000	14.7875445331058
0.231800000000000	9.93903509895754
0.231900000000000	14.4035520898755
0.232000000000000	8.70680165614783
0.232100000000000	22.8771303507694
0.232200000000000	29.1522121789654
0.232300000000000	37.9930070353877
0.232400000000000	40.4454971039669
0.232500000000000	40.8611996552622
0.232600000000000	42.4619013427912
0.232700000000000	39.3769191926362
0.232800000000000	29.8565428772115
0.232900000000000	23.2855974068121
0.233000000000000	21.0114207826340
0.233100000000000	15.1986748531182
0.233200000000000	15.5161676855194
0.233300000000000	17.7173061463551
0.233400000000000	27.2597845459227
0.233500000000000	27.9351283464500
0.233600000000000	26.0792309058868
0.233700000000000	31.5444388410299
0.233800000000000	15.6587895638562
0.233900000000000	7.92871480420459
0.234000000000000	-2.47662070417559
0.234100000000000	-12.6447000390849
0.234200000000000	-5.81842779212759
0.234300000000000	-5.39174967164983
0.234400000000000	-4.22334649593978
0.234500000000000	-7.58864117483989
0.234600000000000	4.95350770115608
0.234700000000000	5.85252571261716
0.234800000000000	11.0153089995722
0.234900000000000	1.75012786586041
0.235000000000000	-4.41689034354558
0.235100000000000	-8.43306050710659
0.235200000000000	-7.56968638580959
0.235300000000000	-6.03899424567388
0.235400000000000	3.93405102118979
0.235500000000000	15.2846448890995
0.235600000000000	12.7711289313890
0.235700000000000	23.7252897846167
0.235800000000000	28.9986718260138
0.235900000000000	26.2577727648775
0.236000000000000	31.7463723212712
0.236100000000000	26.9416054294198
0.236200000000000	23.5541976122733
0.236300000000000	27.3499353042854
0.236400000000000	26.0937594403681
0.236500000000000	24.6410560831337
0.236600000000000	34.4990388639168
0.236700000000000	35.9066937231017
0.236800000000000	39.2679659646359
0.236900000000000	42.7075219752416
0.237000000000000	37.6872582533214
0.237100000000000	34.5206575245801
0.237200000000000	26.8786279770169
0.237300000000000	19.7545640463370
0.237400000000000	13.5366897984893
0.237500000000000	15.8462541415337
0.237600000000000	10.6270567724119
0.237700000000000	7.66197904329506
0.237800000000000	14.4437882802061
0.237900000000000	15.9652979339977
0.238000000000000	16.4727420678083
0.238100000000000	11.0912022675190
0.238200000000000	1.61682784032234
0.238300000000000	1.16458856428599
0.238400000000000	-6.33821530214573
0.238500000000000	-15.6773226082796
0.238600000000000	-8.67132802431009
0.238700000000000	-14.2696190817406
0.238800000000000	-6.05353372207765
0.238900000000000	-5.59841790964144
0.239000000000000	8.53420814715886
0.239100000000000	8.27463723445642
0.239200000000000	10.0427350843258
0.239300000000000	14.3994036579427
0.239400000000000	9.09308891986091
0.239500000000000	12.8741452022099
0.239600000000000	12.0689374925103
0.239700000000000	7.81635267377841
0.239800000000000	19.3689901455352
0.239900000000000	16.2653130711692
0.240000000000000	23.4593886245114
0.240100000000000	29.6625961270036
0.240200000000000	35.3604551114911
0.240300000000000	43.0846341749792
0.240400000000000	39.5405875619694
0.240500000000000	39.6437879703931
0.240600000000000	33.2808657230305
0.240700000000000	25.7253126064467
0.240800000000000	23.4726949647905
0.240900000000000	21.7938380428417
0.241000000000000	27.0757886266084
0.241100000000000	28.8344860438734
0.241200000000000	35.1190175116617
0.241300000000000	24.0194540188295
0.241400000000000	37.5771978170442
0.241500000000000	23.2889959123263
0.241600000000000	22.0493504690706
0.241700000000000	5.09361965518854
0.241800000000000	5.27648643838166
0.241900000000000	-6.18928847868865
0.242000000000000	2.56968577718012
0.242100000000000	-4.10725157565446
0.242200000000000	-1.13198339922350
0.242300000000000	-0.506138982145764
0.242400000000000	3.34580300253940
0.242500000000000	5.11662446806541
0.242600000000000	3.05366989918812
0.242700000000000	-1.58192823933145
0.242800000000000	-9.97376494629434
0.242900000000000	-13.2632516292017
0.243000000000000	-9.60483759844619
0.243100000000000	-7.76694025619515
0.243200000000000	-6.70989927288939
0.243300000000000	8.79953544552284
0.243400000000000	11.5206355446251
0.243500000000000	23.2126393526733
0.243600000000000	21.1874262406408
0.243700000000000	30.3288636039621
0.243800000000000	25.3274048473148
0.243900000000000	24.3310618540061
0.244000000000000	16.0250375979507
0.244100000000000	19.6478743955800
0.244200000000000	27.0986938262319
0.244300000000000	25.5201995463667
0.244400000000000	31.6927231533860
0.244500000000000	40.6253158193611
0.244600000000000	44.6440361561265
0.244700000000000	44.0965745167641
0.244800000000000	43.8408695634251
0.244900000000000	40.6195722295943
0.245000000000000	31.6900584003568
0.245100000000000	21.4683390739097
0.245200000000000	22.5835788536425
0.245300000000000	16.3738637554730
0.245400000000000	15.2300903332937
0.245500000000000	20.0383429122860
0.245600000000000	12.9936073351793
0.245700000000000	23.8581184347573
0.245800000000000	19.8287881495924
0.245900000000000	17.3512306036817
0.246000000000000	12.6985709157328
0.246100000000000	-2.87525592231772
0.246200000000000	0.924325052756828
0.246300000000000	-11.0905480162103
0.246400000000000	-20.3087156992056
0.246500000000000	-17.3651677569728
0.246600000000000	-4.34548241746950
0.246700000000000	-2.44738634079753
0.246800000000000	2.06942922559968
0.246900000000000	6.90978588015084
0.247000000000000	4.10298146073485
0.247100000000000	7.21887681048620
0.247200000000000	1.83135100764996
0.247300000000000	1.62045380227069
0.247400000000000	4.73475922407270
0.247500000000000	3.23935932949036
0.247600000000000	10.3127884805777
0.247700000000000	16.7398760115572
0.247800000000000	21.6611256543044
0.247900000000000	28.6169376487180
0.248000000000000	37.1190742967989
0.248100000000000	33.8086324687067
0.248200000000000	36.5363945654584
0.248300000000000	35.7137749476787
0.248400000000000	31.8531507828577
0.248500000000000	24.9036416027940
0.248600000000000	26.2019828134678
0.248700000000000	26.6173871498942
0.248800000000000	26.1410160623322
0.248900000000000	31.0409550943787
0.249000000000000	36.0634711505233
0.249100000000000	42.1486511422209
0.249200000000000	39.2805602163250
0.249300000000000	36.1806774318313
0.249400000000000	27.3850319236619
0.249500000000000	17.3635421157683
0.249600000000000	8.91405006363906
0.249700000000000	4.22874208168630
0.249800000000000	5.45587552197234
0.249900000000000	2.71400509583382
0.250000000000000	7.42559368364082
0.250100000000000	6.66921060102800
0.250200000000000	1.49871968876901
0.250300000000000	6.15417960710973
0.250400000000000	4.11110713047904
0.250500000000000	-3.69526849859258
0.250600000000000	-7.45961217665804
0.250700000000000	-16.5675067704737
0.250800000000000	-15.7998256580969
0.250900000000000	-14.6845591999046
0.251000000000000	-8.15665735479725
0.251100000000000	0.897618387428697
0.251200000000000	8.67531646413029
0.251300000000000	16.5342156214258
0.251400000000000	20.4190742574396
0.251500000000000	17.0862371897200
0.251600000000000	22.2562865319088
0.251700000000000	15.5627591590749
0.251800000000000	10.4946819318864
0.251900000000000	10.8753914309705
0.252000000000000	13.7314686016047
0.252100000000000	18.1345856991294
0.252200000000000	33.3211891588115
0.252300000000000	35.4236371786048
0.252400000000000	44.8247595290736
0.252500000000000	42.4252815560900
0.252600000000000	47.5555044610260
0.252700000000000	40.1225775652742
0.252800000000000	30.2513298875703
0.252900000000000	29.8415162180634
0.253000000000000	24.7201112955852
0.253100000000000	15.7603013501212
0.253200000000000	16.6637581453334
0.253300000000000	23.6376817786631
0.253400000000000	23.4386035861869
0.253500000000000	25.2366666490103
0.253600000000000	28.0450488151869
0.253700000000000	22.3403631536101
0.253800000000000	17.9317775943074
0.253900000000000	7.41127118116367
0.254000000000000	3.30743907951765
0.254100000000000	-8.22675237175998
0.254200000000000	-9.40928087832853
0.254300000000000	-9.50421473942770
0.254400000000000	-5.71684536648045
0.254500000000000	-5.18594050671003
0.254600000000000	4.47684015764237
0.254700000000000	2.50816485911522
0.254800000000000	1.13753019961247
0.254900000000000	10.0262978844148
0.255000000000000	-4.94829523714176
0.255100000000000	-12.1586115027455
0.255200000000000	-7.13406729819271
0.255300000000000	-7.33300928757165
0.255400000000000	6.01514422460429
0.255500000000000	9.24988356417972
0.255600000000000	16.9341417604589
0.255700000000000	22.5442518680313
0.255800000000000	29.2305441385902
0.255900000000000	26.2572172395049
0.256000000000000	29.4868029619607
0.256100000000000	32.5782246144798
0.256200000000000	22.2589402071410
0.256300000000000	21.5481698528832
0.256400000000000	25.7206159596664
0.256500000000000	27.7127733258738
0.256600000000000	33.7453893928481
0.256700000000000	39.4300500243829
0.256800000000000	39.6841838745520
0.256900000000000	50.0079248823836
0.257000000000000	40.5383557554474
0.257100000000000	38.9812758976696
0.257200000000000	28.6473248067081
0.257300000000000	22.0359667184620
0.257400000000000	9.71445039084866
0.257500000000000	10.8732804797332
0.257600000000000	7.01470428541465
0.257700000000000	4.05354155899238
0.257800000000000	11.7616241238339
0.257900000000000	5.53877093055585
0.258000000000000	14.4226246233990
0.258100000000000	14.2274771733613
0.258200000000000	4.28983999767240
0.258300000000000	1.11968983760044
0.258400000000000	-5.92074168465931
0.258500000000000	-14.2448608644463
0.258600000000000	-14.2307736748403
0.258700000000000	-17.1622250552643
0.258800000000000	-7.01251994485593
0.258900000000000	0.115119747933509
0.259000000000000	3.49557919744127
0.259100000000000	7.20772052123996
0.259200000000000	18.0874386617519
0.259300000000000	6.62778004582714
0.259400000000000	14.9414449821247
0.259500000000000	10.8643605924622
0.259600000000000	10.2146770582306
0.259700000000000	11.6584162061718
0.259800000000000	3.34056360475529
0.259900000000000	19.1487682201955
0.260000000000000	25.6415010778675
0.260100000000000	33.3249765572983
0.260200000000000	36.7497036480756
0.260300000000000	36.7056463809066
0.260400000000000	38.1741111867380
0.260500000000000	38.9802884921373
0.260600000000000	33.0661879749521
0.260700000000000	29.9719277887217
0.260800000000000	27.4333489354667
0.260900000000000	20.7418303663334
0.261000000000000	25.8684892394483
0.261100000000000	30.5984583454169
0.261200000000000	29.3984317879083
0.261300000000000	37.9764015822153
0.261400000000000	34.6585286231743
0.261500000000000	26.0351643023844
0.261600000000000	20.2867524013996
0.261700000000000	13.4924808411278
0.261800000000000	1.49910670785526
0.261900000000000	-8.25795909742101
0.262000000000000	-3.72426477002804
0.262100000000000	-4.49721910498909
0.262200000000000	-5.86304378959038
0.262300000000000	5.83170088192693
0.262400000000000	5.97489610743893
0.262500000000000	4.94276087628103
0.262600000000000	5.17126158882217
0.262700000000000	-0.154657452647179
0.262800000000000	-7.12582970190288
0.262900000000000	-14.6035360865337
0.263000000000000	-12.2528689590784
0.263100000000000	-8.27608846419604
0.263200000000000	-7.65802992918097
0.263300000000000	-0.475434078453825
0.263400000000000	15.2346852101694
0.263500000000000	20.5071138996029
0.263600000000000	25.7706198357353
0.263700000000000	18.8616707586460
0.263800000000000	23.3378531619462
0.263900000000000	26.6592894413987
0.264000000000000	21.5065766988930
0.264100000000000	12.9850742651044
0.264200000000000	23.7022046468141
0.264300000000000	25.2247381930352
0.264400000000000	34.1749624213239
0.264500000000000	31.6398282603016
0.264600000000000	45.0496273708112
0.264700000000000	43.1221563792247
0.264800000000000	44.6924017389482
0.264900000000000	32.5361586945647
0.265000000000000	33.9059642113148
0.265100000000000	17.5195870851711
0.265200000000000	20.0542988189491
0.265300000000000	15.4116690215330
0.265400000000000	14.7084946203835
0.265500000000000	18.5774947980759
0.265600000000000	16.8856136708110
0.265700000000000	18.5106265214021
0.265800000000000	20.0083878841185
0.265900000000000	20.5619451422485
0.266000000000000	8.76993382042552
0.266100000000000	0.469415448590727
0.266200000000000	-9.36976682294712
0.266300000000000	-5.55024502008147
0.266400000000000	-11.1212244400435
0.266500000000000	-11.3552677629033
0.266600000000000	-4.40448537841151
0.266700000000000	-2.78133724317021
0.266800000000000	-0.149289934287516
0.266900000000000	4.85561573659527
0.267000000000000	9.70259378794873
0.267100000000000	12.8453291601978
0.267200000000000	6.23792869337857
0.267300000000000	0.333312770051053
0.267400000000000	-0.287866232170771
0.267500000000000	2.31461054870135
0.267600000000000	4.44680589813752
0.267700000000000	7.53535603926558
0.267800000000000	18.5142218562925
0.267900000000000	26.7198533234479
0.268000000000000	31.5732478939087
0.268100000000000	36.2420125942308
0.268200000000000	37.6980433961879
0.268300000000000	31.4876897318869
0.268400000000000	29.5111599621792
0.268500000000000	29.6447698016066
0.268600000000000	26.7964435375851
0.268700000000000	27.4959358817327
0.268800000000000	28.7189814268688
0.268900000000000	35.0454686062472
0.269000000000000	34.9809254024520
0.269100000000000	38.4859592363622
0.269200000000000	30.1888649058377
0.269300000000000	33.5702520622785
0.269400000000000	18.8115336539666
0.269500000000000	14.2784901600304
0.269600000000000	13.0067619576624
0.269700000000000	8.58973129921566
0.269800000000000	5.75386702390019
0.269900000000000	-2.17173966842594
0.270000000000000	1.29732690977801
0.270100000000000	6.12660034421631
0.270200000000000	8.36080815029909
0.270300000000000	7.25572922938239
0.270400000000000	6.71901499574109
0.270500000000000	-1.00323613521949
0.270600000000000	-3.67622222317629
0.270700000000000	-10.5762029054455
0.270800000000000	-13.0896347568642
0.270900000000000	-14.1582973528683
0.271000000000000	-6.58006143834060
0.271100000000000	1.79864717176719
0.271200000000000	10.9767770859329
0.271300000000000	15.1520761727691
0.271400000000000	12.7153398694662
0.271500000000000	24.8888607809251
0.271600000000000	16.1974569681263
0.271700000000000	17.8514980862674
0.271800000000000	4.68159138749376
0.271900000000000	21.3677570006087
0.272000000000000	12.5512953602294
0.272100000000000	19.3908230419815
0.272200000000000	27.6842609321104
0.272300000000000	37.0165405671924
0.272400000000000	38.3985026547731
0.272500000000000	47.5963398821575
0.272600000000000	37.2048227110534
0.272700000000000	39.4869725551599
0.272800000000000	33.9239252998033
0.272900000000000	26.3830628522753
0.273000000000000	16.7733054821058
0.273100000000000	21.2074124869605
0.273200000000000	17.4695365132315
0.273300000000000	24.8057208330318
0.273400000000000	24.7057599690088
0.273500000000000	29.5846212352618
0.273600000000000	28.3124633085593
0.273700000000000	22.7927885099125
0.273800000000000	15.9217161084174
0.273900000000000	6.05070762879381
0.274000000000000	0.939338900396932
0.274100000000000	-10.2423292741634
0.274200000000000	-10.8279549939671
0.274300000000000	-10.2573507985052
0.274400000000000	-7.95562934131889
0.274500000000000	-3.23483557888137
0.274600000000000	0.650835495896683
0.274700000000000	6.65355181919575
0.274800000000000	9.51856912457969
0.274900000000000	5.97651125293715
0.275000000000000	-5.47743468330517
0.275100000000000	-4.44816105958778
0.275200000000000	-5.25477708344871
0.275300000000000	-7.79706709560516
0.275400000000000	-0.792536087442569
0.275500000000000	9.31951957618894
0.275600000000000	12.8043899803702
0.275700000000000	23.8598709507136
0.275800000000000	32.7409928494884
0.275900000000000	32.2432218539470
0.276000000000000	35.4638702968480
0.276100000000000	30.9077281107528
0.276200000000000	23.9551464401946
0.276300000000000	28.3819188492817
0.276400000000000	24.1817742980375
0.276500000000000	21.7474173623318
0.276600000000000	28.3231111813306
0.276700000000000	33.0812386417538
0.276800000000000	33.5386147480229
0.276900000000000	42.5772594206507
0.277000000000000	42.2567630674274
0.277100000000000	38.2849543034395
0.277200000000000	30.8934601972241
0.277300000000000	22.6687488725608
0.277400000000000	11.5851139197721
0.277500000000000	5.67532064611037
0.277600000000000	8.40462163201939
0.277700000000000	6.19654907740530
0.277800000000000	11.0844028223770
0.277900000000000	11.1739194186113
0.278000000000000	12.8836909315316
0.278100000000000	14.9580037194629
0.278200000000000	4.85839553091944
0.278300000000000	-7.91776834391115
0.278400000000000	-8.12941494470849
0.278500000000000	-11.8668467157660
0.278600000000000	-11.4990454491819
0.278700000000000	-15.0228783669314
0.278800000000000	-9.68545178392041
0.278900000000000	-1.50191318750836
0.279000000000000	5.68432503330807
0.279100000000000	12.7733439167675
0.279200000000000	9.58368594743975
0.279300000000000	14.3705574794408
0.279400000000000	8.89532369364897
0.279500000000000	8.40346927505307
0.279600000000000	10.4715051959709
0.279700000000000	5.39217934107266
0.279800000000000	15.5471328145384
0.279900000000000	17.0742208692605
0.280000000000000	23.5114236937617
0.280100000000000	35.5198073448252
0.280200000000000	36.3050256958969
0.280300000000000	40.9784320412929
0.280400000000000	40.6767846010479
0.280500000000000	35.3729943627126
0.280600000000000	34.8882520635987
0.280700000000000	30.8896984637713
0.280800000000000	22.3504799332167
0.280900000000000	26.1482833355380
0.281000000000000	22.2184216478396
0.281100000000000	30.5819335079075
0.281200000000000	29.4535975884506
0.281300000000000	31.0652837096208
0.281400000000000	35.7551930318645
0.281500000000000	26.4814095906981
0.281600000000000	16.6151299204650
0.281700000000000	11.6905253354556
0.281800000000000	0.107896279838915
0.281900000000000	-8.65475668228778
0.282000000000000	-6.68802537459230
0.282100000000000	-10.6755354181818
0.282200000000000	-2.71200050358225
0.282300000000000	-5.90070951315355
0.282400000000000	2.32503411034561
0.282500000000000	4.56858485617734
0.282600000000000	2.83620522486449
0.282700000000000	0.116336758549123
0.282800000000000	-9.00130230517805
0.282900000000000	-9.05126161510246
0.283000000000000	-10.8805047628491
0.283100000000000	-12.1994319277233
0.283200000000000	6.33103314864995
0.283300000000000	6.32215801716309
0.283400000000000	14.0416743455586
0.283500000000000	18.8357929982856
0.283600000000000	18.1751648832430
0.283700000000000	23.4775600506957
0.283800000000000	23.5007352249615
0.283900000000000	23.6248922666597
0.284000000000000	17.5644003595970
0.284100000000000	19.6144676250575
0.284200000000000	22.8649060988359
0.284300000000000	23.4808743605256
0.284400000000000	26.6539574773722
0.284500000000000	37.8025284601579
0.284600000000000	43.8154964507705
0.284700000000000	40.5624001464447
0.284800000000000	47.6278973812459
0.284900000000000	39.0375648554883
0.285000000000000	30.0257455456157
0.285100000000000	23.2968642312958
0.285200000000000	21.4206685488026
0.285300000000000	14.8136955972321
0.285400000000000	13.6609391183591
0.285500000000000	13.5824648769743
0.285600000000000	19.2827180882643
0.285700000000000	16.9848238453585
0.285800000000000	20.6181005821083
0.285900000000000	27.4663155162908
0.286000000000000	10.3347412436011
0.286100000000000	0.750227910122050
0.286200000000000	-2.57778738685905
0.286300000000000	-13.4370769335306
0.286400000000000	-15.9340272552167
0.286500000000000	-13.9012519208844
0.286600000000000	-9.52768540205809
0.286700000000000	-2.63380695377067
0.286800000000000	4.04174656491425
0.286900000000000	6.93726648723952
0.287000000000000	5.25933713673598
0.287100000000000	5.88909305277448
0.287200000000000	3.09037079788132
0.287300000000000	-0.116739495793929
0.287400000000000	3.56494979903913
0.287500000000000	7.92774563772666
0.287600000000000	3.00456919610950
0.287700000000000	12.5000917100028
0.287800000000000	22.4070351992100
0.287900000000000	33.6206151997963
0.288000000000000	36.1599428662410
0.288100000000000	37.9707437738079
0.288200000000000	39.2310982119718
0.288300000000000	30.3313803560826
0.288400000000000	30.9048290606374
0.288500000000000	25.0227338979115
0.288600000000000	19.2637108606593
0.288700000000000	23.7036958275220
0.288800000000000	28.1250972582014
0.288900000000000	33.3214201803601
0.289000000000000	35.7005492768739
0.289100000000000	41.6036233709483
0.289200000000000	38.4319125636475
0.289300000000000	28.8602900260071
0.289400000000000	20.8499786376469
0.289500000000000	18.9728787499827
0.289600000000000	10.3368761479471
0.289700000000000	0.201242631523051
0.289800000000000	-2.77907238703758
0.289900000000000	0.320234799190226
0.290000000000000	3.49460924187016
0.290100000000000	7.22059871657808
0.290200000000000	13.5576261235540
0.290300000000000	12.6125921831478
0.290400000000000	2.26085792762504
0.290500000000000	1.37949558949993
0.290600000000000	-4.42968271694563
0.290700000000000	-9.54556308012615
0.290800000000000	-12.5322829706333
0.290900000000000	-11.6601298048518
0.291000000000000	-9.24773485205877
0.291100000000000	-2.89934709270109
0.291200000000000	8.01995699775672
0.291300000000000	15.9403586442669
0.291400000000000	20.2559682384709
0.291500000000000	14.6196354477734
0.291600000000000	16.5135285571645
0.291700000000000	16.7568549342035
0.291800000000000	13.1056950516576
0.291900000000000	11.8517962679251
0.292000000000000	15.0759056608724
0.292100000000000	18.6547795393866
0.292200000000000	32.3277257206610
0.292300000000000	35.7186629770094
0.292400000000000	38.8747214602278
0.292500000000000	45.4777707043140
0.292600000000000	40.8348171102301
0.292700000000000	40.2198863745675
0.292800000000000	32.6153739285064
0.292900000000000	29.5882804808826
0.293000000000000	17.6097202746058
0.293100000000000	19.3780232131638
0.293200000000000	21.1183801169759
0.293300000000000	20.4438147312606
0.293400000000000	25.8999796052770
0.293500000000000	29.3244753488281
0.293600000000000	22.9343526313853
0.293700000000000	23.8850117965709
0.293800000000000	19.4190346896612
0.293900000000000	6.59564209015079
0.294000000000000	-7.52269870965656
0.294100000000000	-9.16067002239683
0.294200000000000	-5.50595653436271
0.294300000000000	-12.3848250912469
0.294400000000000	-3.15805516395477
0.294500000000000	-2.59390384901370
0.294600000000000	0.455710163292377
0.294700000000000	5.64283671448218
0.294800000000000	4.15549175057861
0.294900000000000	4.94828432128412
0.295000000000000	-2.70246635578922
0.295100000000000	-9.91685038992097
0.295200000000000	-8.40040275394241
0.295300000000000	-9.26760640094677
0.295400000000000	4.51660775415779
0.295500000000000	9.53639551483835
0.295600000000000	18.0930287557627
0.295700000000000	27.8924774578331
0.295800000000000	30.5211415825434
0.295900000000000	31.6596634888834
0.296000000000000	25.4264188187346
0.296100000000000	33.3941006268728
0.296200000000000	24.2351733162757
0.296300000000000	24.5278976362520
0.296400000000000	23.0134536915379
0.296500000000000	27.4292875005878
0.296600000000000	30.3068832952751
0.296700000000000	34.6165346476954
0.296800000000000	43.6159217608894
0.296900000000000	47.9629936509234
0.297000000000000	37.8516312127540
0.297100000000000	42.0476209347484
0.297200000000000	35.0319148171256
0.297300000000000	23.0484128387856
0.297400000000000	16.5297508633636
0.297500000000000	5.92088718124772
0.297600000000000	9.57255742295465
0.297700000000000	9.71608353466391
0.297800000000000	15.3010566160006
0.297900000000000	17.0943313990465
0.298000000000000	14.0878975065906
0.298100000000000	13.7232907929509
0.298200000000000	9.03602202950336
0.298300000000000	-2.99148675945397
0.298400000000000	-4.95647233437829
0.298500000000000	-13.4720452292934
0.298600000000000	-15.2256202434011
0.298700000000000	-11.1715879120477
0.298800000000000	-7.86840675687242
0.298900000000000	1.35777693979619
0.299000000000000	2.36008412129936
0.299100000000000	8.14928803114177
0.299200000000000	11.5505858263504
0.299300000000000	11.9819624827472
0.299400000000000	10.8912175373098
0.299500000000000	5.28347693942131
0.299600000000000	13.0375929205195
0.299700000000000	7.93217427357308
0.299800000000000	15.6780438933792
0.299900000000000	15.3594973742600
0.300000000000000	22.7980473176073
0.300100000000000	30.6563198760910
0.300200000000000	41.7365191697323
0.300300000000000	44.2278885308762
0.300400000000000	39.0954114356808
0.300500000000000	31.5707837006665
0.300600000000000	28.0318286885832
0.300700000000000	27.2936040558977
0.300800000000000	26.3619634174591
0.300900000000000	29.0604621985585
0.301000000000000	27.8586190326457
0.301100000000000	31.6658068517476
0.301200000000000	32.1729704696691
0.301300000000000	32.0532510371003
0.301400000000000	26.5628619816030
0.301500000000000	28.9107076150365
0.301600000000000	15.7809687294820
0.301700000000000	2.65155851100021
0.301800000000000	6.49329002214056
0.301900000000000	-3.48231267626015
0.302000000000000	-4.50190739486521
0.302100000000000	-8.58582561023696
0.302200000000000	-2.40786730713857
0.302300000000000	2.66412274802853
0.302400000000000	12.3429347401875
0.302500000000000	8.04535925416632
0.302600000000000	1.59622296545364
0.302700000000000	-1.44673919645403
0.302800000000000	-9.28631522399137
0.302900000000000	-6.62899035777765
0.303000000000000	-13.0777519973462
0.303100000000000	-5.83971529829247
0.303200000000000	-5.69484415008781
0.303300000000000	2.71236734020756
0.303400000000000	8.26192151804205
0.303500000000000	16.7358965365819
0.303600000000000	27.8324089534427
0.303700000000000	29.3666801154787
0.303800000000000	24.7946765748681
0.303900000000000	25.9676724095012
0.304000000000000	20.3845816609183
0.304100000000000	14.2042373547139
0.304200000000000	17.2768249056009
0.304300000000000	22.2631617288347
0.304400000000000	30.0119088591783
0.304500000000000	38.5548304558813
0.304600000000000	43.7122742477416
0.304700000000000	43.2521605578174
0.304800000000000	44.7513197427005
0.304900000000000	35.5310971201441
0.305000000000000	32.6666573089880
0.305100000000000	18.2544532507019
0.305200000000000	17.6202013880230
0.305300000000000	17.5916386351169
0.305400000000000	14.7508833910211
0.305500000000000	20.5785270063989
0.305600000000000	18.0999534065643
0.305700000000000	21.3676183071545
0.305800000000000	18.8095206007079
0.305900000000000	15.7631574680169
0.306000000000000	12.3714511768010
0.306100000000000	3.38229082219436
0.306200000000000	-10.5212122439967
0.306300000000000	-11.8202809244369
0.306400000000000	-12.4519842827406
0.306500000000000	-14.4480565546585
0.306600000000000	-11.8413089508717
0.306700000000000	-2.05289205617385
0.306800000000000	5.18909540398806
0.306900000000000	10.0085946253453
0.307000000000000	15.8898158546542
0.307100000000000	10.0812713473946
0.307200000000000	4.95530255458992
0.307300000000000	2.07038080125723
0.307400000000000	1.39279752817497
0.307500000000000	2.22768729589041
0.307600000000000	4.29855953634733
0.307700000000000	7.24521692285591
0.307800000000000	21.6855858568028
0.307900000000000	25.1948774468973
0.308000000000000	35.2375899901860
0.308100000000000	36.7494075751107
0.308200000000000	36.9014325243884
0.308300000000000	39.0316979451633
0.308400000000000	33.3431511724251
0.308500000000000	32.1878635498592
0.308600000000000	23.2308529043413
0.308700000000000	20.2079337482134
0.308800000000000	33.6509619719277
0.308900000000000	35.7402057522623
0.309000000000000	38.7417415628563
0.309100000000000	35.6819118839188
0.309200000000000	38.0903821275595
0.309300000000000	29.7141157248728
0.309400000000000	23.9714811761827
0.309500000000000	13.3971104885908
0.309600000000000	6.25882369687934
0.309700000000000	7.81670603863267
0.309800000000000	6.89796678308351
0.309900000000000	-0.0737912766234388
0.310000000000000	2.81516051288033
0.310100000000000	9.72027121450874
0.310200000000000	11.5920263924338
0.310300000000000	3.00998124086632
0.310400000000000	1.71394153903966
0.310500000000000	-5.23812739949098
0.310600000000000	-6.38721428616470
0.310700000000000	-8.62272107768991
0.310800000000000	-15.7953643548230
0.310900000000000	-10.9287472347109
0.311000000000000	-10.0166653583865
0.311100000000000	-1.67693981238783
0.311200000000000	11.6665966359696
0.311300000000000	14.8007022932649
0.311400000000000	19.8398964185701
0.311500000000000	21.7320916767089
0.311600000000000	14.0029308943468
0.311700000000000	17.3879438360108
0.311800000000000	10.3482858843286
0.311900000000000	16.0257686247903
0.312000000000000	18.8849649517617
0.312100000000000	26.2343429967476
0.312200000000000	30.9142326939500
0.312300000000000	39.4265739264761
0.312400000000000	41.1986869123414
0.312500000000000	40.2284226807982
0.312600000000000	41.9038302923279
0.312700000000000	41.1628173044404
0.312800000000000	31.2415824150817
0.312900000000000	26.8261986868781
0.313000000000000	25.2721412649217
0.313100000000000	24.9765976329163
0.313200000000000	20.6085834912843
0.313300000000000	20.8792187998874
0.313400000000000	24.1643516023785
0.313500000000000	33.7871114825126
0.313600000000000	20.6292031298838
0.313700000000000	22.5281365050741
0.313800000000000	13.5324238597350
0.313900000000000	5.63812244435250
0.314000000000000	-7.81127019399322
0.314100000000000	-12.6826568268069
0.314200000000000	-5.53345974436357
0.314300000000000	-15.0706008453154
0.314400000000000	-1.02622563507480
0.314500000000000	-1.97245143587907
0.314600000000000	2.45695727878597
0.314700000000000	4.20700113179230
0.314800000000000	1.88599308045174
0.314900000000000	4.08712445420809
0.315000000000000	-3.30606616171012
0.315100000000000	-4.57571531257855
0.315200000000000	-4.10515173548767
0.315300000000000	-4.15858491776397
0.315400000000000	-0.0159626197941591
0.315500000000000	12.0777711446249
0.315600000000000	13.0952529314014
0.315700000000000	21.6844896429257
0.315800000000000	29.6732873160863
0.315900000000000	26.6031244779619
0.316000000000000	33.3808975335304
0.316100000000000	26.6910392429248
0.316200000000000	24.0871476490697
0.316300000000000	21.2649338505682
0.316400000000000	29.7119140639714
0.316500000000000	24.5765769945206
0.316600000000000	31.5441381780990
0.316700000000000	35.6679535596588
0.316800000000000	42.1884794406955
0.316900000000000	43.4861870702772
0.317000000000000	43.7635716636608
0.317100000000000	32.3505235829144
0.317200000000000	27.4091957864080
0.317300000000000	14.5817694886373
0.317400000000000	14.2164913340837
0.317500000000000	11.9895421326465
0.317600000000000	9.04036167181782
0.317700000000000	6.41026818474595
0.317800000000000	13.2662681136873
0.317900000000000	12.1347063594737
0.318000000000000	13.5315868050483
0.318100000000000	13.0025968823041
0.318200000000000	1.02009207947976
0.318300000000000	-3.62535999857275
0.318400000000000	-9.22953733248873
0.318500000000000	-12.2243971023053
0.318600000000000	-15.8854227954736
0.318700000000000	-14.1099102339611
0.318800000000000	-10.3738622710480
0.318900000000000	3.58147373264920
0.319000000000000	5.55032147289942
0.319100000000000	6.64298369006898
0.319200000000000	13.5727501236174
0.319300000000000	5.26139986370066
0.319400000000000	12.6979016339617
0.319500000000000	0.331799847549362
0.319600000000000	7.61332801965094
0.319700000000000	1.54535314214567
0.319800000000000	10.4018245076377
0.319900000000000	13.8530511653392
0.320000000000000	27.0081046021492
0.320100000000000	32.0262298906175
0.320200000000000	38.4622873636288
0.320300000000000	47.7400834931011
0.320400000000000	37.9496442480285
0.320500000000000	39.9041016268789
0.320600000000000	29.5559845241799
0.320700000000000	25.9165970515281
0.320800000000000	28.3177370004851
0.320900000000000	25.5834569248012
0.321000000000000	27.6660908546130
0.321100000000000	33.4250166954608
0.321200000000000	31.1007170171181
0.321300000000000	33.6538182024444
0.321400000000000	33.5710681586653
0.321500000000000	27.8560354330380
0.321600000000000	22.3075754670987
0.321700000000000	5.06591980701698
0.321800000000000	-0.225320340405556
0.321900000000000	-6.93777892762850
0.322000000000000	-10.1518996393694
0.322100000000000	-2.50521240993433
0.322200000000000	-2.65863777451417
0.322300000000000	-0.873380743411198
0.322400000000000	4.50695415522750
0.322500000000000	0.0373525457249855
0.322600000000000	-0.593958627714461
0.322700000000000	-0.0715232145744551
0.322800000000000	-11.5674566211663
0.322900000000000	-5.35212627566570
0.323000000000000	-15.7065230642408
0.323100000000000	-9.72066066022829
0.323200000000000	-6.47439400421523
0.323300000000000	2.98488474955220
0.323400000000000	13.2088233838415
0.323500000000000	23.0381373887724
0.323600000000000	27.7566370638297
0.323700000000000	24.2066978452205
0.323800000000000	23.9154014355340
0.323900000000000	22.6925330355850
0.324000000000000	24.7605396489420
0.324100000000000	21.6483080976538
0.324200000000000	15.5461843642144
0.324300000000000	22.9893621069415
0.324400000000000	28.0711164134495
0.324500000000000	35.1396023691056
0.324600000000000	45.2662288195798
0.324700000000000	43.4087492138670
0.324800000000000	48.2437073614961
0.324900000000000	39.9101206752076
0.325000000000000	32.3407578578498
0.325100000000000	30.7734919306466
0.325200000000000	17.1710975720183
0.325300000000000	16.3994834112853
0.325400000000000	16.8154189090775
0.325500000000000	14.6073416049536
0.325600000000000	19.6984887664891
0.325700000000000	16.1361375034533
0.325800000000000	23.0758144400972
0.325900000000000	22.0428396660700
0.326000000000000	10.6168315188586
0.326100000000000	-5.10398494442267
0.326200000000000	0.230704950156603
0.326300000000000	-15.2879650927571
0.326400000000000	-17.5565170108448
0.326500000000000	-15.0267735240737
0.326600000000000	-9.01842726810084
0.326700000000000	-6.93882111515217
0.326800000000000	12.4677885505359
0.326900000000000	3.49535702375571
0.327000000000000	10.2698317852049
0.327100000000000	8.18925431657596
0.327200000000000	0.415938804011805
0.327300000000000	-2.66674471796033
0.327400000000000	4.41786603504029
0.327500000000000	3.11952321666455
0.327600000000000	2.26560656824038
0.327700000000000	12.3344594486349
0.327800000000000	21.4583239265224
0.327900000000000	31.7597587141761
0.328000000000000	38.4755053525917
0.328100000000000	40.9533649625271
0.328200000000000	39.9862935450896
0.328300000000000	34.5881406991990
0.328400000000000	34.8614428793026
0.328500000000000	23.5936610891951
0.328600000000000	31.6518044668782
0.328700000000000	28.6201269951113
0.328800000000000	34.6206494594641
0.328900000000000	33.7140882903486
0.329000000000000	35.5747236743274
0.329100000000000	40.9869461293681
0.329200000000000	38.7716705331257
0.329300000000000	33.4945205660445
0.329400000000000	24.8941098116537
0.329500000000000	17.8986821250686
0.329600000000000	9.82205768481798
0.329700000000000	0.733595019274892
0.329800000000000	-3.11734693249533
0.329900000000000	3.52751053746532
0.330000000000000	5.20773579435764
0.330100000000000	8.92984751084821
0.330200000000000	3.92945556459322
0.330300000000000	5.38207292459828
0.330400000000000	4.27111499942109
0.330500000000000	2.30030984278818
0.330600000000000	-11.6538026393586
0.330700000000000	-11.9681035149801
0.330800000000000	-13.3846947646060
0.330900000000000	-11.3639606664656
0.331000000000000	-9.78202166914469
0.331100000000000	-2.66253655794659
0.331200000000000	5.73669715427810
0.331300000000000	13.9513042419963
0.331400000000000	19.0387644217840
0.331500000000000	24.9488557744479
0.331600000000000	11.9850813354173
0.331700000000000	17.8464602443856
0.331800000000000	16.3481125053641
0.331900000000000	13.1337047982017
0.332000000000000	13.6474747867989
0.332100000000000	21.3264575908753
0.332200000000000	28.6396916486811
0.332300000000000	38.6702418533333
0.332400000000000	42.9026976571339
0.332500000000000	46.5810310365154
0.332600000000000	42.7257951543864
0.332700000000000	40.5108711859818
0.332800000000000	32.3729322785424
0.332900000000000	32.4166980061255
0.333000000000000	20.1792181168098
0.333100000000000	22.9029697406100
0.333200000000000	28.4331170086555
0.333300000000000	21.8428349788936
0.333400000000000	26.4696199299230
0.333500000000000	29.8209666377908
0.333600000000000	26.1780405760238
0.333700000000000	24.3505292773164
0.333800000000000	15.1703179332661
0.333900000000000	10.2410587970571
0.334000000000000	-2.55857971859356
0.334100000000000	-12.9779376869134
0.334200000000000	-7.46280827703407
0.334300000000000	-10.2148884242506
0.334400000000000	-5.50362534385438
0.334500000000000	0.849510549557383
0.334600000000000	-3.35208218037435
0.334700000000000	3.65227581835421
0.334800000000000	6.12803059970395
0.334900000000000	-5.66236744651507
0.335000000000000	-5.76142293281131
0.335100000000000	-8.04778997806163
0.335200000000000	-8.14340184243002
0.335300000000000	-2.55142149046559
0.335400000000000	-3.67451692376623
0.335500000000000	7.73001490831248
0.335600000000000	18.6505384044571
0.335700000000000	25.8125533735324
0.335800000000000	29.8727416473562
0.335900000000000	33.6678077415235
0.336000000000000	36.1740793866260
0.336100000000000	28.9342516306636
0.336200000000000	30.6276822799129
0.336300000000000	29.3040075829283
0.336400000000000	22.4861240105002
0.336500000000000	25.6994134445368
0.336600000000000	33.6763010653586
0.336700000000000	34.6987803917592
0.336800000000000	35.9913345297445
0.336900000000000	43.6164416894123
0.337000000000000	42.2744509612009
0.337100000000000	36.4254888671237
0.337200000000000	25.4706774868499
0.337300000000000	19.4090253257735
0.337400000000000	17.1770361347756
0.337500000000000	10.1740156323477
0.337600000000000	7.57596134466474
0.337700000000000	7.39928037556909
0.337800000000000	10.3194392780224
0.337900000000000	13.4551481833022
0.338000000000000	14.4185547238793
0.338100000000000	8.71421851541927
0.338200000000000	2.71511402739623
0.338300000000000	-0.659194775550599
0.338400000000000	-6.97526667681824
0.338500000000000	-12.4159639602917
0.338600000000000	-16.5390592023712
0.338700000000000	-18.4232842826603
0.338800000000000	-9.23634812559632
0.338900000000000	0.352657875399025
0.339000000000000	9.81023590039089
0.339100000000000	10.7616494814550
0.339200000000000	12.7842348032542
0.339300000000000	13.1725614627172
0.339400000000000	10.1753700034404
0.339500000000000	4.91990379492357
0.339600000000000	4.33762469854826
0.339700000000000	3.80282697598308
0.339800000000000	11.0651913946825
0.339900000000000	18.7373738112304
0.340000000000000	28.7647705093108
0.340100000000000	32.4061064046088
0.340200000000000	36.2532584277473
0.340300000000000	42.7847256571553
0.340400000000000	36.3021315822307
0.340500000000000	33.9398648060962
0.340600000000000	27.2378493330544
0.340700000000000	27.9123388128119
0.340800000000000	25.9145669310698
0.340900000000000	21.3127035208213
0.341000000000000	25.6734458585427
0.341100000000000	31.6387532291310
0.341200000000000	33.2386518524795
0.341300000000000	32.7168854292955
0.341400000000000	31.9921060972004
0.341500000000000	26.3042211554332
0.341600000000000	15.3732670894885
0.341700000000000	12.5698263543590
0.341800000000000	5.64234700844315
0.341900000000000	-1.57105833967737
0.342000000000000	-3.72076455310221
0.342100000000000	-2.97250972037691
0.342200000000000	-0.364562285838876
0.342300000000000	0.569841645275780
0.342400000000000	5.82035056481795
0.342500000000000	6.57772767547582
0.342600000000000	7.33251678013996
0.342700000000000	-6.38020514734082
0.342800000000000	-10.6010883724320
0.342900000000000	-7.48914198510792
0.343000000000000	-7.38891821629822
0.343100000000000	-8.12064557576606
0.343200000000000	-7.82991044592835
0.343300000000000	1.52017741139419
0.343400000000000	14.6494962719491
0.343500000000000	22.4809563966220
0.343600000000000	25.6295257553595
0.343700000000000	20.6069798139372
0.343800000000000	25.9438572553853
0.343900000000000	16.1175289066198
0.344000000000000	20.7746271761702
0.344100000000000	19.0003078897443
0.344200000000000	23.5510159035424
0.344300000000000	25.0399799252708
0.344400000000000	28.1585989893463
0.344500000000000	36.6978157794119
0.344600000000000	42.0274556276338
0.344700000000000	39.6396255083268
0.344800000000000	43.8680618515226
0.344900000000000	35.4909164105512
0.345000000000000	35.1953086809011
0.345100000000000	26.2333764296455
0.345200000000000	17.4011198146521
0.345300000000000	12.1285651552596
0.345400000000000	9.69193553895225
0.345500000000000	19.2704102960607
0.345600000000000	22.8055451467555
0.345700000000000	20.8774979975839
0.345800000000000	17.4233873195969
0.345900000000000	17.2598172086471
0.346000000000000	9.84986950775804
0.346100000000000	3.02915132618581
0.346200000000000	0.287568535303816
0.346300000000000	-11.3073257028715
0.346400000000000	-12.7532469883347
0.346500000000000	-15.8883053374410
0.346600000000000	-10.6538896914039
0.346700000000000	0.232982728908523
0.346800000000000	0.502415228441167
0.346900000000000	0.0905337755002371
0.347000000000000	8.96877185252931
0.347100000000000	7.88732094109385
0.347200000000000	5.08311754616888
0.347300000000000	3.40940072732498
0.347400000000000	-2.44077788787691
0.347500000000000	2.37417569522061
0.347600000000000	5.07394179306147
0.347700000000000	14.3984028684425
0.347800000000000	18.5755066249411
0.347900000000000	30.0006693512050
0.348000000000000	34.2158900410123
0.348100000000000	43.6433598508648
0.348200000000000	36.5743093473474
0.348300000000000	35.3330355276722
0.348400000000000	31.5466590896903
0.348500000000000	25.2411660652453
0.348600000000000	29.2259318637679
0.348700000000000	27.8829759202777
0.348800000000000	33.0492861964059
0.348900000000000	31.7982190221815
0.349000000000000	34.8771785410488
0.349100000000000	40.4859484239854
0.349200000000000	39.1534842173086
0.349300000000000	33.9428823626234
0.349400000000000	27.7028922556046
0.349500000000000	16.5310511251501
0.349600000000000	8.47126432818934
0.349700000000000	0.261936547765060
0.349800000000000	1.61466982533763
0.349900000000000	3.65029875149807
0.350000000000000	8.15250927780782
0.350100000000000	4.47488137603695
0.350200000000000	9.63501109216071
0.350300000000000	9.50447500687264
0.350400000000000	7.15947653350898
0.350500000000000	-2.01105183989320
0.350600000000000	-10.7295464190118
0.350700000000000	-13.1342826498952
0.350800000000000	-16.1712791834950
0.350900000000000	-12.2090838109574
0.351000000000000	-12.6232421231194
0.351100000000000	-2.64336598664742
0.351200000000000	5.01454797300047
0.351300000000000	15.6554280856173
0.351400000000000	20.3261244607707
0.351500000000000	20.1212436617996
0.351600000000000	15.3242908491719
0.351700000000000	13.4255854626320
0.351800000000000	8.20235528148234
0.351900000000000	18.0425228583398
0.352000000000000	10.9225561979635
0.352100000000000	24.8251558702317
0.352200000000000	25.6069469008253
0.352300000000000	36.4222337577969
0.352400000000000	40.8907429732737
0.352500000000000	46.5396824515989
0.352600000000000	47.4590937345639
0.352700000000000	38.2174143069291
0.352800000000000	37.4435012693261
0.352900000000000	22.7941076241602
0.353000000000000	18.5508599617720
0.353100000000000	22.7483764807453
0.353200000000000	22.7992846699789
0.353300000000000	23.6797406724815
0.353400000000000	20.4579569464011
0.353500000000000	29.3268810214269
0.353600000000000	29.4894990762981
0.353700000000000	21.8793065298906
0.353800000000000	14.0626376377416
0.353900000000000	3.18289836789962
0.354000000000000	-1.97755205588179
0.354100000000000	-3.83525022951827
0.354200000000000	-9.58010721159303
0.354300000000000	-9.33564558162424
0.354400000000000	-4.35288954579483
0.354500000000000	-4.15848418526156
0.354600000000000	1.04727700555404
0.354700000000000	0.589296463725983
0.354800000000000	-0.692622362762403
0.354900000000000	0.796239496416680
0.355000000000000	1.09681606257535
0.355100000000000	-6.21187666522919
0.355200000000000	-3.39751009030224
0.355300000000000	-7.21384995734343
0.355400000000000	-0.0458656377321258
0.355500000000000	5.29658107866838
0.355600000000000	17.4909910726622
0.355700000000000	25.6209364092128
0.355800000000000	27.7016749377908
0.355900000000000	29.2685495654617
0.356000000000000	22.4233976719297
0.356100000000000	24.4314601232866
0.356200000000000	28.7955349196269
0.356300000000000	30.3776083888281
0.356400000000000	25.4038200287410
0.356500000000000	26.8265989362676
0.356600000000000	32.9596850950807
0.356700000000000	31.2441307247209
0.356800000000000	44.0683723259144
0.356900000000000	43.0820576217728
0.357000000000000	38.3161015782728
0.357100000000000	36.1917035571132
0.357200000000000	29.2791744080179
0.357300000000000	21.5360179618932
0.357400000000000	17.3284052981036
0.357500000000000	10.0909821288373
0.357600000000000	8.32388396703220
0.357700000000000	13.2971653798541
0.357800000000000	3.69944901244234
0.357900000000000	14.1086603067345
0.358000000000000	8.66725186905000
0.358100000000000	11.7231564393846
0.358200000000000	11.1895072781478
0.358300000000000	-5.60316062524548
0.358400000000000	-6.57441965060425
0.358500000000000	-14.5812093597251
0.358600000000000	-11.8724989287150
0.358700000000000	-12.4143954975955
0.358800000000000	-12.9966625073720
0.358900000000000	-1.03672290119086
0.359000000000000	6.11849229028890
0.359100000000000	5.87731327476473
0.359200000000000	9.94746492190831
0.359300000000000	16.5199050982161
0.359400000000000	9.29068306407303
0.359500000000000	10.8781809331074
0.359600000000000	11.3854175187731
0.359700000000000	10.4815673049100
0.359800000000000	15.7224213418709
0.359900000000000	16.2426511605191
0.360000000000000	28.3404792028768
0.360100000000000	38.0099959532641
0.360200000000000	42.7069431809883
0.360300000000000	47.5738426191108
0.360400000000000	35.8499688613266
0.360500000000000	40.3376886906816
0.360600000000000	33.4741103457325
0.360700000000000	28.8676156312737
0.360800000000000	28.6409965601750
0.360900000000000	24.2910456973789
0.361000000000000	27.8867499293029
0.361100000000000	26.2146660896765
0.361200000000000	32.5744506424863
0.361300000000000	35.1696660022132
0.361400000000000	32.0104483402734
0.361500000000000	25.8068231557456
0.361600000000000	23.1415752296849
0.361700000000000	16.5381754567275
0.361800000000000	5.04480900873617
0.361900000000000	-6.04265875369597
0.362000000000000	-4.99750111441317
0.362100000000000	-5.03879621618234
0.362200000000000	-10.0492277027865
0.362300000000000	0.612163620588529
0.362400000000000	6.31527691500757
0.362500000000000	7.33707055583943
0.362600000000000	-3.01441640416636
0.362700000000000	-1.32940587691426
0.362800000000000	-2.60465613373949
0.362900000000000	-11.1866920640204
0.363000000000000	-8.73378560839900
0.363100000000000	-12.6507019521981
0.363200000000000	-1.54415290469176
0.363300000000000	7.19844562639932
0.363400000000000	13.5287748818338
0.363500000000000	17.7873844945855
0.363600000000000	23.3441660779350
0.363700000000000	23.6334549894402
0.363800000000000	23.6940701332544
0.363900000000000	24.7928371455149
0.364000000000000	20.6941074090751
0.364100000000000	19.9270114569147
0.364200000000000	23.6343530508259
0.364300000000000	26.7826165956128
0.364400000000000	31.5728757561328
0.364500000000000	40.2814431462962
0.364600000000000	42.3939601968869
0.364700000000000	40.3953852312717
0.364800000000000	43.0015604079326
0.364900000000000	44.7777812236349
0.365000000000000	31.5043815284366
0.365100000000000	21.3463734456991
0.365200000000000	19.6569609085276
0.365300000000000	13.9820896586593
0.365400000000000	17.1748225988624
0.365500000000000	19.6581553106213
0.365600000000000	17.8790091977778
0.365700000000000	22.9360507777177
0.365800000000000	18.3257123674603
0.365900000000000	14.5534277370524
0.366000000000000	5.67394981502610
0.366100000000000	1.28368794567807
0.366200000000000	-0.330647481093379
0.366300000000000	-9.71662953506435
0.366400000000000	-15.4520055003999
0.366500000000000	-14.5954503186723
0.366600000000000	-10.4617817084481
0.366700000000000	-0.743111059654904
0.366800000000000	2.05891431707129
0.366900000000000	6.62542181834206
0.367000000000000	8.11549637503410
0.367100000000000	6.28112159030945
0.367200000000000	-1.19180451898951
0.367300000000000	5.47505467952071
0.367400000000000	-5.28178460276398
0.367500000000000	-7.34257587623382
0.367600000000000	3.94950877449275
0.367700000000000	14.7183507027056
0.367800000000000	20.7638683826166
0.367900000000000	28.1041804983043
0.368000000000000	34.4917365833947
0.368100000000000	39.1388327008232
0.368200000000000	38.7737683600778
0.368300000000000	37.0286263402859
0.368400000000000	28.0630643461396
0.368500000000000	23.8890610277260
0.368600000000000	27.8212985326327
0.368700000000000	25.0972451040473
0.368800000000000	26.9939965243256
0.368900000000000	29.8272019155765
0.369000000000000	33.9409603561984
0.369100000000000	37.6824503424776
0.369200000000000	39.1931456208185
0.369300000000000	29.0955895324456
0.369400000000000	29.9768451341650
0.369500000000000	21.3700615318126
0.369600000000000	12.8051857648816
0.369700000000000	3.63495736816626
0.369800000000000	-0.536164125680388
0.369900000000000	4.60112060167204
0.370000000000000	3.78114784940804
0.370100000000000	7.45501170414795
0.370200000000000	11.5992323569931
0.370300000000000	1.94687375345716
0.370400000000000	7.92774159993213
0.370500000000000	-2.65404075705969
0.370600000000000	-12.3957349037828
0.370700000000000	-12.6140870572680
0.370800000000000	-16.8612594940485
0.370900000000000	-15.4337616597749
0.371000000000000	-11.0529780093428
0.371100000000000	0.915573890117777
0.371200000000000	4.31842791010692
0.371300000000000	11.5366821327731
0.371400000000000	18.0997235700432
0.371500000000000	14.7000872546412
0.371600000000000	20.7637614398080
0.371700000000000	7.25450870583917
0.371800000000000	12.4354753508667
0.371900000000000	11.6736995385676
0.372000000000000	18.4865021013302
0.372100000000000	22.9029670952024
0.372200000000000	30.6336822941580
0.372300000000000	34.4527986968593
0.372400000000000	47.6149372881312
0.372500000000000	42.9626764155499
0.372600000000000	43.6230596909698
0.372700000000000	37.3773586085235
0.372800000000000	37.6221034346449
0.372900000000000	24.3384467125046
0.373000000000000	18.0024351853851
0.373100000000000	19.1874838712455
0.373200000000000	26.9967540825113
0.373300000000000	21.8857377437419
0.373400000000000	23.0793847024863
0.373500000000000	27.0447469812378
0.373600000000000	26.7602415486339
0.373700000000000	21.0430608922329
0.373800000000000	16.6780159529041
0.373900000000000	1.94952165349070
0.374000000000000	-5.79903697471542
0.374100000000000	-18.6438274388280
0.374200000000000	-10.1191188294560
0.374300000000000	-5.32534284452657
0.374400000000000	-5.85045134041997
0.374500000000000	-1.54483613180505
0.374600000000000	5.08263657079863
0.374700000000000	3.86907263112111
0.374800000000000	2.99103143572491
0.374900000000000	3.32503173451403
0.375000000000000	0.969877636920241
0.375100000000000	-1.51160725831669
0.375200000000000	-10.0244931208214
0.375300000000000	-5.83357197445102
0.375400000000000	-6.24035584918811
0.375500000000000	6.56681256424300
0.375600000000000	13.4563501009608
0.375700000000000	25.3108554427450
0.375800000000000	31.2698273170388
0.375900000000000	35.6383496017907
0.376000000000000	36.3405925655390
0.376100000000000	34.1173693141247
0.376200000000000	19.7698007486854
0.376300000000000	23.8286146028893
0.376400000000000	19.5320702740960
0.376500000000000	28.4462130709390
0.376600000000000	28.8861331404501
0.376700000000000	34.2696046976826
0.376800000000000	39.0528019642978
0.376900000000000	40.0344192692076
0.377000000000000	40.3846369890763
0.377100000000000	40.1647688618778
0.377200000000000	31.8146476336835
0.377300000000000	21.5735395734981
0.377400000000000	13.1934642158602
0.377500000000000	-0.665965640457806
0.377600000000000	5.38161918262266
0.377700000000000	9.37744033922329
0.377800000000000	11.9933863381491
0.377900000000000	13.9592864273172
0.378000000000000	10.2541595403832
0.378100000000000	11.2861183189279
0.378200000000000	4.49494057153749
0.378300000000000	3.90277110848652
0.378400000000000	-2.49895606083446
0.378500000000000	-9.63167571247240
0.378600000000000	-15.4567649727274
0.378700000000000	-11.9730024136231
0.378800000000000	-12.4370654791824
0.378900000000000	1.27410087793765
0.379000000000000	6.17736060886670
0.379100000000000	8.09166362729244
0.379200000000000	14.3793096930796
0.379300000000000	12.4100478332727
0.379400000000000	12.6432151228243
0.379500000000000	5.86960663378782
0.379600000000000	7.12346304571333
0.379700000000000	4.83508872121343
0.379800000000000	6.46735169984683
0.379900000000000	15.0367349010673
0.380000000000000	23.7990798181783
0.380100000000000	35.7523980309911
0.380200000000000	36.0876113736752
0.380300000000000	44.3964020546952
0.380400000000000	38.8674201059360
0.380500000000000	41.4738025169950
0.380600000000000	33.1653612493710
0.380700000000000	27.3460114814630
0.380800000000000	20.6282669014285
0.380900000000000	20.0605791538104
0.381000000000000	24.7644311534111
0.381100000000000	32.8427147958474
0.381200000000000	32.3484033639615
0.381300000000000	30.5932711525370
0.381400000000000	35.2776450567137
0.381500000000000	27.4413759716633
0.381600000000000	23.0703621480375
0.381700000000000	9.78443750684561
0.381800000000000	3.85924889748620
0.381900000000000	-7.27055013987313
0.382000000000000	-8.28124667665293
0.382100000000000	-2.96809891973149
0.382200000000000	-0.524034829795662
0.382300000000000	5.46059686890409
0.382400000000000	6.35641734000598
0.382500000000000	6.25229270924457
0.382600000000000	6.21501460143580
0.382700000000000	2.38223704374262
0.382800000000000	-1.61552628827842
0.382900000000000	-4.49287844260046
0.383000000000000	-9.03754666199440
0.383100000000000	-10.4444460563158
0.383200000000000	-9.18938808061855
0.383300000000000	0.476351239015543
0.383400000000000	8.52034455570391
0.383500000000000	17.0104894558087
0.383600000000000	28.7012156751006
0.383700000000000	23.2882804169804
0.383800000000000	27.5153543898162
0.383900000000000	18.1322618607496
0.384000000000000	19.1652233300380
0.384100000000000	18.6537663654217
0.384200000000000	18.5342936386130
0.384300000000000	27.7011850853562
0.384400000000000	29.6258823000289
0.384500000000000	41.2433701381965
0.384600000000000	40.5214432325938
0.384700000000000	41.2986093293868
0.384800000000000	45.7458827758923
0.384900000000000	45.1575747534693
0.385000000000000	36.4618286445744
0.385100000000000	28.1498194496182
0.385200000000000	20.5641650888732
0.385300000000000	20.1370144791835
0.385400000000000	18.4069748177718
0.385500000000000	14.6940550547691
0.385600000000000	18.7785246884499
0.385700000000000	17.4603417381241
0.385800000000000	19.4902169188311
0.385900000000000	19.1925726221422
0.386000000000000	11.8540779056433
0.386100000000000	-0.493720113439123
0.386200000000000	-1.16147281479450
0.386300000000000	-7.96112477500185
0.386400000000000	-10.2521326002928
0.386500000000000	-12.1199587372843
0.386600000000000	-6.04591042607751
0.386700000000000	-1.70566458228427
0.386800000000000	4.20686741229443
0.386900000000000	6.41647283502917
0.387000000000000	6.95800652638828
0.387100000000000	2.62857707461672
0.387200000000000	3.60682270788322
0.387300000000000	-1.21492760163082
0.387400000000000	-3.11467504461154
0.387500000000000	-0.740501104635387
0.387600000000000	6.23513052514830
0.387700000000000	7.93624389970644
0.387800000000000	21.6120367783646
0.387900000000000	28.3738805158205
0.388000000000000	30.0919282586954
0.388100000000000	30.7048203055468
0.388200000000000	40.6547035368748
0.388300000000000	33.1570111789465
0.388400000000000	32.2224506235263
0.388500000000000	27.2160259306518
0.388600000000000	22.8877585464584
0.388700000000000	28.2425742009447
0.388800000000000	31.6470625750684
0.388900000000000	34.1461994615597
0.389000000000000	40.8136447265580
0.389100000000000	40.6704394582536
0.389200000000000	40.2639424023043
0.389300000000000	29.2129512402584
0.389400000000000	28.5389223637161
0.389500000000000	10.8210451861809
0.389600000000000	6.77873091095677
0.389700000000000	4.65877069565637
0.389800000000000	-1.07704206722769
0.389900000000000	2.60134264420615
0.390000000000000	5.68522286178175
0.390100000000000	5.01499663532769
0.390200000000000	11.2856769470402
0.390300000000000	8.93373030801934
0.390400000000000	4.70267082693591
0.390500000000000	1.88020697524182
0.390600000000000	-7.85900532012155
0.390700000000000	-15.5139897032448
0.390800000000000	-12.6026300056030
0.390900000000000	-10.7656755518785
0.391000000000000	-10.6690219481163
0.391100000000000	3.75682639248219
0.391200000000000	3.59241824576361
0.391300000000000	11.2016257022294
0.391400000000000	19.8642621164431
0.391500000000000	12.4844138063604
0.391600000000000	13.7326685450896
0.391700000000000	14.0670713763531
0.391800000000000	16.8448519175253
0.391900000000000	17.3875731306825
0.392000000000000	13.1813684172471
0.392100000000000	19.3429411929566
0.392200000000000	30.1425627540042
0.392300000000000	39.5580134070359
0.392400000000000	50.4581643143109
0.392500000000000	46.0547365598402
0.392600000000000	46.4627726337360
0.392700000000000	38.2012465834464
0.392800000000000	30.1232924195863
0.392900000000000	27.2323687792039
0.393000000000000	22.7860865998120
0.393100000000000	17.2040853865672
0.393200000000000	24.0626956909530
0.393300000000000	27.4125781090091
0.393400000000000	27.1922663911834
0.393500000000000	31.9579647107060
0.393600000000000	24.8869198712913
0.393700000000000	18.0172871774429
0.393800000000000	11.0459341343464
0.393900000000000	7.76807725202743
0.394000000000000	-2.90902233266292
0.394100000000000	-6.56597319250458
0.394200000000000	-7.38067399800787
0.394300000000000	-8.31223090566221
0.394400000000000	-4.49499906235047
0.394500000000000	-6.83496539999975
0.394600000000000	1.33417468829133
0.394700000000000	4.76120395278602
0.394800000000000	10.0884560463233
0.394900000000000	3.03333078123190
0.395000000000000	-6.64628245750359
0.395100000000000	-0.213893635603235
0.395200000000000	-5.51111234277547
0.395300000000000	-5.44647654495672
0.395400000000000	-1.94937134923126
0.395500000000000	11.2065873130320
0.395600000000000	13.6626041647125
0.395700000000000	31.4761569924976
0.395800000000000	29.7819216049597
0.395900000000000	29.7699853424952
0.396000000000000	27.7970599023671
0.396100000000000	28.1013200961487
0.396200000000000	25.6881946728487
0.396300000000000	21.9327822398299
0.396400000000000	20.9123020390770
0.396500000000000	27.7887713538657
0.396600000000000	28.5632096044258
0.396700000000000	37.6381755935324
0.396800000000000	40.6111422754593
0.396900000000000	45.4529135262304
0.397000000000000	36.9021955664799
0.397100000000000	39.7198155875970
0.397200000000000	25.8035940379851
0.397300000000000	17.9993657895497
0.397400000000000	16.6419297692981
0.397500000000000	14.2129874879577
0.397600000000000	5.90933253179111
0.397700000000000	9.13997812297171
0.397800000000000	7.37516927835907
0.397900000000000	8.49902284880706
0.398000000000000	17.8637868188287
0.398100000000000	14.2387625474801
0.398200000000000	6.63450806112105
0.398300000000000	-1.89010430450297
0.398400000000000	-11.3832888449675
0.398500000000000	-14.7697561623412
0.398600000000000	-10.7147037069736
0.398700000000000	-14.8779582317468
0.398800000000000	-7.63252474663024
0.398900000000000	-2.38606977803613
0.399000000000000	0.0969808172173785
0.399100000000000	4.41368922542233
0.399200000000000	15.9808344686953
0.399300000000000	13.2907407579667
0.399400000000000	19.3769577313968
0.399500000000000	7.04543630993158
0.399600000000000	7.83494011213746
0.399700000000000	7.04450371239386
0.399800000000000	8.53196772271866
0.399900000000000	14.8369072183118
0.400000000000000	22.6313184254430
0.400100000000000	37.1422195229454
0.400200000000000	38.2209902629344
0.400300000000000	39.6239070399484
0.400400000000000	41.1666426073696
0.400500000000000	35.6319484943411
0.400600000000000	31.9791460250081
0.400700000000000	21.3246051376801
0.400800000000000	20.2427280169074
0.400900000000000	23.7504034754832
0.401000000000000	23.2350274070830
0.401100000000000	27.2628186314160
0.401200000000000	38.5963452321623
0.401300000000000	38.3565636838924
0.401400000000000	32.0243530758276
0.401500000000000	23.9088696151947
0.401600000000000	16.9799765785057
0.401700000000000	17.9864702579377
0.401800000000000	2.27500048775483
0.401900000000000	-2.38125888298919
0.402000000000000	-5.68383335365551
0.402100000000000	-1.37673696752538
0.402200000000000	-4.16404675242539
0.402300000000000	-0.0786033414922365
0.402400000000000	-0.391644529823967
0.402500000000000	1.12084917513767
0.402600000000000	4.70100726062111
0.402700000000000	-0.786479025874826
0.402800000000000	-3.31154948807902
0.402900000000000	-11.6893239474779
0.403000000000000	-10.3880790128777
0.403100000000000	-7.69384949766618
0.403200000000000	1.32446256550649
0.403300000000000	2.78017567698104
0.403400000000000	11.1213352708908
0.403500000000000	19.5767487140816
0.403600000000000	24.5664970159447
0.403700000000000	25.5893823558395
0.403800000000000	30.9616759982200
0.403900000000000	26.1851091966624
0.404000000000000	17.9088863440143
0.404100000000000	21.1346414567500
0.404200000000000	24.1440778590772
0.404300000000000	21.7716254969793
0.404400000000000	27.7713108994175
0.404500000000000	36.8218661588085
0.404600000000000	43.8601037406090
0.404700000000000	45.6920533930711
0.404800000000000	43.4319129537220
0.404900000000000	39.4160130541615
0.405000000000000	28.6550463883226
0.405100000000000	21.4004389016233
0.405200000000000	19.2120702667198
0.405300000000000	14.0852828512257
0.405400000000000	12.9792310886628
0.405500000000000	10.7598177091111
0.405600000000000	19.5761838830364
0.405700000000000	21.9581250391829
0.405800000000000	15.8267185032737
0.405900000000000	15.9809774149860
0.406000000000000	10.1070719017719
0.406100000000000	4.72279830448453
0.406200000000000	-8.03126191604598
0.406300000000000	-13.5584483927011
0.406400000000000	-16.6424607356605
0.406500000000000	-18.5181941963731
0.406600000000000	-8.42551124540719
0.406700000000000	-1.75206422428590
0.406800000000000	0.423671063666186
0.406900000000000	3.85050170138967
0.407000000000000	4.31872809749650
0.407100000000000	5.94361856231840
0.407200000000000	6.80247921824672
0.407300000000000	-8.67464481137267
0.407400000000000	-8.36584242444365
0.407500000000000	3.58787678475465
0.407600000000000	2.89114841581345
0.407700000000000	12.5573776689113
0.407800000000000	25.3523908764589
0.407900000000000	34.7026594825509
0.408000000000000	35.9102135797085
0.408100000000000	40.4388742959604
0.408200000000000	38.0432194702516
0.408300000000000	35.4797646558662
0.408400000000000	28.3938432212335
0.408500000000000	21.1910228344276
0.408600000000000	26.3413645661789
0.408700000000000	27.8658584350489
0.408800000000000	28.2769224061137
0.408900000000000	32.4297674307215
0.409000000000000	33.5691674290199
0.409100000000000	38.0170890190650
0.409200000000000	35.9508153624635
0.409300000000000	31.2951885120483
0.409400000000000	29.7897400730644
0.409500000000000	16.8837854079435
0.409600000000000	6.66417425230323
0.409700000000000	3.58200143202341
0.409800000000000	1.54632177642271
0.409900000000000	5.30301887159934
0.410000000000000	7.22045826046285
0.410100000000000	10.6582048368314
0.410200000000000	9.57356465151505
0.410300000000000	9.15974582777723
0.410400000000000	7.53735476065113
0.410500000000000	-1.34124634771248
0.410600000000000	-12.7852385132918
0.410700000000000	-12.1478233651168
0.410800000000000	-17.5847350919245
0.410900000000000	-13.0883551225034
0.411000000000000	-9.19637599590741
0.411100000000000	-2.44575067157588
0.411200000000000	11.2073958184420
0.411300000000000	12.9567722196057
0.411400000000000	18.0791172201374
0.411500000000000	19.1771792058047
0.411600000000000	12.8458444118793
0.411700000000000	18.4164814199797
0.411800000000000	12.2745008240891
0.411900000000000	15.4553908853386
0.412000000000000	16.9198566591625
0.412100000000000	25.5426182300903
0.412200000000000	27.1833916274475
0.412300000000000	31.5629039304536
0.412400000000000	40.9434681785996
0.412500000000000	42.8753940121605
0.412600000000000	39.6757814796221
0.412700000000000	42.5900835002393
0.412800000000000	35.6556554922983
0.412900000000000	29.0410376699979
0.413000000000000	16.1312496364756
0.413100000000000	14.5172838240627
0.413200000000000	25.7778314809870
0.413300000000000	23.7666579122357
0.413400000000000	28.0625521774111
0.413500000000000	26.7453631655962
0.413600000000000	21.0510879644358
0.413700000000000	21.6932223308311
0.413800000000000	13.7140365080957
0.413900000000000	14.4024325081473
0.414000000000000	-5.84126703670800
0.414100000000000	-9.25837187607203
0.414200000000000	-13.5973263809082
0.414300000000000	-3.24961326071131
0.414400000000000	-3.58504007695588
0.414500000000000	-4.83196179466279
0.414600000000000	4.24203005106267
0.414700000000000	1.29474032391271
0.414800000000000	3.79580661553637
0.414900000000000	11.4745430851833
0.415000000000000	-1.16006805464018
0.415100000000000	-9.18950320377558
0.415200000000000	-6.39812673032053
0.415300000000000	-7.36437529595948
0.415400000000000	-3.14910494534244
0.415500000000000	5.02558427907322
0.415600000000000	17.1844911274048
0.415700000000000	27.2226919225972
0.415800000000000	30.0251915293289
0.415900000000000	28.3533291635394
0.416000000000000	29.0989074682776
0.416100000000000	34.1388741371121
0.416200000000000	23.0916728328284
0.416300000000000	21.6376414670243
0.416400000000000	27.3983136117688
0.416500000000000	22.2992805260341
0.416600000000000	33.8251939833881
0.416700000000000	35.8647080446911
0.416800000000000	39.3827419256907
0.416900000000000	46.3893622913776
0.417000000000000	41.8742664840990
0.417100000000000	37.1576859159487
0.417200000000000	29.5693990455864
0.417300000000000	21.0100632029002
0.417400000000000	10.6764266843983
0.417500000000000	5.36066962321548
0.417600000000000	9.40480935304036
0.417700000000000	7.33833650706084
0.417800000000000	16.9413888981143
0.417900000000000	12.8745668424690
0.418000000000000	15.2447195980680
0.418100000000000	17.4018511568517
0.418200000000000	6.02619374320484
0.418300000000000	0.318337559405734
0.418400000000000	-8.42592930056897
0.418500000000000	-8.22147223282171
0.418600000000000	-14.3632223529196
0.418700000000000	-9.92778788572261
0.418800000000000	-9.98058203686859
0.418900000000000	-7.30670203928606
0.419000000000000	4.44075920293282
0.419100000000000	13.5143312346540
0.419200000000000	14.6384228045976
0.419300000000000	11.3054567800371
0.419400000000000	9.80956209416930
0.419500000000000	4.21350875110775
0.419600000000000	7.94741490727612
0.419700000000000	4.28648943454377
0.419800000000000	12.1430253587136
0.419900000000000	14.4237472873006
0.420000000000000	26.5682939009012
0.420100000000000	39.1489861639940
0.420200000000000	40.2515286748477
0.420300000000000	43.5706320509091
0.420400000000000	40.2869103063985
0.420500000000000	33.2347769470370
0.420600000000000	36.0547714681136
0.420700000000000	31.8990976413822
0.420800000000000	25.3983678957214
0.420900000000000	25.2855364043292
0.421000000000000	27.2979401195102
0.421100000000000	25.3717313015761
0.421200000000000	33.3806485186207
0.421300000000000	36.4820001598542
0.421400000000000	28.4218365244807
0.421500000000000	30.6168255195532
0.421600000000000	16.6570284993936
0.421700000000000	10.3075242075115
0.421800000000000	-0.0969888803268653
0.421900000000000	-3.98688736938875
0.422000000000000	-2.21411837907880
0.422100000000000	-7.22386448100234
0.422200000000000	0.0917723834837663
0.422300000000000	1.83756214554383
0.422400000000000	5.81717909840147
0.422500000000000	4.21025978513433
0.422600000000000	7.12148860233069
0.422700000000000	3.75615512612617
0.422800000000000	-5.89950085308848
0.422900000000000	-16.2112081680474
0.423000000000000	-11.3514973154946
0.423100000000000	-5.19825572126572
0.423200000000000	-3.68334249203239
0.423300000000000	2.37387470652493
0.423400000000000	11.5863593108539
0.423500000000000	9.68087391222004
0.423600000000000	23.2167195163571
0.423700000000000	24.0853388490902
0.423800000000000	23.2502156215486
0.423900000000000	21.7201095314524
0.424000000000000	15.1312068888118
0.424100000000000	13.7900426933371
0.424200000000000	22.6032114491414
0.424300000000000	23.1147200488216
0.424400000000000	30.0884690305237
0.424500000000000	40.3539454010910
0.424600000000000	41.9925344175938
0.424700000000000	47.1092442177472
0.424800000000000	43.9288958200136
0.424900000000000	37.2772596439163
0.425000000000000	30.9628585277399
0.425100000000000	21.0186445992698
0.425200000000000	20.3662243954395
0.425300000000000	18.4474496791428
0.425400000000000	17.0775918622931
0.425500000000000	17.8234027449141
0.425600000000000	16.8937139184218
0.425700000000000	15.3864277995674
0.425800000000000	18.1863532088396
0.425900000000000	19.9722211080726
0.426000000000000	11.6014891170230
0.426100000000000	0.447333124495938
0.426200000000000	-8.78427958828335
0.426300000000000	-14.5563869193057
0.426400000000000	-16.4023108639786
0.426500000000000	-13.1061644632791
0.426600000000000	-9.40140768669147
0.426700000000000	-5.11207789555609
0.426800000000000	-0.666902866274914
0.426900000000000	6.22258790011184
0.427000000000000	8.14288868484056
0.427100000000000	5.45765596993041
0.427200000000000	-2.73845151862282
0.427300000000000	-4.96557189846189
0.427400000000000	0.402412366629269
0.427500000000000	-0.329465348766794
0.427600000000000	2.20366833297316
0.427700000000000	20.8039963660616
0.427800000000000	25.2860513818283
0.427900000000000	31.7286930936241
0.428000000000000	35.3332692281151
0.428100000000000	37.3314555272926
0.428200000000000	43.5398664082650
0.428300000000000	30.7104414681602
0.428400000000000	32.1750834254203
0.428500000000000	27.9127210817016
0.428600000000000	26.9937623609513
0.428700000000000	26.1978605881888
0.428800000000000	35.7108779534462
0.428900000000000	37.8699906488072
0.429000000000000	33.1957274072845
0.429100000000000	40.2849735403419
0.429200000000000	39.1009164593367
0.429300000000000	31.3949792237321
0.429400000000000	24.8400012889636
0.429500000000000	19.8718926395138
0.429600000000000	8.94998303267945
0.429700000000000	8.54388993530286
0.429800000000000	-1.65628030269487
0.429900000000000	0.620304901095132
0.430000000000000	3.82896465175446
0.430100000000000	8.85834938221741
0.430200000000000	9.92762533942490
0.430300000000000	10.3954563874667
0.430400000000000	5.54740872409855
0.430500000000000	-0.930380977307339
0.430600000000000	-5.65310503688002
0.430700000000000	-8.14367880148319
0.430800000000000	-11.5086125515535
0.430900000000000	-17.4307559180804
0.431000000000000	-9.99106375485157
0.431100000000000	-6.17526343848115
0.431200000000000	13.4336164737753
0.431300000000000	12.6696137019506
0.431400000000000	17.2354426680831
0.431500000000000	12.7937883331318
0.431600000000000	14.5943636007456
0.431700000000000	17.7076947695201
0.431800000000000	9.64353813930576
0.431900000000000	18.9827050409822
0.432000000000000	11.9448750947553
0.432100000000000	18.4998344449812
0.432200000000000	31.0626229192655
0.432300000000000	32.0301692966093
0.432400000000000	34.3139241792558
0.432500000000000	45.8959164524113
0.432600000000000	39.1864703775940
0.432700000000000	37.0638948644280
0.432800000000000	31.1460376636992
0.432900000000000	30.6659248098223
0.433000000000000	22.8921562791552
0.433100000000000	20.7640754781986
0.433200000000000	21.8792064783550
0.433300000000000	17.1887912825488
0.433400000000000	24.3085122352229
0.433500000000000	27.5937783052126
0.433600000000000	24.6960707572812
0.433700000000000	19.1130759497739
0.433800000000000	14.5964937057211
0.433900000000000	-2.06866549102313
0.434000000000000	-8.50867840305652
0.434100000000000	-8.24963423774798
0.434200000000000	-15.5781569981596
0.434300000000000	-11.0244360222185
0.434400000000000	-7.23643502361229
0.434500000000000	-2.23376453438422
0.434600000000000	3.66743180229909
0.434700000000000	5.01226303254476
0.434800000000000	6.80908569201647
0.434900000000000	1.04082824545840
0.435000000000000	1.20646342138122
0.435100000000000	-2.87915117059467
0.435200000000000	-5.92428546074220
0.435300000000000	1.47327501434061
0.435400000000000	0.213560508008934
0.435500000000000	9.69130862848415
0.435600000000000	17.0142644027016
0.435700000000000	28.4946573611023
0.435800000000000	25.5668669585052
0.435900000000000	29.0649249928975
0.436000000000000	30.2035468868933
0.436100000000000	28.1182192918102
0.436200000000000	24.8979945857188
0.436300000000000	22.0544501199270
0.436400000000000	21.3089509943843
0.436500000000000	22.1107106907434
0.436600000000000	26.6258457730803
0.436700000000000	39.5426964081386
0.436800000000000	34.6074578062240
0.436900000000000	43.7279342892919
0.437000000000000	41.1127370419580
0.437100000000000	37.2640109367619
0.437200000000000	25.1200320152516
0.437300000000000	21.4084228295089
0.437400000000000	13.9416833873472
0.437500000000000	12.2084549513792
0.437600000000000	6.27418394083842
0.437700000000000	15.0984879933617
0.437800000000000	14.8522238689084
0.437900000000000	13.9521119063048
0.438000000000000	13.5465629721725
0.438100000000000	7.94081309814739
0.438200000000000	7.78670027767106
0.438300000000000	0.928202021468138
0.438400000000000	-4.79717130309632
0.438500000000000	-12.5806838396528
0.438600000000000	-11.7217659006878
0.438700000000000	-15.0975731307342
0.438800000000000	-13.6327253072637
0.438900000000000	-5.60750408952739
0.439000000000000	8.76173048927764
0.439100000000000	11.1705869582112
0.439200000000000	7.77348716199512
0.439300000000000	10.9289871010755
0.439400000000000	10.9020179729973
0.439500000000000	6.64025143881383
0.439600000000000	11.2425632763811
0.439700000000000	7.27478201168498
0.439800000000000	10.5171785374416
0.439900000000000	16.3891100474266
0.440000000000000	24.7180916201574
0.440100000000000	33.3329001754401
0.440200000000000	32.8215021946129
0.440300000000000	44.4883426019890
0.440400000000000	40.3146707225118
0.440500000000000	42.4379270661328
0.440600000000000	35.8983576241840
0.440700000000000	24.0466950938699
0.440800000000000	26.6572790964354
0.440900000000000	21.1143561629769
0.441000000000000	23.1288933584443
0.441100000000000	28.4515404669669
0.441200000000000	27.8673387913800
0.441300000000000	29.9897360166503
0.441400000000000	32.2618360220420
0.441500000000000	22.7430853875244
0.441600000000000	14.4113196803873
0.441700000000000	15.4498568209179
0.441800000000000	6.47479473666359
0.441900000000000	1.21549451600912
0.442000000000000	-3.16327954081843
0.442100000000000	-4.44593475427819
0.442200000000000	2.72836393473163
0.442300000000000	7.28866940209206
0.442400000000000	2.91893149835647
0.442500000000000	11.4323770897031
0.442600000000000	-2.28931981133280
0.442700000000000	-6.07658742411480
0.442800000000000	-7.60617254058114
0.442900000000000	-11.2138136209393
0.443000000000000	-9.35726614788038
0.443100000000000	-6.85598576972593
0.443200000000000	-6.28897869409450
0.443300000000000	6.33777822796704
0.443400000000000	13.6511320401904
0.443500000000000	13.9869927233367
0.443600000000000	25.2430708823067
0.443700000000000	28.6683092589319
0.443800000000000	21.2926467892508
0.443900000000000	20.5124988038125
0.444000000000000	23.2175069359481
0.444100000000000	26.3242922309866
0.444200000000000	20.0550374149984
0.444300000000000	24.4191408764099
0.444400000000000	33.1080506380087
0.444500000000000	36.8345071869728
0.444600000000000	39.6946409968320
0.444700000000000	40.4233883486285
0.444800000000000	37.6476408876940
0.444900000000000	44.2093982209382
0.445000000000000	32.9749353348687
0.445100000000000	25.6919052357926
0.445200000000000	20.0477274336414
0.445300000000000	13.1379162916574
0.445400000000000	16.7017266014896
0.445500000000000	20.2114075506365
0.445600000000000	13.4919725871934
0.445700000000000	21.1808940880215
0.445800000000000	19.8117122032268
0.445900000000000	16.7060628736521
0.446000000000000	9.64587430778023
0.446100000000000	3.41842557830722
0.446200000000000	-8.66319929116160
0.446300000000000	-9.08546028731373
0.446400000000000	-12.5090881135627
0.446500000000000	-13.3027838680648
0.446600000000000	-6.82526788017102
0.446700000000000	-4.69587648164747
0.446800000000000	0.741262643708918
0.446900000000000	7.35869670062718
0.447000000000000	5.81459033014340
0.447100000000000	1.16179072470599
0.447200000000000	-1.62742364240769
0.447300000000000	-1.69483018683091
0.447400000000000	5.58027949522967
0.447500000000000	8.50699543802650
0.447600000000000	5.66115842029523
0.447700000000000	8.09586872934445
0.447800000000000	21.3598638625888
0.447900000000000	31.3385343646931
0.448000000000000	43.0085553708899
0.448100000000000	42.9591843545034
0.448200000000000	35.6796922359592
0.448300000000000	30.2130318137249
0.448400000000000	28.5331387957093
0.448500000000000	23.2463764988882
0.448600000000000	29.6850622564679
0.448700000000000	25.2538605300996
0.448800000000000	29.2344001796056
0.448900000000000	31.1744813028030
0.449000000000000	39.5208676984593
0.449100000000000	35.8517874408172
0.449200000000000	39.2846842749732
0.449300000000000	28.8380535662340
0.449400000000000	25.4817491925275
0.449500000000000	14.7698094336902
0.449600000000000	11.1507628038724
0.449700000000000	1.26920343054394
0.449800000000000	-0.964782414658071
0.449900000000000	-1.30800104714708
0.450000000000000	3.77827252055180
0.450100000000000	5.19726180942384
0.450200000000000	6.35648182285629
0.450300000000000	10.1056780494051
0.450400000000000	7.78087853060936
0.450500000000000	-2.70256848230726
0.450600000000000	-1.26313434587087
0.450700000000000	-9.13051273241833
0.450800000000000	-8.20007674877361
0.450900000000000	-15.3368951726896
0.451000000000000	-9.02970270337382
0.451100000000000	2.40258492177271
0.451200000000000	8.99573687918469
0.451300000000000	17.4874772215793
0.451400000000000	18.3095645128321
0.451500000000000	19.6125571530722
0.451600000000000	16.3935612200546
0.451700000000000	13.5320279424858
0.451800000000000	15.6592714122060
0.451900000000000	14.4498034418500
0.452000000000000	16.6401724273690
0.452100000000000	23.7883442835152
0.452200000000000	26.8451556918369
0.452300000000000	33.0686377353237
0.452400000000000	43.7153753257556
0.452500000000000	44.9502759213481
0.452600000000000	37.4759636990122
0.452700000000000	36.6665626637294
0.452800000000000	26.9101596405281
0.452900000000000	29.4839755853869
0.453000000000000	24.2857727010923
0.453100000000000	21.1753978175797
0.453200000000000	22.6094068276818
0.453300000000000	21.0883702114579
0.453400000000000	24.1557676961206
0.453500000000000	27.0382631089548
0.453600000000000	29.0162495674496
0.453700000000000	23.1330024435371
0.453800000000000	14.4295770863329
0.453900000000000	10.0233128342398
0.454000000000000	-1.45175607111565
0.454100000000000	-8.98572578229924
0.454200000000000	-6.98642502355597
0.454300000000000	-8.30562316681164
0.454400000000000	-9.61428798207078
0.454500000000000	-5.19018567249867
0.454600000000000	-0.0361016438385011
0.454700000000000	7.38667417239134
0.454800000000000	6.24124164022825
0.454900000000000	2.09713000721919
0.455000000000000	-2.23581032683336
0.455100000000000	-4.28770149833748
0.455200000000000	-1.94125231709672
0.455300000000000	-2.17374254106849
0.455400000000000	-1.40033398328568
0.455500000000000	7.06056426288430
0.455600000000000	17.7535971946008
0.455700000000000	22.6273221280580
0.455800000000000	32.9734956965043
0.455900000000000	33.0910728665440
0.456000000000000	36.1030276339026
0.456100000000000	28.3424585241746
0.456200000000000	24.7784633701640
0.456300000000000	30.3277368115802
0.456400000000000	19.1236339741223
0.456500000000000	24.3345984196755
0.456600000000000	33.9098944027803
0.456700000000000	40.5947921133720
0.456800000000000	37.0197598326091
0.456900000000000	45.0886190200934
0.457000000000000	43.5164965161421
0.457100000000000	40.3844661544799
0.457200000000000	31.5181297168219
0.457300000000000	22.3451732000747
0.457400000000000	11.7566801446843
0.457500000000000	13.8192145440626
0.457600000000000	10.2859062369223
0.457700000000000	5.79421955922297
0.457800000000000	12.9158971125406
0.457900000000000	10.5257473840776
0.458000000000000	9.02217515873911
0.458100000000000	9.63116482678460
0.458200000000000	6.40325449187951
0.458300000000000	3.50667791692360
0.458400000000000	-7.62177369699280
0.458500000000000	-11.7493618508311
0.458600000000000	-13.4007660633923
0.458700000000000	-17.1078436667573
0.458800000000000	-10.1195848645537
0.458900000000000	-4.02519589780387
0.459000000000000	1.30481711161535
0.459100000000000	5.10816999749355
0.459200000000000	8.30129370269510
0.459300000000000	11.0240652884160
0.459400000000000	8.33696327002904
0.459500000000000	12.6703712481934
0.459600000000000	4.38816881167662
0.459700000000000	7.59981470094713
0.459800000000000	10.1013918092512
0.459900000000000	22.6802108436025
0.460000000000000	30.0849937062218
0.460100000000000	31.4311580712505
0.460200000000000	41.3217361459999
0.460300000000000	39.7978235133708
0.460400000000000	44.1283843343070
0.460500000000000	44.6435625192023
0.460600000000000	31.7603087505716
0.460700000000000	25.6356767929725
0.460800000000000	21.1408318304687
0.460900000000000	27.8645381538615
0.461000000000000	27.7172905192769
0.461100000000000	31.6698873396818
0.461200000000000	31.2730719953746
0.461300000000000	30.5037313950763
0.461400000000000	30.0184936909761
0.461500000000000	25.2751666743726
0.461600000000000	17.1945589982662
0.461700000000000	11.5715768164870
0.461800000000000	2.67529891863316
0.461900000000000	1.18960719655256
0.462000000000000	-6.64457179967111
0.462100000000000	-2.18277079240610
0.462200000000000	-5.22258593654733
0.462300000000000	7.59489383139209
0.462400000000000	4.84903468193354
0.462500000000000	5.02070290869689
0.462600000000000	2.09026065184547
0.462700000000000	-2.16477134839323
0.462800000000000	-6.73151387112291
0.462900000000000	-10.3029518813109
0.463000000000000	-6.81446354831576
0.463100000000000	-7.68147665929614
0.463200000000000	-4.51721669032948
0.463300000000000	-0.441063214615879
0.463400000000000	5.58852305443604
0.463500000000000	24.0942907442638
0.463600000000000	23.0278841811692
0.463700000000000	25.2144616790553
0.463800000000000	21.5008768978989
0.463900000000000	24.7596976874592
0.464000000000000	17.5685205829401
0.464100000000000	22.2474120405960
0.464200000000000	13.4320675113246
0.464300000000000	26.2731981314882
0.464400000000000	31.4265516681036
0.464500000000000	38.7463613383793
0.464600000000000	41.1411116632453
0.464700000000000	36.8398950133327
0.464800000000000	40.2465791458397
0.464900000000000	47.4345661903352
0.465000000000000	35.3237989674377
0.465100000000000	22.5393280690396
0.465200000000000	20.5775736284203
0.465300000000000	16.8649715780590
0.465400000000000	6.70473925621317
0.465500000000000	14.8441606312226
0.465600000000000	11.7404481967860
0.465700000000000	23.4819170371013
0.465800000000000	22.3930588780439
0.465900000000000	20.8513609252643
0.466000000000000	16.7128769869024
0.466100000000000	2.97560543118067
0.466200000000000	-6.46984407120980
0.466300000000000	-9.66605185473595
0.466400000000000	-12.6921056805768
0.466500000000000	-13.2064917816987
0.466600000000000	-9.52954124800531
0.466700000000000	-6.72643011580346
0.466800000000000	2.16129243736042
0.466900000000000	1.76198125134510
0.467000000000000	8.42692545955780
0.467100000000000	8.59140235205405
0.467200000000000	6.12054889955359
0.467300000000000	4.00300783261229
0.467400000000000	1.40553774265555
0.467500000000000	3.75992206084608
0.467600000000000	5.32383537144015
0.467700000000000	11.2146929224911
0.467800000000000	25.2780843921757
0.467900000000000	23.1034574604307
0.468000000000000	31.4743824884103
0.468100000000000	35.3874605477409
0.468200000000000	39.3733920045792
0.468300000000000	30.2247961907514
0.468400000000000	30.3159006829240
0.468500000000000	28.4699043950809
0.468600000000000	24.1536748927161
0.468700000000000	28.2204149840264
0.468800000000000	31.2247204117873
0.468900000000000	41.0101444698251
0.469000000000000	32.7624732938054
0.469100000000000	37.1905384791554
0.469200000000000	40.4934512387428
0.469300000000000	32.0886011340125
0.469400000000000	24.3468075583496
0.469500000000000	14.4287588085318
0.469600000000000	12.5564698729027
0.469700000000000	5.74718412969554
0.469800000000000	3.57338272064997
0.469900000000000	1.90909071648939
0.470000000000000	-1.94416228831837
0.470100000000000	13.2909688214583
0.470200000000000	5.70351062435432
0.470300000000000	9.33098802801534
0.470400000000000	9.30230339277700
0.470500000000000	-0.564844391243279
0.470600000000000	-7.31887656388231
0.470700000000000	-9.50631059104004
0.470800000000000	-15.0309250594816
0.470900000000000	-14.9511317158538
0.471000000000000	-15.0541949349823
0.471100000000000	-1.69152231251507
0.471200000000000	7.15825738263776
0.471300000000000	18.1280229913731
0.471400000000000	19.8380004908485
0.471500000000000	22.3287746870610
0.471600000000000	17.2737895849190
0.471700000000000	20.0287101978919
0.471800000000000	16.5853461502209
0.471900000000000	12.4812942688072
0.472000000000000	16.5393468107071
0.472100000000000	17.0163539977563
0.472200000000000	26.0216484817909
0.472300000000000	37.1801313744861
0.472400000000000	39.1807596902634
0.472500000000000	43.8232439952281
0.472600000000000	47.5028517160031
0.472700000000000	37.3764147890363
0.472800000000000	33.2311985978906
0.472900000000000	23.9557163609124
0.473000000000000	24.8501862950262
0.473100000000000	21.9287386781792
0.473200000000000	15.7407490125637
0.473300000000000	20.0036601803993
0.473400000000000	23.7016470086288
0.473500000000000	18.6366958581875
0.473600000000000	22.0364267898055
0.473700000000000	19.4819656712391
0.473800000000000	16.8943645107447
0.473900000000000	6.10194259335436
0.474000000000000	-4.86353371221576
0.474100000000000	-8.22125947388098
0.474200000000000	-8.02464531960158
0.474300000000000	-10.3046789575980
0.474400000000000	-10.7733892833469
0.474500000000000	7.57645844207584
0.474600000000000	3.18977297108915
0.474700000000000	9.74621168297438
0.474800000000000	13.4274526369337
0.474900000000000	6.40483223541941
0.475000000000000	-1.68213982935302
0.475100000000000	-11.3454566126592
0.475200000000000	-11.3567656838006
0.475300000000000	-6.55478092815712
0.475400000000000	0.181943952939927
0.475500000000000	12.9380262439202
0.475600000000000	23.4496444880033
0.475700000000000	26.6725975398514
0.475800000000000	25.8756453795759
0.475900000000000	31.9342640301477
0.476000000000000	39.1771150925151
0.476100000000000	29.5121657742206
0.476200000000000	25.8811976657918
0.476300000000000	20.5982418261499
0.476400000000000	24.6646482307186
0.476500000000000	24.4029297584167
0.476600000000000	32.1813339546165
0.476700000000000	39.8903366809575
0.476800000000000	46.4485951830057
0.476900000000000	42.8765089180695
0.477000000000000	49.3304805859243
0.477100000000000	42.4418188646532
0.477200000000000	26.7369304099588
0.477300000000000	26.5137930112786
0.477400000000000	15.5554047159688
0.477500000000000	6.26864626575348
0.477600000000000	11.3832915658077
0.477700000000000	11.2661244822056
0.477800000000000	12.5599525140351
0.477900000000000	13.3389977315527
0.478000000000000	10.2362049624942
0.478100000000000	19.2041648471623
0.478200000000000	10.8807116387261
0.478300000000000	5.48147717271995
0.478400000000000	-5.35100158777014
0.478500000000000	-13.7239273512807
0.478600000000000	-11.2627219255046
0.478700000000000	-18.3629036925483
0.478800000000000	-8.19343720154160
0.478900000000000	-5.44341706398424
0.479000000000000	3.83053132410884
0.479100000000000	11.4188619420505
0.479200000000000	15.3307290895317
0.479300000000000	11.5217337300701
0.479400000000000	9.79233873787834
0.479500000000000	0.118469114946475
0.479600000000000	1.68735434251880
0.479700000000000	13.5359574703249
0.479800000000000	11.8254153709207
0.479900000000000	18.9621298888653
0.480000000000000	21.3224963584943
0.480100000000000	32.0675266465971
0.480200000000000	33.0855521852145
0.480300000000000	37.3489248262771
0.480400000000000	36.9012813062243
0.480500000000000	32.0913593462318
0.480600000000000	28.4735430387208
0.480700000000000	23.8473624652497
0.480800000000000	21.9198810434089
0.480900000000000	27.5487481036570
0.481000000000000	31.7856279985136
0.481100000000000	26.3195345758101
0.481200000000000	33.0890997839051
0.481300000000000	33.2692488225489
0.481400000000000	28.7299614810729
0.481500000000000	24.5279327317973
0.481600000000000	14.3694151552658
0.481700000000000	14.3115525515114
0.481800000000000	3.16205294059408
0.481900000000000	0.576865605349475
0.482000000000000	-8.03817672721475
0.482100000000000	-6.46062407664585
0.482200000000000	-0.527255687450705
0.482300000000000	1.61320442690703
0.482400000000000	9.30678048739401
0.482500000000000	2.93239512183596
0.482600000000000	8.61252924682209
0.482700000000000	-1.19546551518543
0.482800000000000	-5.64770799384609
0.482900000000000	-10.9239757169055
0.483000000000000	-13.1393178625556
0.483100000000000	-4.63734426526347
0.483200000000000	-7.52698541121820
0.483300000000000	6.63153403521941
0.483400000000000	10.6722418878624
0.483500000000000	18.5744558045329
0.483600000000000	24.5334530032137
0.483700000000000	25.9589328045052
0.483800000000000	21.2029130845397
0.483900000000000	19.6664678045991
0.484000000000000	21.4946959162522
0.484100000000000	18.0298318677780
0.484200000000000	20.8939706816260
0.484300000000000	26.6341501769353
0.484400000000000	31.1479204044710
0.484500000000000	35.9519083054913
0.484600000000000	42.3649739279624
0.484700000000000	49.3602848427421
0.484800000000000	45.9591971457454
0.484900000000000	41.7068068909095
0.485000000000000	35.0914418580216
0.485100000000000	27.7724799183517
0.485200000000000	16.0812619819376
0.485300000000000	22.6903609005975
0.485400000000000	13.5771806145275
0.485500000000000	15.8218017925347
0.485600000000000	13.5658302204944
0.485700000000000	23.6841336263849
0.485800000000000	21.7828361303042
0.485900000000000	17.2936584898282
0.486000000000000	12.5193696385654
0.486100000000000	5.45663931116401
0.486200000000000	-3.98841171380481
0.486300000000000	-19.1367563865942
0.486400000000000	-14.3092204897268
0.486500000000000	-13.6459231061471
0.486600000000000	-7.74123102369419
0.486700000000000	-4.27884760813741
0.486800000000000	2.92211917217657
0.486900000000000	6.91999296717387
0.487000000000000	7.57119835974557
0.487100000000000	9.08148262867608
0.487200000000000	4.26247415114453
0.487300000000000	3.61005696533377
0.487400000000000	-2.68601442142395
0.487500000000000	5.42204626636043
0.487600000000000	2.23016051653813
0.487700000000000	11.3572405330904
0.487800000000000	16.3461188288135
0.487900000000000	27.3419433162493
0.488000000000000	39.5650302778013
0.488100000000000	39.9336752893610
0.488200000000000	34.8042008173516
0.488300000000000	36.1456727599266
0.488400000000000	27.8509019217643
0.488500000000000	19.6703566745277
0.488600000000000	22.9193277031515
0.488700000000000	31.9381832506178
0.488800000000000	29.7394301989477
0.488900000000000	27.3735625986036
0.489000000000000	39.9222283886399
0.489100000000000	45.6686472701316
0.489200000000000	37.7925214735486
0.489300000000000	32.3957805057941
0.489400000000000	27.0571629172810
0.489500000000000	13.6996194129482
0.489600000000000	9.30325940974065
0.489700000000000	10.8055991985041
0.489800000000000	-2.40428782684909
0.489900000000000	1.36473538403189
0.490000000000000	5.21573789106270
0.490100000000000	8.43318873665065
0.490200000000000	11.5880821297777
0.490300000000000	7.43383717875037
0.490400000000000	2.20086888518082
0.490500000000000	-1.25756934148919
0.490600000000000	-13.4133057203976
0.490700000000000	-12.9975455442590
0.490800000000000	-7.46819753967216
0.490900000000000	-14.8823409585792
0.491000000000000	-6.99495079578430
0.491100000000000	0.791265864988631
0.491200000000000	8.42233816761590
0.491300000000000	14.1789491983067
0.491400000000000	16.1185734101487
0.491500000000000	20.4945593553664
0.491600000000000	18.7396929128312
0.491700000000000	15.8384944701653
0.491800000000000	15.0915522596659
0.491900000000000	12.4614978578785
0.492000000000000	12.0402490316769
0.492100000000000	19.0378933342205
0.492200000000000	31.1959555533041
0.492300000000000	39.8303050615892
0.492400000000000	40.3221582308654
0.492500000000000	40.7191774109488
0.492600000000000	40.6414806518122
0.492700000000000	42.8101667503429
0.492800000000000	36.2134303249253
0.492900000000000	29.3535946900215
0.493000000000000	25.0903002608709
0.493100000000000	19.6568445570832
0.493200000000000	20.8623487794326
0.493300000000000	25.2437093358427
0.493400000000000	28.8963936188231
0.493500000000000	35.8296602810169
0.493600000000000	23.4598260574147
0.493700000000000	22.6270734427882
0.493800000000000	16.5422809757316
0.493900000000000	2.74682883845220
0.494000000000000	-6.60495625363070
0.494100000000000	-7.45001185796183
0.494200000000000	-13.0754984156650
0.494300000000000	-10.0239753598358
0.494400000000000	-9.48756382999923
0.494500000000000	-1.78333409013674
0.494600000000000	3.32207710101197
0.494700000000000	-1.69499356024207
0.494800000000000	7.65213091442400
0.494900000000000	-4.07404262378811
0.495000000000000	-0.845876863939663
0.495100000000000	-5.34190430894870
0.495200000000000	-6.32845295424161
0.495300000000000	-0.571881024826375
0.495400000000000	-5.39940236341116
0.495500000000000	5.15704209664612
0.495600000000000	13.8691752137825
0.495700000000000	29.5568731034373
0.495800000000000	34.6096208879885
0.495900000000000	35.1286790385529
0.496000000000000	27.0437585937689
0.496100000000000	27.6030489180156
0.496200000000000	27.2334372392258
0.496300000000000	24.2785131014696
0.496400000000000	21.0648927811978
0.496500000000000	30.8681166531944
0.496600000000000	29.1431518109203
0.496700000000000	38.0166582243511
0.496800000000000	47.9162742565774
0.496900000000000	49.0522058417971
0.497000000000000	41.1976241565056
0.497100000000000	39.1262173541317
0.497200000000000	34.5012335492417
0.497300000000000	17.6170168295414
0.497400000000000	16.5566374689576
0.497500000000000	14.7937881412537
0.497600000000000	10.5032770862079
0.497700000000000	12.4734108133301
0.497800000000000	11.1673136778610
0.497900000000000	9.43853898513328
0.498000000000000	11.8018998203352
0.498100000000000	16.8805969094205
0.498200000000000	6.97697857195864
0.498300000000000	2.42339601920364
0.498400000000000	-10.7369548817232
0.498500000000000	-18.7469141734910
0.498600000000000	-22.0735288686088
0.498700000000000	-13.2166868736307
0.498800000000000	-16.3242939355514
0.498900000000000	1.91718742315204
0.499000000000000	8.00666850457808
0.499100000000000	10.7989055523984
0.499200000000000	15.9690311991115
0.499300000000000	12.2484639497102
0.499400000000000	4.56819548894580
0.499500000000000	7.12017364158316
0.499600000000000	3.63178622989973
0.499700000000000	10.5803401810702
0.499800000000000	11.6819684453232
0.499900000000000	18.7264122273321
0.500000000000000	24.6284979863989
0.500100000000000	31.1126677284619
0.500200000000000	40.8727111503969
0.500300000000000	41.3027613689044
0.500400000000000	46.1231619496169
0.500500000000000	36.6108531742973
0.500600000000000	29.8226128806928
0.500700000000000	26.5406609016893
0.500800000000000	27.4464118246821
0.500900000000000	21.7649102367536
0.501000000000000	25.3773091662234
0.501100000000000	24.6278943814880
0.501200000000000	33.1371189956035
0.501300000000000	33.0902246549161
0.501400000000000	31.3110433863298
0.501500000000000	28.1736488901982
0.501600000000000	20.0450730204271
0.501700000000000	10.9767845768943
0.501800000000000	12.1990155665661
0.501900000000000	0.0808958109719651
0.502000000000000	-0.432390170878083
0.502100000000000	0.318812727854276
0.502200000000000	-2.63904116671461
0.502300000000000	0.720857141992253
0.502400000000000	-0.0147964646685725
0.502500000000000	2.86684815463999
0.502600000000000	2.94509864785775
0.502700000000000	-0.800453039462042
0.502800000000000	-4.71617172406704
0.502900000000000	-9.58059390997083
0.503000000000000	-15.6055077578472
0.503100000000000	-11.1079669578590
0.503200000000000	0.728663824669820
0.503300000000000	2.09585455268373
0.503400000000000	8.78330848770687
0.503500000000000	18.4895692210962
0.503600000000000	25.3968672915283
0.503700000000000	24.8991535762142
0.503800000000000	23.6752459524564
0.503900000000000	21.1760805553773
0.504000000000000	23.3278626031502
0.504100000000000	21.1888678316592
0.504200000000000	17.8235236097678
0.504300000000000	22.3496662089388
0.504400000000000	25.6255193109251
0.504500000000000	41.5008416434158
0.504600000000000	42.7905872454393
0.504700000000000	44.5435472572831
0.504800000000000	44.3298312792869
0.504900000000000	34.6579352790991
0.505000000000000	28.7381558579090
0.505100000000000	24.7651072684413
0.505200000000000	17.0924141297766
0.505300000000000	8.16807468708936
0.505400000000000	11.8369997670681
0.505500000000000	17.0188550032155
0.505600000000000	22.3200156152042
0.505700000000000	21.0366748421976
0.505800000000000	20.6924117488950
0.505900000000000	15.0888972389036
0.506000000000000	10.8574275265571
0.506100000000000	3.88436782476831
0.506200000000000	-8.56300154065087
0.506300000000000	-8.18188493877705
0.506400000000000	-19.3529571013433
0.506500000000000	-13.0334771915152
0.506600000000000	-9.36616616824647
0.506700000000000	2.50279254918805
0.506800000000000	1.96862435205312
0.506900000000000	17.1544223684862
0.507000000000000	7.17976797140229
0.507100000000000	4.28729588953043
0.507200000000000	10.8510872493598
0.507300000000000	0.209787588616630
0.507400000000000	-2.01294053114458
0.507500000000000	0.767225957488131
0.507600000000000	1.97123995655588
0.507700000000000	8.10971780591804
0.507800000000000	19.5735217410363
0.507900000000000	30.1087277592556
0.508000000000000	39.4543571767615
0.508100000000000	42.2224919195046
0.508200000000000	38.9829977083651
0.508300000000000	37.8044826377308
0.508400000000000	37.9267502639652
0.508500000000000	28.0332160797830
0.508600000000000	27.6172091939072
0.508700000000000	24.9286039595550
0.508800000000000	33.3752250782303
0.508900000000000	30.6349980420317
0.509000000000000	37.1133356460950
0.509100000000000	36.9762863310465
0.509200000000000	36.0624289849982
0.509300000000000	38.8415678647925
0.509400000000000	23.9239048949007
0.509500000000000	14.4070948987475
0.509600000000000	11.2391311621008
0.509700000000000	1.63458027955395
0.509800000000000	1.64568162942714
0.509900000000000	3.38668239203042
0.510000000000000	1.71533306238073
0.510100000000000	6.38218996806265
0.510200000000000	15.1905926730458
0.510300000000000	8.44465977545765
0.510400000000000	7.07869159287010
0.510500000000000	2.45401984660388
0.510600000000000	-6.00713213609458
0.510700000000000	-12.2866209517994
0.510800000000000	-10.5087886378486
0.510900000000000	-16.8745383699828
0.511000000000000	-3.81090613842876
0.511100000000000	-6.98768241207633
0.511200000000000	3.58460783626309
0.511300000000000	12.8028364674184
0.511400000000000	17.8067594555413
0.511500000000000	13.7343385749567
0.511600000000000	19.8501936330691
0.511700000000000	14.4792719467453
0.511800000000000	9.23531784881551
0.511900000000000	9.11280961084423
0.512000000000000	12.9888790492602
0.512100000000000	19.2977903451669
0.512200000000000	29.1237846136253
0.512300000000000	36.8258464184411
0.512400000000000	40.6954478556879
0.512500000000000	44.6258041271753
0.512600000000000	41.4456071311579
0.512700000000000	39.5476059474230
0.512800000000000	37.6398844833923
0.512900000000000	29.1894231441461
0.513000000000000	20.5680926798467
0.513100000000000	20.4676481442708
0.513200000000000	20.3419595034436
0.513300000000000	22.1441669248856
0.513400000000000	25.4041859159971
0.513500000000000	31.3828164181859
0.513600000000000	24.7289185236247
0.513700000000000	22.4785002579902
0.513800000000000	16.5247509433831
0.513900000000000	2.61898152191285
0.514000000000000	-7.00510767379007
0.514100000000000	-5.58427468255108
0.514200000000000	-9.30772782445879
0.514300000000000	-11.2279515030352
0.514400000000000	-2.20820011013443
0.514500000000000	0.0301465452835608
0.514600000000000	1.92301269342991
0.514700000000000	3.96044852253309
0.514800000000000	3.20139950242341
0.514900000000000	-1.62770387747401
0.515000000000000	6.49714173987842
0.515100000000000	-13.0444109799020
0.515200000000000	-6.27081681788641
0.515300000000000	-5.21799015895644
0.515400000000000	-4.01146042597737
0.515500000000000	7.49941648415390
0.515600000000000	18.0624330950211
0.515700000000000	28.0511570977077
0.515800000000000	30.6143785949659
0.515900000000000	34.2996603864777
0.516000000000000	37.1017583915380
0.516100000000000	28.1855201762940
0.516200000000000	23.3362363155408
0.516300000000000	18.5123278239909
0.516400000000000	26.1392226371574
0.516500000000000	24.8741868415921
0.516600000000000	36.1377865251307
0.516700000000000	37.4770099807433
0.516800000000000	41.2448825596957
0.516900000000000	41.5416099286332
0.517000000000000	39.7841541509912
0.517100000000000	32.0852347873238
0.517200000000000	30.4196651519337
0.517300000000000	18.9848280712472
0.517400000000000	15.4211311893620
0.517500000000000	3.63091363564509
0.517600000000000	8.84775893140471
0.517700000000000	6.14121732613473
0.517800000000000	6.65223124240752
0.517900000000000	13.0619788196519
0.518000000000000	16.0039910718441
0.518100000000000	14.7561094417299
0.518200000000000	10.1053544117826
0.518300000000000	-2.01572984564278
0.518400000000000	-10.8774828243248
0.518500000000000	-3.39104641755173
0.518600000000000	-16.9240682068631
0.518700000000000	-15.8564280963205
0.518800000000000	-7.33351955884656
0.518900000000000	-5.63089327193816
0.519000000000000	2.41264631337834
0.519100000000000	4.84766553167053
0.519200000000000	11.6143931630747
0.519300000000000	8.42943010547028
0.519400000000000	11.0569694712918
0.519500000000000	7.75911663265430
0.519600000000000	3.43573545599341
0.519700000000000	5.63177903353822
0.519800000000000	9.27445516965136
0.519900000000000	18.5428753187040
0.520000000000000	24.2024984031742
0.520100000000000	35.0165846559665
0.520200000000000	37.1696138416000
0.520300000000000	44.1447345690052
0.520400000000000	40.6209177741834
0.520500000000000	30.7051632287121
0.520600000000000	32.5875840254625
0.520700000000000	30.1895281204552
0.520800000000000	28.3227705520100
0.520900000000000	24.8003484441303
0.521000000000000	30.9672613463904
0.521100000000000	31.9739761607094
0.521200000000000	39.6531658003311
0.521300000000000	35.0257313049943
0.521400000000000	33.8419649220879
0.521500000000000	28.5282837762991
0.521600000000000	21.1796807463762
0.521700000000000	13.2730377056201
0.521800000000000	6.03057745882195
0.521900000000000	-6.08057355840901
0.522000000000000	-9.37058865804701
0.522100000000000	-0.121238150753953
0.522200000000000	1.81117742044644
0.522300000000000	-0.220345878806594
0.522400000000000	4.98282628159183
0.522500000000000	11.4084145613162
0.522600000000000	-0.396668357272425
0.522700000000000	-0.0142878168235221
0.522800000000000	-10.4929100407531
0.522900000000000	-9.55731881801740
0.523000000000000	-10.5711242982942
0.523100000000000	-10.1246814401926
0.523200000000000	-1.18788811139117
0.523300000000000	3.08984428003391
0.523400000000000	15.6763069434989
0.523500000000000	22.6525431878698
0.523600000000000	23.0384577617973
0.523700000000000	26.3821794939265
0.523800000000000	25.1520309861260
0.523900000000000	24.9917340068133
0.524000000000000	23.4661536036614
0.524100000000000	21.3263341723181
0.524200000000000	20.8170816226229
0.524300000000000	22.4932322419007
0.524400000000000	27.5520311906587
0.524500000000000	41.6078165143086
0.524600000000000	49.3433864473334
0.524700000000000	45.7546547430447
0.524800000000000	42.9672509314586
0.524900000000000	41.2215257016937
0.525000000000000	25.9921596655334
0.525100000000000	23.3250067558174
0.525200000000000	12.0632593803799
0.525300000000000	16.5922015466391
0.525400000000000	14.9722052756113
0.525500000000000	17.6853129624077
0.525600000000000	17.7505882945129
0.525700000000000	14.7030806456396
0.525800000000000	22.9638865080424
0.525900000000000	13.9654090983941
0.526000000000000	10.2135387078061
0.526100000000000	4.83627619254377
0.526200000000000	-3.89938322201704
0.526300000000000	-13.8631500385282
0.526400000000000	-14.3660968809040
0.526500000000000	-12.9872002553163
0.526600000000000	-5.02020946098031
0.526700000000000	1.53660141624668
0.526800000000000	-0.543095178357994
0.526900000000000	3.21844432441342
0.527000000000000	7.88808028542349
0.527100000000000	6.02016520345457
0.527200000000000	3.73251701926851
0.527300000000000	-3.08552125103044
0.527400000000000	-5.15487849129153
0.527500000000000	0.576209265109675
0.527600000000000	9.67431826950216
0.527700000000000	15.2301052764714
0.527800000000000	21.4395035052458
0.527900000000000	28.5269457851555
0.528000000000000	31.8243044809891
0.528100000000000	40.6399903083757
0.528200000000000	39.6186269651700
0.528300000000000	33.1209419199987
0.528400000000000	30.7721943189159
0.528500000000000	27.1205608236099
0.528600000000000	28.0141048063759
0.528700000000000	31.6851049612136
0.528800000000000	24.4217854409434
0.528900000000000	33.4384616580377
0.529000000000000	37.7658645937163
0.529100000000000	35.2309906972928
0.529200000000000	36.3429328016263
0.529300000000000	34.5260843497586
0.529400000000000	21.8381400099895
0.529500000000000	9.07764699608661
0.529600000000000	5.00498614609512
0.529700000000000	4.08006812324250
0.529800000000000	-1.21412465455061
0.529900000000000	5.08576137570317
0.530000000000000	2.89191700129376
0.530100000000000	8.09735304240662
0.530200000000000	6.72896907509321
0.530300000000000	9.43235624864435
0.530400000000000	-1.56467545008480
0.530500000000000	3.25794335126341
0.530600000000000	-8.56006670417976
0.530700000000000	-12.8204232620169
0.530800000000000	-18.6031422642404
0.530900000000000	-12.2723801714554
0.531000000000000	-7.44171148695818
0.531100000000000	-3.90533783623336
0.531200000000000	9.36413987623304
0.531300000000000	20.1201631327876
0.531400000000000	21.2784817250979
0.531500000000000	18.2087579526225
0.531600000000000	18.8098896078410
0.531700000000000	15.3919728436886
0.531800000000000	14.3836093648491
0.531900000000000	6.90137284236207
0.532000000000000	13.7679762400901
0.532100000000000	21.5204181405365
0.532200000000000	31.7153604494788
0.532300000000000	38.0000301839338
0.532400000000000	41.8068071124942
0.532500000000000	37.4625324922140
0.532600000000000	38.4557829289771
0.532700000000000	42.9072543148688
0.532800000000000	33.1179788332504
0.532900000000000	26.8035408604072
0.533000000000000	21.3377796928977
0.533100000000000	29.8042845103623
0.533200000000000	19.1283156652516
0.533300000000000	23.2308563748678
0.533400000000000	27.9500438668454
0.533500000000000	31.5887409445855
0.533600000000000	25.4778681499382
0.533700000000000	24.4014913182509
0.533800000000000	17.3915611155561
0.533900000000000	6.74928233059860
0.534000000000000	-6.04367208700881
0.534100000000000	-4.96242081028573
0.534200000000000	-9.62891290658279
0.534300000000000	-4.15312555593966
0.534400000000000	-8.31464480122132
0.534500000000000	-1.15733037751349
0.534600000000000	1.18452526619844
0.534700000000000	-1.04638320904935
0.534800000000000	0.941858718991018
0.534900000000000	-4.65738986049293
0.535000000000000	3.13638617425925
0.535100000000000	-4.69852776174178
0.535200000000000	-4.70276837385316
0.535300000000000	-4.00052625019644
0.535400000000000	4.07802962246735
0.535500000000000	12.9348536589669
0.535600000000000	15.3647435985695
0.535700000000000	21.2710634063284
0.535800000000000	33.1782779062128
0.535900000000000	39.0343072091357
0.536000000000000	30.4963214507803
0.536100000000000	26.1302087223087
0.536200000000000	26.5448137604442
0.536300000000000	20.6270326770452
0.536400000000000	21.5421845103991
0.536500000000000	29.0861662344314
0.536600000000000	31.0599138956865
0.536700000000000	38.7471732890139
0.536800000000000	39.6328932210704
0.536900000000000	44.6147171858346
0.537000000000000	41.9854653472669
0.537100000000000	37.4448354825435
0.537200000000000	32.2354231319451
0.537300000000000	23.4169486268468
0.537400000000000	9.03616520747861
0.537500000000000	15.3881743241177
0.537600000000000	4.24902830330705
0.537700000000000	3.62365645239820
0.537800000000000	14.5010641261548
0.537900000000000	10.8860665089049
0.538000000000000	7.45050356390909
0.538100000000000	10.7975932416105
0.538200000000000	11.6936755421443
0.538300000000000	2.04115019220599
0.538400000000000	-5.29307088389333
0.538500000000000	-15.9093077124836
0.538600000000000	-17.1467475001436
0.538700000000000	-10.2501051001711
0.538800000000000	-4.48986458771623
0.538900000000000	1.14441008601945
0.539000000000000	5.84785398453322
0.539100000000000	5.89461172833718
0.539200000000000	11.1351431265338
0.539300000000000	15.6132986347929
0.539400000000000	14.3115061469135
0.539500000000000	8.76806820592485
0.539600000000000	6.62571054721828
0.539700000000000	8.54395117000834
0.539800000000000	10.0445257880500
0.539900000000000	20.8942497883852
0.540000000000000	26.8518582294027
0.540100000000000	35.2223915121102
0.540200000000000	38.8458806697939
0.540300000000000	42.7957252186573
0.540400000000000	38.9161546797657
0.540500000000000	42.3761397593025
0.540600000000000	31.4641643890648
0.540700000000000	30.0007766022395
0.540800000000000	18.7347113695163
0.540900000000000	27.6910161222556
0.541000000000000	25.2852366360657
0.541100000000000	31.5927315757644
0.541200000000000	31.1875544246465
0.541300000000000	35.7959348999049
0.541400000000000	30.1386434432383
0.541500000000000	25.5148875034110
0.541600000000000	16.4041601873835
0.541700000000000	6.23835518014149
0.541800000000000	4.56762334912223
0.541900000000000	1.16949211296908
0.542000000000000	-4.29997882202071
0.542100000000000	-6.27828024132291
0.542200000000000	-5.05299694948065
0.542300000000000	-1.06417530230647
0.542400000000000	10.2212120895899
0.542500000000000	5.35444643813130
0.542600000000000	-0.422211495743300
0.542700000000000	-4.55806077494622
0.542800000000000	-8.09372867107766
0.542900000000000	-10.2275736160518
0.543000000000000	-4.51047968095966
0.543100000000000	-8.95927664182338
0.543200000000000	-7.96985179375391
0.543300000000000	1.05062376933532
0.543400000000000	8.34040905396976
0.543500000000000	22.8898622408225
0.543600000000000	29.8283832986888
0.543700000000000	30.2068736968963
0.543800000000000	23.4517236964338
0.543900000000000	26.1448541918727
0.544000000000000	19.9482291571388
0.544100000000000	18.9973355936449
0.544200000000000	17.7391756703190
0.544300000000000	24.6893665165441
0.544400000000000	28.9898116612873
0.544500000000000	36.9422785696261
0.544600000000000	40.4259760967090
0.544700000000000	43.3390786261049
0.544800000000000	37.9124391739501
0.544900000000000	39.9929332718717
0.545000000000000	27.6487150294971
0.545100000000000	25.7922999127456
0.545200000000000	17.0351482202957
0.545300000000000	13.0034368099990
0.545400000000000	9.16680269876866
0.545500000000000	15.5025927612800
0.545600000000000	21.5609224272044
0.545700000000000	25.3677963320435
0.545800000000000	21.0194780730409
0.545900000000000	11.7553591571391
0.546000000000000	9.01699322396023
0.546100000000000	5.67416228107417
0.546200000000000	-3.55194650303151
0.546300000000000	-12.6112369786747
0.546400000000000	-12.3771439188349
0.546500000000000	-9.29986481435250
0.546600000000000	-9.56595338964851
0.546700000000000	-5.36485787472738
0.546800000000000	-0.290112262704405
0.546900000000000	7.57799670686846
0.547000000000000	8.77204740726775
0.547100000000000	4.54233649175966
0.547200000000000	-1.32778647702673
0.547300000000000	1.15276323602797
0.547400000000000	-1.16279548044798
0.547500000000000	1.51078793186029
0.547600000000000	10.3800588544216
0.547700000000000	13.9821703932553
0.547800000000000	18.7206648765684
0.547900000000000	35.9459929219517
0.548000000000000	32.7505808109065
0.548100000000000	35.9510055672072
0.548200000000000	38.6997969499444
0.548300000000000	29.6791348964795
0.548400000000000	30.5362522915093
0.548500000000000	26.7027639045171
0.548600000000000	32.0043324892884
0.548700000000000	30.5515216888219
0.548800000000000	31.0499797852239
0.548900000000000	30.5028520831680
0.549000000000000	39.0813641413108
0.549100000000000	37.6427844021462
0.549200000000000	35.3237292199294
0.549300000000000	26.1125665573125
0.549400000000000	17.3570926948992
0.549500000000000	17.3981713186547
0.549600000000000	10.2377785542908
0.549700000000000	2.38237349838516
0.549800000000000	3.33009505416081
0.549900000000000	2.86620721279247
0.550000000000000	-0.197487186878309
0.550100000000000	2.89118700510952
0.550200000000000	11.8332818943396
0.550300000000000	8.60243846860973
0.550400000000000	2.68475392949082
0.550500000000000	-4.89963277786135
0.550600000000000	-6.49366318228799
0.550700000000000	-11.0341060574078
0.550800000000000	-19.5274796193318
0.550900000000000	-9.17139020046216
0.551000000000000	-7.24177392345499
0.551100000000000	0.500043646164961
0.551200000000000	2.70695977621513
0.551300000000000	18.4334000800693
0.551400000000000	19.8732763733028
0.551500000000000	15.8517561296607
0.551600000000000	16.7576088964785
0.551700000000000	13.3191683516559
0.551800000000000	14.9364757701677
0.551900000000000	16.4100347263310
0.552000000000000	17.9201354289273
0.552100000000000	23.6989772821868
0.552200000000000	30.9176482177734
0.552300000000000	32.8377272396445
0.552400000000000	43.8771677494038
0.552500000000000	41.2923650842693
0.552600000000000	44.9836401448702
0.552700000000000	35.5638637568206
0.552800000000000	36.7163483065848
0.552900000000000	28.6471459129357
0.553000000000000	25.3165962906868
0.553100000000000	18.5569874821492
0.553200000000000	23.5588931019220
0.553300000000000	20.8192985682072
0.553400000000000	24.4791001226856
0.553500000000000	26.0266059456250
0.553600000000000	27.2453923003224
0.553700000000000	25.4432202642299
0.553800000000000	13.8623343263610
0.553900000000000	5.82268264872481
0.554000000000000	-0.330329043266101
0.554100000000000	-9.24048301985953
0.554200000000000	-5.25490236567825
0.554300000000000	-5.96775081926378
0.554400000000000	-3.15672498407843
0.554500000000000	-3.20041428380838
0.554600000000000	-2.73211891169231
0.554700000000000	1.79395027419847
0.554800000000000	5.68250737104975
0.554900000000000	-0.0953748183860910
0.555000000000000	-0.687460160262697
0.555100000000000	-7.03105655507843
0.555200000000000	-5.57368419945438
0.555300000000000	-5.14514445040355
0.555400000000000	1.54116513873571
0.555500000000000	2.37247919642098
0.555600000000000	20.2271513862148
0.555700000000000	23.1967043117984
0.555800000000000	30.6305910336636
0.555900000000000	37.8580369398281
0.556000000000000	31.6009147550331
0.556100000000000	32.7220968448546
0.556200000000000	25.0176533229091
0.556300000000000	27.2516489074834
0.556400000000000	25.5752181601608
0.556500000000000	26.7347352945212
0.556600000000000	30.3682611278229
0.556700000000000	38.2391379768364
0.556800000000000	37.7629528467405
0.556900000000000	39.6102928349802
0.557000000000000	44.0717324216653
0.557100000000000	38.2604660057696
0.557200000000000	30.8687868662359
0.557300000000000	19.9847552901748
0.557400000000000	14.3441429305703
0.557500000000000	5.07098165743977
0.557600000000000	3.82376332214556
0.557700000000000	10.0351085386757
0.557800000000000	7.48672776043224
0.557900000000000	13.2951755060961
0.558000000000000	8.27922002214371
0.558100000000000	9.60000457321269
0.558200000000000	3.27595870887948
0.558300000000000	1.52380883482211
0.558400000000000	-6.89565952766794
0.558500000000000	-11.2740936536215
0.558600000000000	-18.1276619296136
0.558700000000000	-17.1719162604354
0.558800000000000	-13.1631022482279
0.558900000000000	0.413401532320005
0.559000000000000	5.49467172527925
0.559100000000000	9.47479666634701
0.559200000000000	9.30778743780420
0.559300000000000	8.69043821407462
0.559400000000000	13.5319303243307
0.559500000000000	9.62449318076854
0.559600000000000	3.17923764167851
0.559700000000000	12.7306021638136
0.559800000000000	5.70400101580544
0.559900000000000	18.6904320709238
0.560000000000000	27.6530724394039
0.560100000000000	33.6890565050405
0.560200000000000	35.9901996916183
0.560300000000000	42.6369533060721
0.560400000000000	40.5603821333372
0.560500000000000	38.4411407411686
0.560600000000000	31.8812649471534
0.560700000000000	29.7333287451970
0.560800000000000	23.3753004013498
0.560900000000000	20.1465406253466
0.561000000000000	28.7922785559759
0.561100000000000	32.0907295190256
0.561200000000000	34.6642264696462
0.561300000000000	28.2892143830727
0.561400000000000	33.2778453145464
0.561500000000000	23.8001391018309
0.561600000000000	22.8195894698022
0.561700000000000	14.5199927539083
0.561800000000000	6.77613179216541
0.561900000000000	3.45434360299661
0.562000000000000	-9.59434779689616
0.562100000000000	-3.49674669731843
0.562200000000000	2.95519416943867
0.562300000000000	1.61749829692216
0.562400000000000	4.40369441307198
0.562500000000000	2.88630172940672
0.562600000000000	6.87748848247932
0.562700000000000	0.373620588625982
0.562800000000000	-1.36344778918458
0.562900000000000	-12.4493795211515
0.563000000000000	-13.5247059140890
0.563100000000000	-9.24092603404495
0.563200000000000	-3.93069346467279
0.563300000000000	-0.257967439953035
0.563400000000000	12.1244228373051
0.563500000000000	17.4712996012599
0.563600000000000	27.5091182640076
0.563700000000000	25.8310770316109
0.563800000000000	25.9125650986173
0.563900000000000	19.9924585676825
0.564000000000000	15.1371141426895
0.564100000000000	12.0995476590900
0.564200000000000	27.2490119432076
0.564300000000000	26.8253362471902
0.564400000000000	35.5447747626586
0.564500000000000	36.6984518710741
0.564600000000000	37.2464263287259
0.564700000000000	40.8734938666446
0.564800000000000	39.5539058735609
0.564900000000000	31.2453869291623
0.565000000000000	34.3971481438085
0.565100000000000	22.0584935022003
0.565200000000000	19.9864768812390
0.565300000000000	15.8524500522818
0.565400000000000	12.3957906635807
0.565500000000000	19.8676110503554
0.565600000000000	19.1421413023790
0.565700000000000	14.9655343990419
0.565800000000000	19.1156649325877
0.565900000000000	17.0911443098218
0.566000000000000	8.66175670020188
0.566100000000000	3.78138954438872
0.566200000000000	-0.774652233479444
0.566300000000000	-9.19943557716564
0.566400000000000	-9.89813360482404
0.566500000000000	-6.60455205931075
0.566600000000000	-3.69855673319142
0.566700000000000	-2.38789804455892
0.566800000000000	7.17305081913812
0.566900000000000	1.17386036040996
0.567000000000000	7.71604707410624
0.567100000000000	8.62913659776847
0.567200000000000	5.07770481183433
0.567300000000000	0.299878941902723
0.567400000000000	-6.92955121363963
0.567500000000000	1.09115024650780
0.567600000000000	1.41248758778737
0.567700000000000	10.4711764990917
0.567800000000000	23.4926037270843
0.567900000000000	26.2488388949725
0.568000000000000	37.6471458227797
0.568100000000000	35.4775465109868
0.568200000000000	43.6733050215166
0.568300000000000	37.8700981064074
0.568400000000000	26.9319540508546
0.568500000000000	29.2259503041810
0.568600000000000	32.3885021978141
0.568700000000000	17.7073977372438
0.568800000000000	27.6708055939238
0.568900000000000	29.4136583691375
0.569000000000000	38.2870597492549
0.569100000000000	41.6643564170006
0.569200000000000	38.0132177608908
0.569300000000000	32.5882374330303
0.569400000000000	26.2043609238963
0.569500000000000	13.2964502886584
0.569600000000000	5.66541504503409
0.569700000000000	5.75972596223480
0.569800000000000	-0.896962930983642
0.569900000000000	6.04705605052284
0.570000000000000	6.92045816265882
0.570100000000000	3.52957748582531
0.570200000000000	9.39937376545379
0.570300000000000	9.86001879432617
0.570400000000000	4.87824151776645
0.570500000000000	-2.90039368252380
0.570600000000000	-3.66559048195193
0.570700000000000	-1.93237310051519
0.570800000000000	-13.7236769706713
0.570900000000000	-11.0170966218510
0.571000000000000	-2.90810598950140
0.571100000000000	-2.47521469639607
0.571200000000000	3.98634221553576
0.571300000000000	13.8409649523240
0.571400000000000	10.7771148629280
0.571500000000000	16.3499233472092
0.571600000000000	15.0939999419210
0.571700000000000	18.8406538163668
0.571800000000000	12.0423460973268
0.571900000000000	10.7223446467308
0.572000000000000	14.6174421121552
0.572100000000000	19.8580954084911
0.572200000000000	32.6367271179106
0.572300000000000	34.9109948763176
0.572400000000000	38.6526953776631
0.572500000000000	46.7525946739940
0.572600000000000	44.8758323131739
0.572700000000000	42.0010329117765
0.572800000000000	31.6938910758451
0.572900000000000	23.0387976776902
0.573000000000000	23.3914595108536
0.573100000000000	20.0011119845528
0.573200000000000	20.3248334283519
0.573300000000000	21.2356342166767
0.573400000000000	26.5775501928396
0.573500000000000	27.3081646083594
0.573600000000000	25.4697550747789
0.573700000000000	20.8378533633718
0.573800000000000	7.46883202644234
0.573900000000000	10.7099894552974
0.574000000000000	1.13906465030799
0.574100000000000	-7.58610732027690
0.574200000000000	-3.06171712379001
0.574300000000000	-6.03226496351891
0.574400000000000	-8.29267358231782
0.574500000000000	-6.96300259643419
0.574600000000000	-1.00164066682083
0.574700000000000	1.29987978852063
0.574800000000000	6.57210661617046
0.574900000000000	2.73238304155395
0.575000000000000	3.31823674347532
0.575100000000000	-8.63113590724338
0.575200000000000	-5.55301774539335
0.575300000000000	-4.43229717157720
0.575400000000000	-1.58108992407022
0.575500000000000	3.21382146992026
0.575600000000000	19.1386512672114
0.575700000000000	30.3794748656660
0.575800000000000	32.6349915757514
0.575900000000000	34.6778340332462
0.576000000000000	28.2914841328630
0.576100000000000	31.3665421739867
0.576200000000000	30.8291904357672
0.576300000000000	26.4840304170507
0.576400000000000	24.0542111405777
0.576500000000000	25.2098637679638
0.576600000000000	32.6535764251463
0.576700000000000	33.0834857795606
0.576800000000000	36.4624818442295
0.576900000000000	37.5753514305350
0.577000000000000	40.6148012557639
0.577100000000000	34.0539808423362
0.577200000000000	33.2169270620637
0.577300000000000	20.7074536223262
0.577400000000000	16.6456852491890
0.577500000000000	2.12239501099615
0.577600000000000	5.38441220878191
0.577700000000000	5.24307105369394
0.577800000000000	13.2264289628157
0.577900000000000	14.5659383819783
0.578000000000000	22.7710033649988
0.578100000000000	17.8658326941242
0.578200000000000	11.4469530047323
0.578300000000000	-1.20012087430686
0.578400000000000	-15.4839281967952
0.578500000000000	-10.5698145064894
0.578600000000000	-15.2386209141548
0.578700000000000	-14.9002952910250
0.578800000000000	-4.28790318041123
0.578900000000000	-12.8120488646135
0.579000000000000	2.14389622696433
0.579100000000000	2.75602400617501
0.579200000000000	8.35532727733720
0.579300000000000	13.9207598770277
0.579400000000000	13.8980886087823
0.579500000000000	7.12931744729363
0.579600000000000	3.70924114170793
0.579700000000000	12.2059342396473
0.579800000000000	12.1736078745649
0.579900000000000	20.1484988659115
0.580000000000000	28.8473752003649
0.580100000000000	37.5941321556253
0.580200000000000	47.6110044755737
0.580300000000000	44.7943163800965
0.580400000000000	44.0099928200528
0.580500000000000	39.3001580226974
0.580600000000000	34.7793422505754
0.580700000000000	27.7400337805478
0.580800000000000	24.4597340927395
0.580900000000000	24.4456789947528
0.581000000000000	18.2666823275269
0.581100000000000	32.6493204303572
0.581200000000000	34.3775024468478
0.581300000000000	34.7837749941674
0.581400000000000	35.0602224497453
0.581500000000000	26.0456114810942
0.581600000000000	17.2653439726254
0.581700000000000	13.4462181649846
0.581800000000000	6.90873189910269
0.581900000000000	-1.00364717368945
0.582000000000000	-6.60699931611364
0.582100000000000	-9.99684696532059
0.582200000000000	0.708642421729479
0.582300000000000	3.53620700560022
0.582400000000000	9.06759165916729
0.582500000000000	7.35831994588677
0.582600000000000	2.70331306457993
0.582700000000000	1.37220604464301
0.582800000000000	-4.45767548475442
0.582900000000000	-13.9941393314880
0.583000000000000	-12.6749781451710
0.583100000000000	-11.9443331164949
0.583200000000000	-6.60992840381546
0.583300000000000	1.71568300101321
0.583400000000000	8.16224944925739
0.583500000000000	19.5659607014915
0.583600000000000	25.1146443292301
0.583700000000000	24.8563586968788
0.583800000000000	24.0974871889104
0.583900000000000	28.7147630356381
0.584000000000000	24.5666899583811
0.584100000000000	15.4976671408753
0.584200000000000	22.2306235247315
0.584300000000000	22.9862015468042
0.584400000000000	29.4790608864752
0.584500000000000	34.9578864912543
0.584600000000000	37.9323348648511
0.584700000000000	48.8186018154036
0.584800000000000	37.7221109924196
0.584900000000000	38.7782062101400
0.585000000000000	32.9434849932171
0.585100000000000	19.5043095267155
0.585200000000000	21.1822191618578
0.585300000000000	15.4298414060842
0.585400000000000	13.4907404829696
0.585500000000000	14.0615439872499
0.585600000000000	17.3893604657493
0.585700000000000	22.2890391483866
0.585800000000000	14.0207404708955
0.585900000000000	18.1458270430507
0.586000000000000	6.03561811866227
0.586100000000000	2.38055656067475
0.586200000000000	-1.59918716957050
0.586300000000000	-7.85545162207419
0.586400000000000	-16.7860175346638
0.586500000000000	-12.1504943855618
0.586600000000000	-13.1598273202743
0.586700000000000	-3.55218263379317
0.586800000000000	6.48492742479794
0.586900000000000	0.721301211823425
0.587000000000000	13.6353476018902
0.587100000000000	9.24469403663849
0.587200000000000	-0.203373699836213
0.587300000000000	6.46410460308053
0.587400000000000	1.24963306522693
0.587500000000000	3.24886975668287
0.587600000000000	5.88651263022785
0.587700000000000	12.1301729046003
0.587800000000000	24.7195200350704
0.587900000000000	25.7608623019928
0.588000000000000	30.1644998120322
0.588100000000000	37.8126867910063
0.588200000000000	37.6818138805953
0.588300000000000	31.3798607976745
0.588400000000000	30.8458162680472
0.588500000000000	28.5525867500269
0.588600000000000	27.6843377148925
0.588700000000000	29.8033318270173
0.588800000000000	28.5343694178794
0.588900000000000	32.1658112476101
0.589000000000000	37.2261642017161
0.589100000000000	38.1570755299882
0.589200000000000	37.6545519581160
0.589300000000000	36.0896831400588
0.589400000000000	24.8600094536523
0.589500000000000	16.3219942852220
0.589600000000000	3.82141546377169
0.589700000000000	-0.184167684784629
0.589800000000000	6.56977633826162
0.589900000000000	-0.303521625606690
0.590000000000000	-3.21155579063548
0.590100000000000	6.24422365363114
0.590200000000000	4.94324318152400
0.590300000000000	5.76153392299831
0.590400000000000	6.00832498172540
0.590500000000000	3.37953488942146
0.590600000000000	-3.54246047284647
0.590700000000000	-17.6747852807089
0.590800000000000	-8.97423053436708
0.590900000000000	-18.3531935068019
0.591000000000000	-2.72631442057460
0.591100000000000	-3.66471516530840
0.591200000000000	6.33324647218698
0.591300000000000	22.4267670750353
0.591400000000000	20.1405521941832
0.591500000000000	25.2739301500745
0.591600000000000	18.7851207513341
0.591700000000000	23.0200580780503
0.591800000000000	13.8958148254224
0.591900000000000	11.9200089871109
0.592000000000000	9.06092042041837
0.592100000000000	25.6853013122584
0.592200000000000	30.5227364786440
0.592300000000000	35.7243916540858
0.592400000000000	47.7132121617414
0.592500000000000	50.4418854526574
0.592600000000000	40.7762331796211
0.592700000000000	38.6136613093731
0.592800000000000	29.1082842327168
0.592900000000000	29.8078428781068
0.593000000000000	21.0840727728858
0.593100000000000	20.8556858507303
0.593200000000000	18.9260575780555
0.593300000000000	25.8637246733527
0.593400000000000	26.6922767282172
0.593500000000000	28.7971699932087
0.593600000000000	30.7567739315677
0.593700000000000	21.7572896868403
0.593800000000000	7.95578740660894
0.593900000000000	9.42431654231143
0.594000000000000	-0.332562163176517
0.594100000000000	-6.33397074946009
0.594200000000000	-9.10166877400153
0.594300000000000	-7.40726094689450
0.594400000000000	-2.55120116397812
0.594500000000000	-1.12741863968799
0.594600000000000	0.815589033789617
0.594700000000000	9.53906411902725
0.594800000000000	3.81661692001019
0.594900000000000	-0.421306915874919
0.595000000000000	1.15422740868106
0.595100000000000	-2.28375660920936
0.595200000000000	-8.63865819725560
0.595300000000000	-1.99087608061205
0.595400000000000	0.571481346737816
0.595500000000000	13.3808580310183
0.595600000000000	16.3640166324500
0.595700000000000	24.4690413217031
0.595800000000000	30.5940743879695
0.595900000000000	39.8512742873471
0.596000000000000	30.5584786602148
0.596100000000000	28.3543398431542
0.596200000000000	26.5583918199497
0.596300000000000	24.7082497737949
0.596400000000000	19.7079272772873
0.596500000000000	24.3222832385801
0.596600000000000	25.9044757268363
0.596700000000000	34.2726115271179
0.596800000000000	40.9662960762492
0.596900000000000	41.6574419807375
0.597000000000000	34.8904600627966
0.597100000000000	35.9283822566135
0.597200000000000	25.3509844601932
0.597300000000000	17.4516933209836
0.597400000000000	13.5167851554157
0.597500000000000	8.04663368321076
0.597600000000000	6.91545054248588
0.597700000000000	8.96545437373488
0.597800000000000	11.7091760742054
0.597900000000000	11.7540824557151
0.598000000000000	17.5815976270872
0.598100000000000	18.1931825788251
0.598200000000000	2.64437861941578
0.598300000000000	-4.12004457722864
0.598400000000000	-8.04180728349640
0.598500000000000	-19.8301484531878
0.598600000000000	-17.2426977060844
0.598700000000000	-21.3139471394800
0.598800000000000	-12.3864230111445
0.598900000000000	-6.83483815309089
0.599000000000000	5.16184837297798
0.599100000000000	8.61454496308349
0.599200000000000	13.7481954560461
0.599300000000000	15.1066638506604
0.599400000000000	13.3199206183057
0.599500000000000	3.78611490657188
0.599600000000000	9.49211361281750
0.599700000000000	5.83857051958672
0.599800000000000	14.6927612943509
0.599900000000000	20.8504031543942
0.600000000000000	24.3826890115354
0.600100000000000	39.7323837365895
0.600200000000000	43.6301287751998
0.600300000000000	43.6019473655071
0.600400000000000	40.3715689730992
0.600500000000000	38.7846649407452
0.600600000000000	37.5317850044701
0.600700000000000	24.7351888649172
0.600800000000000	21.0996510813558
0.600900000000000	24.6611116799744
0.601000000000000	27.0762099367353
0.601100000000000	31.8135801261578
0.601200000000000	34.5450828516939
0.601300000000000	31.0765452865680
0.601400000000000	39.5713450716377
0.601500000000000	30.0523419368209
0.601600000000000	21.2209267629161
0.601700000000000	12.6335147997897
0.601800000000000	4.45973426839258
0.601900000000000	-0.499438832907220
0.602000000000000	-3.88219189475770
0.602100000000000	-6.38391682274433
0.602200000000000	-4.29387224273765
0.602300000000000	-2.48727058092798
0.602400000000000	2.13629699715681
0.602500000000000	3.69224058444109
0.602600000000000	8.84694564333052
0.602700000000000	2.50074887239628
0.602800000000000	-3.62184840452653
0.602900000000000	-5.76990882829995
0.603000000000000	-9.06531411411687
0.603100000000000	-11.3473830064472
0.603200000000000	-8.35202516307500
0.603300000000000	5.04619042169842
0.603400000000000	16.7689354117026
0.603500000000000	14.0127901007513
0.603600000000000	21.1032496810144
0.603700000000000	20.6789353515632
0.603800000000000	22.3544179273579
0.603900000000000	18.7838424102925
0.604000000000000	24.8305521952819
0.604100000000000	16.2720159722111
0.604200000000000	17.1407008846393
0.604300000000000	26.9026967481096
0.604400000000000	34.7784855484346
0.604500000000000	33.9256437639604
0.604600000000000	40.8182961972338
0.604700000000000	43.2380036065105
0.604800000000000	42.4850013432786
0.604900000000000	38.4368295611633
0.605000000000000	31.0375890323512
0.605100000000000	23.9071827019135
0.605200000000000	18.7685252268226
0.605300000000000	14.9394904248961
0.605400000000000	14.3348858331383
0.605500000000000	18.6320147926357
0.605600000000000	17.1849368888215
0.605700000000000	21.4112409723754
0.605800000000000	20.4810246174304
0.605900000000000	10.7214968040498
0.606000000000000	11.1440426911369
0.606100000000000	0.150023517400758
0.606200000000000	-5.18451466799575
0.606300000000000	-13.1685437040205
0.606400000000000	-10.7179617991443
0.606500000000000	-15.8201068885510
0.606600000000000	-11.8309382890057
0.606700000000000	-4.65096221242973
0.606800000000000	1.59434941461243
0.606900000000000	8.59301012332246
0.607000000000000	7.20557425801815
0.607100000000000	0.543171455020470
0.607200000000000	7.18207175786625
0.607300000000000	-0.849722605397158
0.607400000000000	-1.16446058730229
0.607500000000000	-1.29497163619127
0.607600000000000	6.40122157503110
0.607700000000000	11.8879575832884
0.607800000000000	19.2886111018431
0.607900000000000	28.1894200080261
0.608000000000000	43.4327222712299
0.608100000000000	38.0435295820097
0.608200000000000	36.0760436686494
0.608300000000000	31.9891840744989
0.608400000000000	30.9181830366283
0.608500000000000	24.9068060181797
0.608600000000000	26.4701131617912
0.608700000000000	26.8329610550868
0.608800000000000	29.0099450278782
0.608900000000000	31.3218931070271
0.609000000000000	40.8946326041836
0.609100000000000	42.0461269980327
0.609200000000000	36.9106601070875
0.609300000000000	28.8557084461977
0.609400000000000	30.0395315543340
0.609500000000000	19.9347267399067
0.609600000000000	11.3341626243398
0.609700000000000	2.27948063217619
0.609800000000000	4.84998160675190
0.609900000000000	5.43132990847814
0.610000000000000	5.28818023516761
0.610100000000000	7.59422359458688
0.610200000000000	7.36048526935414
0.610300000000000	6.42722066155892
0.610400000000000	-0.0312724999863221
0.610500000000000	3.90577525967839
0.610600000000000	-5.39139671008385
0.610700000000000	-11.6813846423220
0.610800000000000	-20.0265086901445
0.610900000000000	-8.92340186092960
0.611000000000000	-8.14326921113365
0.611100000000000	0.818926162527767
0.611200000000000	11.1244795619226
0.611300000000000	16.5468083774960
0.611400000000000	22.8162663155347
0.611500000000000	14.0759156011005
0.611600000000000	9.65484809308028
0.611700000000000	12.3101333283583
0.611800000000000	13.5460386594326
0.611900000000000	9.56732763362085
0.612000000000000	14.7110855370089
0.612100000000000	21.0648167850494
0.612200000000000	31.7683220498935
0.612300000000000	35.4126416805965
0.612400000000000	41.7129574465617
0.612500000000000	45.3875854980290
0.612600000000000	44.9280475713263
0.612700000000000	36.2348979831422
0.612800000000000	30.8906439045302
0.612900000000000	23.3632918694216
0.613000000000000	17.2544137674204
0.613100000000000	21.5691273028391
0.613200000000000	20.5826796195065
0.613300000000000	25.2737416801996
0.613400000000000	27.0056119858271
0.613500000000000	33.3773496126961
0.613600000000000	24.4773958825167
0.613700000000000	21.1187251536636
0.613800000000000	19.1984934219179
0.613900000000000	9.26976916895783
0.614000000000000	-9.67458175544211
0.614100000000000	-5.11185070752052
0.614200000000000	-5.54275664839814
0.614300000000000	-8.98094223569109
0.614400000000000	-6.65701745485486
0.614500000000000	0.0702126338473086
0.614600000000000	-0.372191298288961
0.614700000000000	6.98632017887655
0.614800000000000	0.625811497140568
0.614900000000000	1.23763696921927
0.615000000000000	0.0694786697199259
0.615100000000000	-4.30840132488323
0.615200000000000	-14.5589983161091
0.615300000000000	-5.70264705579436
0.615400000000000	-1.87370454361475
0.615500000000000	6.59791122566909
0.615600000000000	16.1729445935609
0.615700000000000	22.5384317659240
0.615800000000000	29.1475843250369
0.615900000000000	30.5881494027855
0.616000000000000	30.1762569161305
0.616100000000000	31.0566233589830
0.616200000000000	25.0342976914189
0.616300000000000	21.1314169267300
0.616400000000000	22.4510442351939
0.616500000000000	28.5209456993001
0.616600000000000	33.7039864270803
0.616700000000000	39.3818769145499
0.616800000000000	43.5930731989318
0.616900000000000	42.0071565496226
0.617000000000000	44.7773845770864
0.617100000000000	28.7113267531724
0.617200000000000	27.3227930209640
0.617300000000000	20.8943457007039
0.617400000000000	16.6164108283351
0.617500000000000	8.47358018833842
0.617600000000000	7.43868471960702
0.617700000000000	10.5624661980469
0.617800000000000	16.7025681202930
0.617900000000000	11.7518722064394
0.618000000000000	13.8064863167051
0.618100000000000	12.6658133626092
0.618200000000000	7.82498947559076
0.618300000000000	-0.102539192544091
0.618400000000000	-5.62592159615281
0.618500000000000	-16.9714671749417
0.618600000000000	-15.7151907651565
0.618700000000000	-15.1931467873532
0.618800000000000	-5.83558604637131
0.618900000000000	-1.61961455288478
0.619000000000000	0.484335839622441
0.619100000000000	11.3795033042890
0.619200000000000	12.5859712861352
0.619300000000000	13.6263433766449
0.619400000000000	7.78524693617999
0.619500000000000	4.13035175993593
0.619600000000000	7.88109420956183
0.619700000000000	7.00137047311304
0.619800000000000	9.95038757856462
0.619900000000000	14.1820024480527
0.620000000000000	23.3884143008227
0.620100000000000	37.2500706424020
0.620200000000000	39.9360539774795
0.620300000000000	41.3672519941656
0.620400000000000	37.4292109109040
0.620500000000000	39.5394408667716
0.620600000000000	28.0791001812429
0.620700000000000	27.7867456875424
0.620800000000000	22.2206205501261
0.620900000000000	24.0478584585790
0.621000000000000	24.3363383805590
0.621100000000000	24.8930808916968
0.621200000000000	29.9534884108274
0.621300000000000	30.7727189533925
0.621400000000000	40.4619805638193
0.621500000000000	29.9783515349160
0.621600000000000	16.8051966940724
0.621700000000000	15.4855711886115
0.621800000000000	8.34451505495876
0.621900000000000	-4.50455169928011
0.622000000000000	-7.71858193983074
0.622100000000000	-12.3568901918489
0.622200000000000	-2.20016995141732
0.622300000000000	0.644077703873622
0.622400000000000	10.4425319179427
0.622500000000000	2.96529736874313
0.622600000000000	6.17991714997120
0.622700000000000	-6.43803384788092
0.622800000000000	-7.55431293459822
0.622900000000000	-11.5049131133425
0.623000000000000	-10.7933405226479
0.623100000000000	-9.79826682612925
0.623200000000000	-9.91091873301210
0.623300000000000	2.10310990977586
0.623400000000000	12.3899365991527
0.623500000000000	14.3801575883786
0.623600000000000	20.5071195560747
0.623700000000000	28.8700801318598
0.623800000000000	26.1159616911462
0.623900000000000	25.3444576254047
0.624000000000000	17.3923428690909
0.624100000000000	12.3085450247595
0.624200000000000	19.9226807984498
0.624300000000000	24.2355596127079
0.624400000000000	32.6784894456672
0.624500000000000	41.3725892342150
0.624600000000000	45.2922030472415
0.624700000000000	48.7868013065416
0.624800000000000	43.5427611447863
0.624900000000000	38.3470353906619
0.625000000000000	33.1730293334976
0.625100000000000	27.0404789880857
0.625200000000000	17.4703459139375
0.625300000000000	17.8948736622637
0.625400000000000	12.6076702363141
0.625500000000000	15.5313708394174
0.625600000000000	20.1380725104399
0.625700000000000	20.8960340778415
0.625800000000000	12.0509610704563
0.625900000000000	20.7793911430686
0.626000000000000	12.3461318226205
0.626100000000000	4.10130235582553
0.626200000000000	-5.78429650292694
0.626300000000000	-10.9273475131603
0.626400000000000	-16.9153196946680
0.626500000000000	-11.4964774060077
0.626600000000000	-6.54156544884806
0.626700000000000	-0.918359751670261
0.626800000000000	0.558078407395392
0.626900000000000	6.33472161411276
0.627000000000000	7.82907988559755
0.627100000000000	5.67337199992775
0.627200000000000	-3.36874014819976
0.627300000000000	2.13867533803844
0.627400000000000	0.326379894387939
0.627500000000000	2.35986738174210
0.627600000000000	4.18520134233744
0.627700000000000	15.6443343136634
0.627800000000000	20.6195176797149
0.627900000000000	26.6628025096802
0.628000000000000	32.4319594435918
0.628100000000000	41.7996899999881
0.628200000000000	34.8987622150389
0.628300000000000	31.2224014405464
0.628400000000000	32.1203583118143
0.628500000000000	22.3780190687957
0.628600000000000	24.2381204081055
0.628700000000000	25.5947650074451
0.628800000000000	27.4639596457141
0.628900000000000	37.4633739706868
0.629000000000000	38.5807582906622
0.629100000000000	41.7173611170367
0.629200000000000	34.6258488769650
0.629300000000000	30.7642524896794
0.629400000000000	27.0245254527210
0.629500000000000	11.0929805257580
0.629600000000000	7.38452879032413
0.629700000000000	3.06260212478721
0.629800000000000	2.88677224873530
0.629900000000000	3.19028628296881
0.630000000000000	1.04278728346083
0.630100000000000	1.63190753159854
0.630200000000000	9.82232190492510
0.630300000000000	6.02270971592206
0.630400000000000	4.10603976363113
0.630500000000000	1.46571857182636
0.630600000000000	-8.04493649895973
0.630700000000000	-11.8324788726185
0.630800000000000	-10.3348302889049
0.630900000000000	-9.33577704340564
0.631000000000000	-5.15281624918980
0.631100000000000	-2.69403638455718
0.631200000000000	6.98740275425873
0.631300000000000	12.0177746224934
0.631400000000000	18.8093663213591
0.631500000000000	20.7803012267474
0.631600000000000	12.8684690570577
0.631700000000000	13.8379174603110
0.631800000000000	13.8190714666365
0.631900000000000	14.4044303852474
0.632000000000000	16.8605813231778
0.632100000000000	16.9683427593242
0.632200000000000	28.7459998349236
0.632300000000000	39.2390330297748
0.632400000000000	48.3374993551042
0.632500000000000	46.6874599131294
0.632600000000000	38.0559535937532
0.632700000000000	39.9220374667643
0.632800000000000	35.9314134108894
0.632900000000000	28.4896154403673
0.633000000000000	19.4058160567125
0.633100000000000	18.8971747830187
0.633200000000000	22.4243562443878
0.633300000000000	27.8483669861084
0.633400000000000	25.9993671338401
0.633500000000000	27.3499123562531
0.633600000000000	29.5051437393436
0.633700000000000	24.9560575004502
0.633800000000000	15.3720331532349
0.633900000000000	2.26893498908462
0.634000000000000	-3.51892156839993
0.634100000000000	-5.52869880342688
0.634200000000000	-6.93471124506558
0.634300000000000	-7.37610209964773
0.634400000000000	-7.03966029934663
0.634500000000000	-0.370313839358884
0.634600000000000	-1.53309969422915
0.634700000000000	7.38752935403428
0.634800000000000	2.44858075331123
0.634900000000000	7.12224503204626
0.635000000000000	-3.58346385356132
0.635100000000000	-6.59255781815016
0.635200000000000	-8.01712082943173
0.635300000000000	1.67846215764750
0.635400000000000	2.05996933242556
0.635500000000000	3.25310970267851
0.635600000000000	12.5471946099469
0.635700000000000	27.7783819551040
0.635800000000000	30.5066180114052
0.635900000000000	34.0152710409230
0.636000000000000	27.4703940682583
0.636100000000000	26.3682718273042
0.636200000000000	26.5452302915773
0.636300000000000	18.0574006060062
0.636400000000000	24.0367754839110
0.636500000000000	28.3572266209556
0.636600000000000	28.6438316824007
0.636700000000000	36.0124195855250
0.636800000000000	44.8891188745679
0.636900000000000	47.3560100846057
0.637000000000000	37.5880943002758
0.637100000000000	37.0117072587440
0.637200000000000	28.9732342810738
0.637300000000000	17.1719000225784
0.637400000000000	16.8742475158244
0.637500000000000	7.94993870221961
0.637600000000000	10.1429507023379
0.637700000000000	5.28435514628607
0.637800000000000	11.3997568973413
0.637900000000000	15.5402225962833
0.638000000000000	14.9898827616558
0.638100000000000	9.36000319094235
0.638200000000000	7.57084180448405
0.638300000000000	-3.15250787208125
0.638400000000000	-11.0262838628714
0.638500000000000	-11.5287590981786
0.638600000000000	-12.2592545340820
0.638700000000000	-11.8428924910602
0.638800000000000	-11.7519709046938
0.638900000000000	-0.499677995022690
0.639000000000000	4.56569605215373
0.639100000000000	9.21932790136445
0.639200000000000	10.8083429852847
0.639300000000000	10.8910906412994
0.639400000000000	13.0117156518538
0.639500000000000	5.78547281966547
0.639600000000000	3.87200065730620
0.639700000000000	7.97810637515919
0.639800000000000	13.1267106740215
0.639900000000000	17.5832620931909
0.640000000000000	31.1517535991729
0.640100000000000	36.5786679065045
0.640200000000000	43.0123022157704
0.640300000000000	45.3851121449854
0.640400000000000	40.0417933753549
0.640500000000000	28.4804557261081
0.640600000000000	36.2905686246577
0.640700000000000	26.1094890948809
0.640800000000000	31.0656226526359
0.640900000000000	25.4077289377829
0.641000000000000	22.8750938876707
0.641100000000000	25.4340563907268
0.641200000000000	30.7541053967710
0.641300000000000	33.1441352483607
0.641400000000000	33.4029834183343
0.641500000000000	23.9085054845607
0.641600000000000	23.8845564667059
0.641700000000000	13.8414544361888
0.641800000000000	1.94992599748642
0.641900000000000	-8.97087377920400
0.642000000000000	-5.05991716272222
0.642100000000000	-3.38834824057037
0.642200000000000	1.12191975128945
0.642300000000000	0.347168740450854
0.642400000000000	2.06793184361393
0.642500000000000	7.19775559659271
0.642600000000000	5.82387208563799
0.642700000000000	-2.47321661047468
0.642800000000000	-4.29057454936298
0.642900000000000	-9.97523716047995
0.643000000000000	-10.6668673977007
0.643100000000000	-8.95398863762631
0.643200000000000	-6.91469455328636
0.643300000000000	0.321045994430650
0.643400000000000	11.8856018568369
0.643500000000000	19.8229641976512
0.643600000000000	19.4720562732929
0.643700000000000	27.2154511442649
0.643800000000000	21.8097301505446
0.643900000000000	25.9602414398099
0.644000000000000	19.3376102690232
0.644100000000000	17.5728972516973
0.644200000000000	24.1178645396057
0.644300000000000	24.7945605825997
0.644400000000000	31.5430031059953
0.644500000000000	31.7420268810398
0.644600000000000	37.7387288029898
0.644700000000000	45.7712750754391
0.644800000000000	40.4177827317420
0.644900000000000	39.0289096140733
0.645000000000000	33.0362027617334
0.645100000000000	18.8944125575684
0.645200000000000	21.2654340233234
0.645300000000000	17.5194299237515
0.645400000000000	13.4966907696498
0.645500000000000	18.9924624941281
0.645600000000000	14.9304779040770
0.645700000000000	24.1487440265862
0.645800000000000	18.6442336365254
0.645900000000000	9.71691213517283
0.646000000000000	5.23469471970401
0.646100000000000	0.216264029101744
0.646200000000000	-4.00203133610803
0.646300000000000	-14.4265502457145
0.646400000000000	-14.2666454296889
0.646500000000000	-9.67256559306363
0.646600000000000	-10.3087941911512
0.646700000000000	-5.62937350703301
0.646800000000000	5.93063555464766
0.646900000000000	4.28678011637482
0.647000000000000	7.80732985023398
0.647100000000000	6.90778611113568
0.647200000000000	4.37044135143744
0.647300000000000	-0.473829007791029
0.647400000000000	-1.83802955009007
0.647500000000000	-1.81446250625108
0.647600000000000	11.0646544287141
0.647700000000000	12.7212633271463
0.647800000000000	17.6103964786878
0.647900000000000	32.7907704809600
0.648000000000000	36.7534353202950
0.648100000000000	34.2556863583953
0.648200000000000	31.8193096528780
0.648300000000000	35.3231880121410
0.648400000000000	30.9970134839711
0.648500000000000	27.5090964002879
0.648600000000000	18.6486725460638
0.648700000000000	28.3335366462120
0.648800000000000	31.2973814195097
0.648900000000000	37.6790904625740
0.649000000000000	38.2970913422107
0.649100000000000	36.0467279454774
0.649200000000000	34.2056473009011
0.649300000000000	27.4983055620547
0.649400000000000	29.6449401561118
0.649500000000000	14.9463429896184
0.649600000000000	6.27498815030243
0.649700000000000	-1.41720210302991
0.649800000000000	5.29737364207666
0.649900000000000	4.60824114131519
0.650000000000000	2.07963645156232
0.650100000000000	9.79809863847773
0.650200000000000	6.25201388915038
0.650300000000000	5.38204537453857
0.650400000000000	2.44355311138690
0.650500000000000	-5.72628332911049
0.650600000000000	-10.1006669477630
0.650700000000000	-11.8313298893127
0.650800000000000	-14.8419804654372
0.650900000000000	-12.9777757077947
0.651000000000000	-6.07881727793801
0.651100000000000	1.69483600118194
0.651200000000000	8.17675755627325
0.651300000000000	10.3714380206797
0.651400000000000	19.8991986324688
0.651500000000000	20.3204710770340
0.651600000000000	18.1701786107083
0.651700000000000	22.1837758533849
0.651800000000000	21.6904695320094
0.651900000000000	18.3873657962252
0.652000000000000	13.1782586053639
0.652100000000000	23.8052800922722
0.652200000000000	32.2036106810692
0.652300000000000	39.0465382865940
0.652400000000000	41.3137855342414
0.652500000000000	51.9700859120180
0.652600000000000	40.3364644651040
0.652700000000000	38.2349734127675
0.652800000000000	29.8540046646989
0.652900000000000	25.1535827581998
0.653000000000000	21.6463626027340
0.653100000000000	19.4253817096396
0.653200000000000	24.1870513410398
0.653300000000000	23.0101044843545
0.653400000000000	25.9354634108094
0.653500000000000	26.8869860899895
0.653600000000000	30.2174303032250
0.653700000000000	24.9862350164058
0.653800000000000	11.1999897042457
0.653900000000000	8.16730745054476
0.654000000000000	1.21511764336813
0.654100000000000	-8.63481711256279
0.654200000000000	-13.3994557970807
0.654300000000000	-9.63151312406782
0.654400000000000	-6.79982174829883
0.654500000000000	-1.92742551752794
0.654600000000000	1.97178153053813
0.654700000000000	3.20580328259741
0.654800000000000	-1.03394082197442
0.654900000000000	-0.808598831980817
0.655000000000000	-3.04521763718633
0.655100000000000	-7.07996013612373
0.655200000000000	-11.0195871761042
0.655300000000000	-5.31606786730872
0.655400000000000	8.54697359950478
0.655500000000000	8.91432602971210
0.655600000000000	13.3775984691991
0.655700000000000	22.6455925465605
0.655800000000000	31.8972795543308
0.655900000000000	33.5657864614251
0.656000000000000	34.2098731226341
0.656100000000000	35.4738256280810
0.656200000000000	22.1517695788216
0.656300000000000	24.4554962501202
0.656400000000000	22.2902344726801
0.656500000000000	25.7456196498713
0.656600000000000	29.2860581124118
0.656700000000000	34.4951944619966
0.656800000000000	39.0191116066579
0.656900000000000	35.2742547169147
0.657000000000000	39.5176139934869
0.657100000000000	32.8204932388936
0.657200000000000	29.4320529520977
0.657300000000000	21.7878891535496
0.657400000000000	15.8957173793796
0.657500000000000	9.77761848527928
0.657600000000000	6.59395873746155
0.657700000000000	8.45197770606742
0.657800000000000	9.13184949471011
0.657900000000000	14.6795142884085
0.658000000000000	16.8624099587797
0.658100000000000	8.61138085379949
0.658200000000000	5.92807553707772
0.658300000000000	-1.88925408558354
0.658400000000000	-7.64935931282528
0.658500000000000	-13.1002808846431
0.658600000000000	-9.27625174552757
0.658700000000000	-10.3590886080309
0.658800000000000	-11.7700743341749
0.658900000000000	1.00111327719113
0.659000000000000	5.34622218675805
0.659100000000000	5.82997477562136
0.659200000000000	15.1965014792928
0.659300000000000	6.40540162464904
0.659400000000000	11.1123709425958
0.659500000000000	13.6572817682683
0.659600000000000	2.43416999495140
0.659700000000000	5.04315542895347
0.659800000000000	7.50126536085614
0.659900000000000	18.5071582265854
0.660000000000000	20.1506860085739
0.660100000000000	32.9220416924940
0.660200000000000	34.3155098444920
0.660300000000000	41.8495413963765
0.660400000000000	41.1859406087667
0.660500000000000	38.8121430520615
0.660600000000000	33.3431702793496
0.660700000000000	23.6455773837855
0.660800000000000	26.5936322889039
0.660900000000000	27.0043659398692
0.661000000000000	25.9385114416266
0.661100000000000	34.3658698657628
0.661200000000000	28.4114323154461
0.661300000000000	38.5766189682910
0.661400000000000	32.1981635886785
0.661500000000000	23.2763420939942
0.661600000000000	19.7686964292349
0.661700000000000	9.44860995804525
0.661800000000000	3.98891912808591
0.661900000000000	2.04334482207973
0.662000000000000	-5.72903583253005
0.662100000000000	-12.0362640601251
0.662200000000000	-0.158437441364486
0.662300000000000	0.246044743265909
0.662400000000000	5.16861138011232
0.662500000000000	5.08021848479368
0.662600000000000	5.63946055419731
0.662700000000000	2.06571893341368
0.662800000000000	-6.01309375837488
0.662900000000000	-9.01499673769093
0.663000000000000	-10.6167778898059
0.663100000000000	-9.32577224690845
0.663200000000000	-1.62759351853871
0.663300000000000	4.71964159079362
0.663400000000000	9.32215132752522
0.663500000000000	18.0256353039560
0.663600000000000	23.6062354995081
0.663700000000000	23.8038106386879
0.663800000000000	27.4589995281875
0.663900000000000	18.9825309583698
0.664000000000000	20.3569745875282
0.664100000000000	16.6983572849180
0.664200000000000	21.3181968587931
0.664300000000000	24.3454162685001
0.664400000000000	27.0429227192165
0.664500000000000	37.4616809724180
0.664600000000000	40.2807182202407
0.664700000000000	44.9756514922078
0.664800000000000	45.8791481278415
0.664900000000000	42.1547400952263
0.665000000000000	32.3430511465101
0.665100000000000	25.4745191324345
0.665200000000000	20.1046929347078
0.665300000000000	15.9974451779221
0.665400000000000	19.2814865206336
0.665500000000000	16.0918617347632
0.665600000000000	23.6931951135355
0.665700000000000	19.5905392417490
0.665800000000000	18.3965096371626
0.665900000000000	11.6560629648521
0.666000000000000	12.2215182407236
0.666100000000000	2.46394739894189
0.666200000000000	-3.07336829350781
0.666300000000000	-13.1933726191471
0.666400000000000	-8.30432771213765
0.666500000000000	-10.0126245516026
0.666600000000000	-7.73172686380586
0.666700000000000	-4.73012932978903
0.666800000000000	3.33002820124666
0.666900000000000	5.48308181154016
0.667000000000000	11.5794046863148
0.667100000000000	2.77546311349789
0.667200000000000	3.83039793183273
0.667300000000000	5.63556069064819
0.667400000000000	6.34451310516198
0.667500000000000	1.47565989282177
0.667600000000000	6.80552419004897
0.667700000000000	13.1271551732371
0.667800000000000	16.8647246651694
0.667900000000000	26.6203103003066
0.668000000000000	35.1861930689096
0.668100000000000	36.2007298192354
0.668200000000000	37.5648343130427
0.668300000000000	36.6448956731381
0.668400000000000	33.1787431471887
0.668500000000000	22.7000265747726
0.668600000000000	23.7462855092288
0.668700000000000	25.2171465747122
0.668800000000000	33.4721619859846
0.668900000000000	34.6158462917509
0.669000000000000	34.0401483649275
0.669100000000000	37.0005674414006
0.669200000000000	35.0819962803649
0.669300000000000	31.3200692670245
0.669400000000000	28.1187856885553
0.669500000000000	17.1670942503630
0.669600000000000	7.26945276876556
0.669700000000000	5.32958817585464
0.669800000000000	2.83176559421799
0.669900000000000	-6.24586457482732
0.670000000000000	2.99208982311379
0.670100000000000	13.6562713836866
0.670200000000000	9.46757995923344
0.670300000000000	4.96686149330282
0.670400000000000	3.22027475177289
0.670500000000000	2.31976383076842
0.670600000000000	-8.08508307897456
0.670700000000000	-9.87666287286447
0.670800000000000	-14.3384265709915
0.670900000000000	-12.7145722422562
0.671000000000000	-8.97218355713706
0.671100000000000	-2.14413070170082
0.671200000000000	6.36097750112537
0.671300000000000	15.7408910128769
0.671400000000000	20.8099409512845
0.671500000000000	16.7207775658984
0.671600000000000	17.6338734326433
0.671700000000000	14.2938155848847
0.671800000000000	10.9424466595862
0.671900000000000	18.4737209946246
0.672000000000000	16.7597956480951
0.672100000000000	21.3350898324740
0.672200000000000	35.1556937081676
0.672300000000000	36.9423840579460
0.672400000000000	41.7018700629921
0.672500000000000	43.8212455556134
0.672600000000000	42.8156286966488
0.672700000000000	36.2029370818241
0.672800000000000	34.3902905644235
0.672900000000000	33.1935677785329
0.673000000000000	14.7858418507376
0.673100000000000	23.5436000399045
0.673200000000000	23.1200488950534
0.673300000000000	26.8896689123863
0.673400000000000	26.6972567491500
0.673500000000000	27.7027304006440
0.673600000000000	28.8962905280594
0.673700000000000	19.4859862117428
0.673800000000000	5.56161767168081
0.673900000000000	7.26218271922088
0.674000000000000	-2.80282016651455
0.674100000000000	-3.65704546252749
0.674200000000000	-15.9090307940458
0.674300000000000	-13.6847914106534
0.674400000000000	-6.69915544772420
0.674500000000000	-0.962301391283985
0.674600000000000	5.02708755134500
0.674700000000000	6.40580075918645
0.674800000000000	7.77433707839668
0.674900000000000	2.64113246742485
0.675000000000000	-1.40097235251238
0.675100000000000	-2.29455472820125
0.675200000000000	-7.44460378674319
0.675300000000000	-10.8819836533038
0.675400000000000	5.87060214402618
0.675500000000000	10.1649445322861
0.675600000000000	16.7163492850173
0.675700000000000	22.8022176410051
0.675800000000000	30.6379038147079
0.675900000000000	35.7375139480423
0.676000000000000	35.6821629538766
0.676100000000000	32.8444867017035
0.676200000000000	23.0654318454506
0.676300000000000	25.6647377265213
0.676400000000000	21.9725315203184
0.676500000000000	24.0257174486332
0.676600000000000	25.0060855805764
0.676700000000000	38.2853036940260
0.676800000000000	44.8769021125829
0.676900000000000	36.0213240041485
0.677000000000000	37.8728104615396
0.677100000000000	42.8014818181900
0.677200000000000	27.9311769620457
0.677300000000000	25.2417302743083
0.677400000000000	12.0952755496560
0.677500000000000	12.9164422412879
0.677600000000000	5.53310764563962
0.677700000000000	10.0373256589320
0.677800000000000	7.26224967911481
0.677900000000000	9.47539508537550
0.678000000000000	16.3849545016231
0.678100000000000	11.0649220545198
0.678200000000000	7.31835967757930
0.678300000000000	1.85273359266021
0.678400000000000	-0.771853913798974
0.678500000000000	-15.1170328690144
0.678600000000000	-19.5285042256757
0.678700000000000	-16.2053087386470
0.678800000000000	-5.45235129320917
0.678900000000000	-6.61985901841478
0.679000000000000	4.06266987944534
0.679100000000000	12.3260166855100
0.679200000000000	19.5901106492966
0.679300000000000	13.7258652218311
0.679400000000000	8.76903509389878
0.679500000000000	9.00337641177514
0.679600000000000	6.98632831715376
0.679700000000000	13.3522652187634
0.679800000000000	5.75280700720017
0.679900000000000	21.7999578308034
0.680000000000000	29.8568417399046
0.680100000000000	36.7934134644923
0.680200000000000	40.5294931592167
0.680300000000000	45.6529598911823
0.680400000000000	35.9599431963858
0.680500000000000	35.9940530257503
0.680600000000000	36.3824325891633
0.680700000000000	32.0137053473531
0.680800000000000	21.3738231100269
0.680900000000000	26.0475058577550
0.681000000000000	23.6802061499907
0.681100000000000	23.7191025581818
0.681200000000000	37.4104708621501
0.681300000000000	32.5784709157152
0.681400000000000	35.1019878219967
0.681500000000000	22.0099802214588
0.681600000000000	20.7585024557073
0.681700000000000	18.2906318499121
0.681800000000000	3.70617516241214
0.681900000000000	1.05035651876205
0.682000000000000	-7.72103745934735
0.682100000000000	-2.06082259708122
0.682200000000000	-3.26872252637508
0.682300000000000	4.01410587073576
0.682400000000000	4.41840293865020
0.682500000000000	6.86799526466078
0.682600000000000	5.83596570046099
0.682700000000000	-2.61186178677545
0.682800000000000	-4.73490624157041
0.682900000000000	-11.3106381924599
0.683000000000000	-8.49740115149031
0.683100000000000	-9.71309374715939
0.683200000000000	-4.09971725695139
0.683300000000000	5.02125047158377
0.683400000000000	13.6922228925681
0.683500000000000	20.1305032511510
0.683600000000000	26.4356972577296
0.683700000000000	23.7835158575230
0.683800000000000	31.9232056768404
0.683900000000000	28.2646613456292
0.684000000000000	27.9815917438721
0.684100000000000	13.8266848895899
0.684200000000000	21.0932030240370
0.684300000000000	23.4750291517211
0.684400000000000	28.2801040281534
0.684500000000000	41.9055672929866
0.684600000000000	43.7008090145709
0.684700000000000	38.5916511231432
0.684800000000000	46.0697458565057
0.684900000000000	35.9087499802133
0.685000000000000	37.0844562238794
0.685100000000000	20.6550631192525
0.685200000000000	19.5281354274861
0.685300000000000	14.4401947614342
0.685400000000000	13.4203509949736
0.685500000000000	17.5476228302748
0.685600000000000	15.3495705485600
0.685700000000000	20.5002829930483
0.685800000000000	26.2350898350878
0.685900000000000	18.8902418795294
0.686000000000000	8.84140097565917
0.686100000000000	1.55214913420158
0.686200000000000	-1.98310349867207
0.686300000000000	-11.6758910862569
0.686400000000000	-9.15371096346512
0.686500000000000	-10.7591278832013
0.686600000000000	-10.0565136244806
0.686700000000000	-0.252401657871037
0.686800000000000	-2.27425807620726
0.686900000000000	10.9869728104087
0.687000000000000	7.10039323809150
0.687100000000000	8.12253542007745
0.687200000000000	2.23420702911523
0.687300000000000	1.76357575399064
0.687400000000000	4.84029929997908
0.687500000000000	-1.00426040911870
0.687600000000000	5.71957161224075
0.687700000000000	9.80767930229061
0.687800000000000	20.5279991948884
0.687900000000000	30.0616594069771
0.688000000000000	35.8710595470462
0.688100000000000	42.3175029140087
0.688200000000000	41.9083341833162
0.688300000000000	37.5038094003901
0.688400000000000	29.9323331453926
0.688500000000000	25.8139113463307
0.688600000000000	29.2120361881039
0.688700000000000	23.1872728415025
0.688800000000000	30.2918800270944
0.688900000000000	32.2101050431957
0.689000000000000	40.8787849510803
0.689100000000000	40.9636306082398
0.689200000000000	37.5407567605849
0.689300000000000	36.5346426491342
0.689400000000000	28.2355846485550
0.689500000000000	17.1625919700385
0.689600000000000	1.55420692060210
0.689700000000000	0.358461828371643
0.689800000000000	-3.30623451973669
0.689900000000000	0.977721845591610
0.690000000000000	1.63150596706223
0.690100000000000	-0.567172915440795
0.690200000000000	7.65942934239640
0.690300000000000	3.16309014779057
0.690400000000000	3.58387899929781
0.690500000000000	-0.612931281748464
0.690600000000000	-1.93586363313469
0.690700000000000	-16.5475503877111
0.690800000000000	-15.0202123001976
0.690900000000000	-8.79036177581068
0.691000000000000	-8.78986918649559
0.691100000000000	3.63231932898411
0.691200000000000	7.12150107404325
0.691300000000000	10.7389225055965
0.691400000000000	16.4439812295574
0.691500000000000	22.8513765171582
0.691600000000000	16.5278064542060
0.691700000000000	19.9177025505434
0.691800000000000	11.1823389387175
0.691900000000000	11.8746700019458
0.692000000000000	16.3015604686450
0.692100000000000	24.1787315068631
0.692200000000000	32.5750073189174
0.692300000000000	35.0410968844813
0.692400000000000	46.8595504506899
0.692500000000000	43.3681448232069
0.692600000000000	47.4496318153351
0.692700000000000	37.9661288082338
0.692800000000000	32.7889418697629
0.692900000000000	19.8288535267389
0.693000000000000	22.4716246502244
0.693100000000000	18.7114676348213
0.693200000000000	22.2348172388251
0.693300000000000	26.8982296363601
0.693400000000000	26.8590374141019
0.693500000000000	26.2881413190546
0.693600000000000	31.2992756595763
0.693700000000000	17.1751784422953
0.693800000000000	13.3413266138813
0.693900000000000	10.0933187160579
0.694000000000000	-4.20806851789558
0.694100000000000	-5.30635714098823
0.694200000000000	-13.5904258780827
0.694300000000000	-10.7480204915718
0.694400000000000	-8.41641793361407
0.694500000000000	-3.76623376110010
0.694600000000000	1.51298399270537
0.694700000000000	7.82468575755303
0.694800000000000	-0.277158962007272
0.694900000000000	3.14359200399808
0.695000000000000	-6.18501265899985
0.695100000000000	-6.37657712859600
0.695200000000000	-7.36848733935212
0.695300000000000	-1.65614009663638
0.695400000000000	-3.93122655187560
0.695500000000000	6.55110405859742
0.695600000000000	19.8511750464593
0.695700000000000	20.7631922064462
0.695800000000000	24.6076949189560
0.695900000000000	34.5620883553707
0.696000000000000	30.6109452759648
0.696100000000000	34.3931035273054
0.696200000000000	22.3011907437238
0.696300000000000	23.2385860556566
0.696400000000000	24.3280038782284
0.696500000000000	25.9866401011315
0.696600000000000	30.5071917851633
0.696700000000000	33.3180447475139
0.696800000000000	39.6989239909226
0.696900000000000	45.6632343355162
0.697000000000000	45.2959054803783
0.697100000000000	37.1458894140406
0.697200000000000	30.2128478255577
0.697300000000000	22.4545454727747
0.697400000000000	19.8074445867481
0.697500000000000	6.91735959839399
0.697600000000000	6.96293750731640
0.697700000000000	4.62090421158203
0.697800000000000	8.28958244773503
0.697900000000000	14.0324513796079
0.698000000000000	15.6915925760004
0.698100000000000	13.5933889195393
0.698200000000000	8.14903874273210
0.698300000000000	-3.28698570732035
0.698400000000000	-5.52094006169691
0.698500000000000	-14.5707524086728
0.698600000000000	-16.4262978753716
0.698700000000000	-21.3361862997364
0.698800000000000	-12.7761305347691
0.698900000000000	-8.53181425976815
0.699000000000000	3.20953232232264
0.699100000000000	6.87473102454970
0.699200000000000	11.2251515359111
0.699300000000000	13.4218582871242
0.699400000000000	5.97717524973242
0.699500000000000	9.87695420781622
0.699600000000000	8.67679584597648
0.699700000000000	6.01820850098147
0.699800000000000	9.95697257039892
0.699900000000000	16.8766434871277
0.700000000000000	27.7130313023208
0.700100000000000	34.2118611717410
0.700200000000000	37.6052144161606
0.700300000000000	40.1690786855876
0.700400000000000	40.1723628308552
0.700500000000000	35.8764019745489
0.700600000000000	30.9403321264387
0.700700000000000	27.7001419564310
0.700800000000000	22.1024022660420
0.700900000000000	26.2784097438384
0.701000000000000	24.7300302020460
0.701100000000000	30.4986672692443
0.701200000000000	31.4462942730052
0.701300000000000	36.4291354776279
0.701400000000000	28.6770857277617
0.701500000000000	22.8707793474252
0.701600000000000	17.6351707968625
0.701700000000000	18.0830120811384
0.701800000000000	7.97745569208528
0.701900000000000	-0.948811661033577
0.702000000000000	-6.36960136464417
0.702100000000000	-6.44748356973779
0.702200000000000	-2.51942682693053
0.702300000000000	3.04435543014556
0.702400000000000	10.0075904764339
0.702500000000000	8.04572530073323
0.702600000000000	8.38392459035533
0.702700000000000	-4.19841637734460
0.702800000000000	-12.7384425083074
0.702900000000000	-11.1990503953676
0.703000000000000	-15.7697374313445
0.703100000000000	-9.29860495660633
0.703200000000000	-9.10054370613813
0.703300000000000	4.43260271751942
0.703400000000000	10.1360072766171
0.703500000000000	20.2889009474141
0.703600000000000	23.8063320773729
0.703700000000000	30.5248574482329
0.703800000000000	21.5419448309051
0.703900000000000	21.2409519771446
0.704000000000000	14.9512636861400
0.704100000000000	13.3280545653060
0.704200000000000	24.3675637481386
0.704300000000000	23.6568659719816
0.704400000000000	31.3897700726262
0.704500000000000	35.8987379609487
0.704600000000000	44.1021675641274
0.704700000000000	44.7065882223926
0.704800000000000	44.2204150247142
0.704900000000000	35.8785062114892
0.705000000000000	30.5981274054318
0.705100000000000	28.9056890785097
0.705200000000000	20.4875314182652
0.705300000000000	15.3300181819206
0.705400000000000	11.5551013742962
0.705500000000000	16.9306824387408
0.705600000000000	12.1891943066915
0.705700000000000	23.8759166110456
0.705800000000000	19.3431965813217
0.705900000000000	16.7404513334288
0.706000000000000	16.9253026444836
0.706100000000000	3.97022125101997
0.706200000000000	-2.08920844495411
0.706300000000000	-8.43553207195417
0.706400000000000	-15.1698105609148
0.706500000000000	-13.0736234641926
0.706600000000000	-8.48854333475335
0.706700000000000	-3.89888415976527
0.706800000000000	2.23284811271487
0.706900000000000	0.943186462496826
0.707000000000000	8.23931649544723
0.707100000000000	6.08638327225698
0.707200000000000	-1.67515564520495
0.707300000000000	-1.53631528442213
0.707400000000000	-5.42870508404527
0.707500000000000	0.862326934157203
0.707600000000000	1.83438157327716
0.707700000000000	14.0707272798686
0.707800000000000	21.1294935084289
0.707900000000000	31.4622082104264
0.708000000000000	38.1184515604146
0.708100000000000	34.8721883212762
0.708200000000000	36.9148856238537
0.708300000000000	28.6093348703585
0.708400000000000	26.7865309550928
0.708500000000000	25.9903084392063
0.708600000000000	22.7127024337593
0.708700000000000	28.5873322123772
0.708800000000000	25.6771363302504
0.708900000000000	32.1189249582741
0.709000000000000	43.0192558995976
0.709100000000000	42.1684686062835
0.709200000000000	31.8058676733962
0.709300000000000	32.2522538784703
0.709400000000000	24.8846553792778
0.709500000000000	12.0366624437282
0.709600000000000	13.9920575976386
0.709700000000000	0.455955738204452
0.709800000000000	3.05772799384112
0.709900000000000	4.85548519213269
0.710000000000000	6.13916224964088
0.710100000000000	8.08155824160314
0.710200000000000	10.8471715818798
0.710300000000000	4.79549695224011
0.710400000000000	0.944819132943618
0.710500000000000	-2.63822902479252
0.710600000000000	-15.0861944203251
0.710700000000000	-13.9443950679161
0.710800000000000	-6.90042064970902
0.710900000000000	-11.7622691975166
0.711000000000000	-6.76967072017807
0.711100000000000	-0.905156207671608
0.711200000000000	7.29450760804550
0.711300000000000	11.8807210004070
0.711400000000000	22.4270427867424
0.711500000000000	17.7897817999708
0.711600000000000	18.3728124239536
0.711700000000000	11.8750180177239
0.711800000000000	9.94207546767838
0.711900000000000	10.9983451805720
0.712000000000000	13.9691471462441
0.712100000000000	17.2525915374131
0.712200000000000	29.3355360963833
0.712300000000000	32.3831622660269
0.712400000000000	42.8281969492207
0.712500000000000	46.4646172789145
0.712600000000000	45.7215467847047
0.712700000000000	41.8329200802030
0.712800000000000	38.2227721611756
0.712900000000000	23.7877006476876
0.713000000000000	19.2010354681425
0.713100000000000	23.6410667208640
0.713200000000000	25.3537381086645
0.713300000000000	22.1005551079942
0.713400000000000	24.2580753365747
0.713500000000000	26.2157299517750
0.713600000000000	21.8731683321506
0.713700000000000	22.6654758620603
0.713800000000000	16.6324121950990
0.713900000000000	13.2462997220307
0.714000000000000	-3.34678235205911
0.714100000000000	-8.55897430754027
0.714200000000000	-9.36851953190512
0.714300000000000	-8.62803446133606
0.714400000000000	1.34582785287769
0.714500000000000	0.0893836542538899
0.714600000000000	9.62646022312385
0.714700000000000	8.15167173862360
0.714800000000000	9.48952767358784
0.714900000000000	-1.24492139508451
0.715000000000000	2.63627055776689
0.715100000000000	-8.58085902066099
0.715200000000000	-2.95142242289785
0.715300000000000	-8.92779681727501
0.715400000000000	8.77158000368204
0.715500000000000	10.1791597510466
0.715600000000000	17.5722925710820
0.715700000000000	24.2506559912190
0.715800000000000	30.4674741756156
0.715900000000000	32.8635994070415
0.716000000000000	31.9105758951185
0.716100000000000	29.5921547209661
0.716200000000000	21.8104095328265
0.716300000000000	21.7602292333218
0.716400000000000	24.8665564584693
0.716500000000000	26.6522844743822
0.716600000000000	30.3510168378820
0.716700000000000	39.4858372768586
0.716800000000000	44.5382835277468
0.716900000000000	42.2943514440765
0.717000000000000	38.2866596482601
0.717100000000000	39.4753171889691
0.717200000000000	27.6964561305606
0.717300000000000	18.4304513682271
0.717400000000000	18.9519743329683
0.717500000000000	12.4375343973620
0.717600000000000	4.87758661014571
0.717700000000000	14.5511851521378
0.717800000000000	6.32503621183230
0.717900000000000	15.6708223786052
0.718000000000000	17.3622433443801
0.718100000000000	10.6897943595424
0.718200000000000	1.07638131410972
0.718300000000000	-2.84790039858373
0.718400000000000	-9.57843662270635
0.718500000000000	-11.0190903440526
0.718600000000000	-15.3068454753130
0.718700000000000	-13.5494409155151
0.718800000000000	-5.79921735940051
0.718900000000000	-4.25874926886728
0.719000000000000	1.96154835049610
0.719100000000000	8.82529432026351
0.719200000000000	8.01229375491448
0.719300000000000	8.28328100277405
0.719400000000000	9.06623564386908
0.719500000000000	4.73660800838663
0.719600000000000	3.00753459331085
0.719700000000000	5.63535457440692
0.719800000000000	15.1371158184559
0.719900000000000	21.9528272184522
0.720000000000000	27.0422353463074
0.720100000000000	34.8332099173963
0.720200000000000	37.4551002546805
0.720300000000000	39.0379871988739
0.720400000000000	39.0148981106349
0.720500000000000	40.7428136662993
0.720600000000000	34.9908391962608
0.720700000000000	29.8522801318944
0.720800000000000	23.1144794426008
0.720900000000000	27.2027287052724
0.721000000000000	26.3964640917146
0.721100000000000	26.2437001539247
0.721200000000000	36.3574338360919
0.721300000000000	32.0298029119387
0.721400000000000	30.4389680120517
0.721500000000000	25.2718216138885
0.721600000000000	23.0856723495423
0.721700000000000	6.73949116953143
0.721800000000000	3.61384859660762
0.721900000000000	-2.39617999697285
0.722000000000000	-3.08710033743508
0.722100000000000	-2.48192528676616
0.722200000000000	1.95547125715909
0.722300000000000	5.80280620995862
0.722400000000000	3.92727516171601
0.722500000000000	8.95702933881488
0.722600000000000	3.61711689539903
0.722700000000000	2.82800097457042
0.722800000000000	-1.80973908513811
0.722900000000000	-7.23603927919156
0.723000000000000	-12.6243932955067
0.723100000000000	-8.74445816995304
0.723200000000000	-3.97101796213002
0.723300000000000	4.20382758188631
0.723400000000000	9.86438881664717
0.723500000000000	19.4181873872831
0.723600000000000	23.8719769699398
0.723700000000000	29.8137191582640
0.723800000000000	25.1838807633091
0.723900000000000	16.4277677634397
0.724000000000000	16.6762685855362
0.724100000000000	19.6239256465540
0.724200000000000	17.0192284608563
0.724300000000000	24.2807142693678
0.724400000000000	35.1336864523743
0.724500000000000	40.0539921395906
0.724600000000000	41.7695684200391
0.724700000000000	47.2393079873250
0.724800000000000	41.3054112015378
0.724900000000000	35.2915592733906
0.725000000000000	33.5799826963427
0.725100000000000	27.2941517367273
0.725200000000000	12.3846842035976
0.725300000000000	17.5704859064673
0.725400000000000	9.99839697835418
0.725500000000000	17.8488125297651
0.725600000000000	24.3470133149907
0.725700000000000	21.3352604340638
0.725800000000000	22.5266507729411
0.725900000000000	14.1416241818328
0.726000000000000	6.64769248976112
0.726100000000000	-3.13935260800386
0.726200000000000	-2.92342914179639
0.726300000000000	-12.7117104676273
0.726400000000000	-10.5202018535364
0.726500000000000	-11.9843377325929
0.726600000000000	-11.7810708032420
0.726700000000000	0.123454415364806
0.726800000000000	4.28161510987728
0.726900000000000	6.69081623551285
0.727000000000000	4.80391400351330
0.727100000000000	1.81726113265381
0.727200000000000	6.30302412658175
0.727300000000000	2.68919902640479
0.727400000000000	5.86121993013745
0.727500000000000	4.30701921244241
0.727600000000000	5.29122872415388
0.727700000000000	8.24676879836626
0.727800000000000	20.4418064414304
0.727900000000000	36.0504875906066
0.728000000000000	36.7697933344874
0.728100000000000	39.1681642113449
0.728200000000000	42.2125480373176
0.728300000000000	30.8914889140849
0.728400000000000	28.0208265265452
0.728500000000000	22.5953293584702
0.728600000000000	28.8785914674247
0.728700000000000	32.1986213503215
0.728800000000000	33.5378178675807
0.728900000000000	30.1669419061199
0.729000000000000	40.3862274729266
0.729100000000000	37.8110854025661
0.729200000000000	37.9058180346389
0.729300000000000	30.1415992444692
0.729400000000000	26.9574401042933
0.729500000000000	12.6489095693715
0.729600000000000	9.48451345972577
0.729700000000000	8.39090354471684
0.729800000000000	-2.05192675141556
0.729900000000000	6.38703284643009
0.730000000000000	0.495016023946450
0.730100000000000	3.28287586332838
0.730200000000000	11.2060219647747
0.730300000000000	6.14836634054870
0.730400000000000	9.02834779263870
0.730500000000000	-0.186102078016617
0.730600000000000	-4.79339174482305
0.730700000000000	-15.3546499903766
0.730800000000000	-16.1682297838906
0.730900000000000	-5.64667702476661
0.731000000000000	-5.26978095866423
0.731100000000000	-4.83241397644996
0.731200000000000	2.71300756676962
0.731300000000000	8.35334295220825
0.731400000000000	16.6932039859594
0.731500000000000	26.7926632924258
0.731600000000000	11.2348764203734
0.731700000000000	15.1549150220362
0.731800000000000	19.1125053812995
0.731900000000000	16.5362206413294
0.732000000000000	23.5653805184368
0.732100000000000	16.8949056495317
0.732200000000000	29.4608060942584
0.732300000000000	34.7166811504569
0.732400000000000	40.4559291392193
0.732500000000000	48.3972886888014
0.732600000000000	41.1069220182531
0.732700000000000	39.5604381959669
0.732800000000000	36.4862265554773
0.732900000000000	28.4132367719588
0.733000000000000	26.8770656387716
0.733100000000000	18.6149254871560
0.733200000000000	24.2002246828283
0.733300000000000	18.9011789986997
0.733400000000000	27.8766650501163
0.733500000000000	28.7050324385489
0.733600000000000	24.6263296655743
0.733700000000000	23.2612949800662
0.733800000000000	6.74165364050490
0.733900000000000	11.7112271442614
0.734000000000000	-4.84018639230226
0.734100000000000	-6.15405879418246
0.734200000000000	-8.02214604614611
0.734300000000000	-14.2316724538359
0.734400000000000	-7.14992035746433
0.734500000000000	-6.35676401770769
0.734600000000000	5.24225865912575
0.734700000000000	5.03626211093492
0.734800000000000	8.10802216586629
0.734900000000000	-1.58456584403608
0.735000000000000	0.598842092475453
0.735100000000000	-4.67382029235526
0.735200000000000	-7.09544201865450
0.735300000000000	-1.11901373576659
0.735400000000000	-4.28944577977840
0.735500000000000	6.37183658450956
0.735600000000000	15.3659418843952
0.735700000000000	21.5077378938020
0.735800000000000	28.1000419690454
0.735900000000000	39.1008066482090
0.736000000000000	32.9728376526462
0.736100000000000	29.3818526920833
0.736200000000000	26.0994365744909
0.736300000000000	22.7820631005000
0.736400000000000	24.3504126695885
0.736500000000000	29.1144855333110
0.736600000000000	31.3393087406847
0.736700000000000	32.3914167283188
0.736800000000000	43.2168785365150
0.736900000000000	38.1477009826250
0.737000000000000	41.7187399840792
0.737100000000000	38.0946501121557
0.737200000000000	27.0087669371945
0.737300000000000	22.1383068887283
0.737400000000000	19.4122185068670
0.737500000000000	9.95971714842664
0.737600000000000	7.78944289262873
0.737700000000000	13.1386365131322
0.737800000000000	9.56105827364138
0.737900000000000	18.6154602898323
0.738000000000000	19.4619841726307
0.738100000000000	11.6400310805960
0.738200000000000	7.78887028044055
0.738300000000000	-3.96648443543291
0.738400000000000	-7.75178864009732
0.738500000000000	-7.02200743786109
0.738600000000000	-13.6402601762129
0.738700000000000	-13.6372180159972
0.738800000000000	-2.79823477745026
0.738900000000000	-3.74207990542644
0.739000000000000	3.88983655991661
0.739100000000000	9.05964421389010
0.739200000000000	16.5615656438393
0.739300000000000	13.9579512483948
0.739400000000000	8.46917895635504
0.739500000000000	9.85620416346948
0.739600000000000	4.68411884086669
0.739700000000000	13.3458885788377
0.739800000000000	4.42619276681025
0.739900000000000	19.4835848946549
0.740000000000000	29.6209960689308
0.740100000000000	33.8062123382388
0.740200000000000	35.5309996651032
0.740300000000000	44.7086096080274
0.740400000000000	39.2034398454640
0.740500000000000	39.5878268211374
0.740600000000000	31.4978440240411
0.740700000000000	29.6142431933904
0.740800000000000	24.2914209457101
0.740900000000000	27.3388511542827
0.741000000000000	24.4988597607353
0.741100000000000	37.1388879839847
0.741200000000000	36.5514855480439
0.741300000000000	36.0384622011655
0.741400000000000	29.7500214812350
0.741500000000000	29.3018411403651
0.741600000000000	18.4025310793084
0.741700000000000	16.5051144265106
0.741800000000000	5.54454953413412
0.741900000000000	2.02963057105487
0.742000000000000	-5.39110860276228
0.742100000000000	-5.72952991413144
0.742200000000000	-0.623559790025551
0.742300000000000	0.634377294308345
0.742400000000000	2.29967531386259
0.742500000000000	9.20550341740680
0.742600000000000	-0.188456785544499
0.742700000000000	-0.283112925478514
0.742800000000000	-0.555080660963258
0.742900000000000	-13.1587144007392
0.743000000000000	-7.29285805260511
0.743100000000000	-9.41129835691879
0.743200000000000	-7.00170691865316
0.743300000000000	-0.415049044076650
0.743400000000000	13.3689213066127
0.743500000000000	27.8643547199216
0.743600000000000	25.7408222566482
0.743700000000000	23.9584726640979
0.743800000000000	31.1350721921147
0.743900000000000	20.0377220107499
0.744000000000000	19.0237312290006
0.744100000000000	22.2900495482827
0.744200000000000	14.3041607933623
0.744300000000000	22.1514617082717
0.744400000000000	31.9785613372954
0.744500000000000	38.9863944196213
0.744600000000000	39.3581152861511
0.744700000000000	45.0586389237329
0.744800000000000	43.3467086708247
0.744900000000000	38.4039913299002
0.745000000000000	34.5210454102376
0.745100000000000	23.6137069497113
0.745200000000000	20.1373978549832
0.745300000000000	13.8974369109394
0.745400000000000	11.5588661949953
0.745500000000000	17.6973347503180
0.745600000000000	6.25874259753337
0.745700000000000	18.5525671780485
0.745800000000000	17.3828775380706
0.745900000000000	17.0561897332318
0.746000000000000	10.7085349627300
0.746100000000000	5.60693704629324
0.746200000000000	-6.86965163628225
0.746300000000000	-10.4414034144303
0.746400000000000	-14.3900077784669
0.746500000000000	-6.67659514802096
0.746600000000000	-8.78574469918044
0.746700000000000	-5.87644174417164
0.746800000000000	7.40180556804289
0.746900000000000	0.261982134211342
0.747000000000000	5.14362350151572
0.747100000000000	3.08709166765138
0.747200000000000	1.38099296069655
0.747300000000000	-1.10039585130795
0.747400000000000	4.18206845553024
0.747500000000000	2.13701054307341
0.747600000000000	14.0862356762137
0.747700000000000	11.3808812127193
0.747800000000000	21.0994830212303
0.747900000000000	29.0218836559708
0.748000000000000	38.7281791287196
0.748100000000000	38.2146612136383
0.748200000000000	36.7687569054340
0.748300000000000	33.4996319637554
0.748400000000000	34.3199487825994
0.748500000000000	28.2212978143789
0.748600000000000	24.6072418574247
0.748700000000000	26.9559802938807
0.748800000000000	36.8294742065118
0.748900000000000	38.7487492367657
0.749000000000000	36.2275622903351
0.749100000000000	37.8777108122254
0.749200000000000	38.6133031736673
0.749300000000000	29.1381939620797
0.749400000000000	23.8158597569184
0.749500000000000	12.8120623018381
0.749600000000000	2.88806421431506
0.749700000000000	2.23639623717878
0.749800000000000	0.945647332034151
0.749900000000000	3.52967530065892
0.750000000000000	3.88119652872216
0.750100000000000	1.24802745765317
0.750200000000000	10.0527424292220
0.750300000000000	4.78664602955066
0.750400000000000	-0.249023290730850
0.750500000000000	2.59445911438468
0.750600000000000	-5.82655681504186
0.750700000000000	-11.6466649275621
0.750800000000000	-13.1450804026629
0.750900000000000	-6.79189281611233
0.751000000000000	-9.07531286862015
0.751100000000000	-2.40231001646385
0.751200000000000	1.71014289956520
0.751300000000000	16.6795551054006
0.751400000000000	18.9220173692789
0.751500000000000	19.9243856341362
0.751600000000000	14.1954513939844
0.751700000000000	14.0785446932218
0.751800000000000	14.2828827455549
0.751900000000000	15.5810353439447
0.752000000000000	15.5586133599975
0.752100000000000	16.1616689959229
0.752200000000000	26.1978071227339
0.752300000000000	36.9835228089905
0.752400000000000	41.0245335553483
0.752500000000000	48.9798658565298
0.752600000000000	37.3437159789953
0.752700000000000	34.4321608261483
0.752800000000000	34.1461248002709
0.752900000000000	23.1552241638461
0.753000000000000	26.3042568397167
0.753100000000000	22.7145120160170
0.753200000000000	20.4293918171285
0.753300000000000	19.0544510651922
0.753400000000000	26.0489108237217
0.753500000000000	29.1092567496850
0.753600000000000	26.7393256853706
0.753700000000000	20.2167753833805
0.753800000000000	14.0221124930510
0.753900000000000	10.4785455577363
0.754000000000000	1.90193160743451
0.754100000000000	-5.35119467583016
0.754200000000000	-14.0877881266612
0.754300000000000	-17.5534116173736
0.754400000000000	-8.96935020500352
0.754500000000000	-4.69571376734844
0.754600000000000	0.820933427581178
0.754700000000000	2.56493217887556
0.754800000000000	6.29443971810900
0.754900000000000	-0.227988406442407
0.755000000000000	3.60708935249329
0.755100000000000	-5.27664605387114
0.755200000000000	-6.02983676821247
0.755300000000000	-10.8625309922348
0.755400000000000	-2.44075288068526
0.755500000000000	-0.218093149238522
0.755600000000000	14.7446900698185
0.755700000000000	26.0120997413274
0.755800000000000	33.7886650501375
0.755900000000000	26.8256090775232
0.756000000000000	24.9645097854661
0.756100000000000	30.3110998030598
0.756200000000000	26.4957175951240
0.756300000000000	20.9038815159961
0.756400000000000	26.0475595486073
0.756500000000000	26.3042898583167
0.756600000000000	32.5331327159723
0.756700000000000	35.1671866695119
0.756800000000000	38.0101876024163
0.756900000000000	45.5513585580987
0.757000000000000	44.4585199998101
0.757100000000000	40.7219176421554
0.757200000000000	27.6457877005383
0.757300000000000	19.6404653210235
0.757400000000000	15.3942034460222
0.757500000000000	7.81501433819391
0.757600000000000	9.21456279700552
0.757700000000000	6.40130021474313
0.757800000000000	10.2352036522818
0.757900000000000	8.39054167614639
0.758000000000000	7.11622731780689
0.758100000000000	11.5585043988236
0.758200000000000	5.27517373443853
0.758300000000000	-2.75271898614071
0.758400000000000	-7.25008633709819
0.758500000000000	-13.2819502105879
0.758600000000000	-10.4032630323594
0.758700000000000	-14.7254174825473
0.758800000000000	-5.27085652822328
0.758900000000000	-5.37239600464601
0.759000000000000	0.822110761584574
0.759100000000000	2.97395309623789
0.759200000000000	13.0809896254777
0.759300000000000	13.2543303639096
0.759400000000000	15.4534768945947
0.759500000000000	15.3858846164906
0.759600000000000	10.9179310753712
0.759700000000000	8.57760419095081
0.759800000000000	14.5265703828135
0.759900000000000	17.9908270845017
0.760000000000000	25.0980656229181
0.760100000000000	31.3622056722725
0.760200000000000	41.3272402224918
0.760300000000000	42.8530888907717
0.760400000000000	37.7745814038676
0.760500000000000	39.5758607979237
0.760600000000000	35.9471624350734
0.760700000000000	28.1013314204090
0.760800000000000	25.3588741987911
0.760900000000000	25.6208457254136
0.761000000000000	23.5021212184152
0.761100000000000	26.6402107758513
0.761200000000000	36.5798250667902
0.761300000000000	36.5517552767958
0.761400000000000	35.7124962909536
0.761500000000000	25.1707509871634
0.761600000000000	23.3269074413185
0.761700000000000	14.5330495591650
0.761800000000000	6.34255057135353
0.761900000000000	-3.05400732784781
0.762000000000000	-4.71429545962836
0.762100000000000	1.94781599344378
0.762200000000000	-0.471396036650232
0.762300000000000	-3.31401459640593
0.762400000000000	3.77724328851745
0.762500000000000	-1.10082168401877
0.762600000000000	5.68502116247691
0.762700000000000	-3.07971916878723
0.762800000000000	-5.51288511181766
0.762900000000000	-7.81129195115933
0.763000000000000	-9.93723607481627
0.763100000000000	-13.9030399398009
0.763200000000000	-6.70462914102325
0.763300000000000	-0.462233189387614
0.763400000000000	9.30475277464540
0.763500000000000	24.5456988266771
0.763600000000000	24.3741531380687
0.763700000000000	20.9886806050577
0.763800000000000	27.2942127885983
0.763900000000000	21.7103912489851
0.764000000000000	23.2501919212571
0.764100000000000	18.2633331389959
0.764200000000000	21.0894211566724
0.764300000000000	28.8970386645654
0.764400000000000	31.8813058005873
0.764500000000000	41.4590666197513
0.764600000000000	41.5686974628535
0.764700000000000	44.0337875520335
0.764800000000000	44.6326136233542
0.764900000000000	37.5585652914903
0.765000000000000	33.3688053122180
0.765100000000000	26.8689812411594
0.765200000000000	17.8568991472769
0.765300000000000	12.2585767945167
0.765400000000000	13.1252197264678
0.765500000000000	14.9310745590449
0.765600000000000	20.2090193210392
0.765700000000000	19.8898264059368
0.765800000000000	22.4102050805694
0.765900000000000	13.7714484800154
0.766000000000000	11.6772288749413
0.766100000000000	5.33582065037254
0.766200000000000	-3.01218055549719
0.766300000000000	-13.0038800072381
0.766400000000000	-11.6948784053488
0.766500000000000	-14.5311511408812
0.766600000000000	-8.93664274981559
0.766700000000000	-5.08046124418280
0.766800000000000	5.03080512109487
0.766900000000000	0.382171478968111
0.767000000000000	8.19679999703709
0.767100000000000	6.16640632396032
0.767200000000000	0.660109374903415
0.767300000000000	1.55400237044677
0.767400000000000	-1.49139345959716
0.767500000000000	4.30323290954235
0.767600000000000	-0.781386742841271
0.767700000000000	13.2632120780515
0.767800000000000	22.5652472644523
0.767900000000000	22.2338612558180
0.768000000000000	37.6032241069896
0.768100000000000	41.9561775118045
0.768200000000000	39.9202647202737
0.768300000000000	39.8753231327044
0.768400000000000	32.4788669466339
0.768500000000000	20.5589829975133
0.768600000000000	21.8564212930259
0.768700000000000	30.3827894127525
0.768800000000000	28.3511752352875
0.768900000000000	30.0053485886842
0.769000000000000	30.5151577634698
0.769100000000000	35.0698350139952
0.769200000000000	35.1704986686729
0.769300000000000	34.4064489987816
0.769400000000000	27.1129740033111
0.769500000000000	21.9077791000354
0.769600000000000	12.0624887405648
0.769700000000000	0.891137899022567
0.769800000000000	1.11525720197655
0.769900000000000	2.48640371047162
0.770000000000000	5.42818539759328
0.770100000000000	2.71199347560539
0.770200000000000	5.87357829213327
0.770300000000000	6.42123473738253
0.770400000000000	3.91983626310548
0.770500000000000	4.56166661743959
0.770600000000000	-5.71981749553333
0.770700000000000	-14.9246197664489
0.770800000000000	-13.6000536798103
0.770900000000000	-12.5945944303524
0.771000000000000	-8.47384703975858
0.771100000000000	3.48038412293054
0.771200000000000	12.9174033224498
0.771300000000000	13.7881793867068
0.771400000000000	18.5540793877543
0.771500000000000	15.1881245995272
0.771600000000000	21.2071497904368
0.771700000000000	12.9398310109189
0.771800000000000	14.4571964821090
0.771900000000000	14.4550952949660
0.772000000000000	15.7579931398892
0.772100000000000	23.1507390880269
0.772200000000000	28.9728273518637
0.772300000000000	42.9213073578475
0.772400000000000	46.5236894542354
0.772500000000000	51.3465951746283
0.772600000000000	46.7227215029691
0.772700000000000	39.9320791551895
0.772800000000000	34.2118889541051
0.772900000000000	28.0003663643876
0.773000000000000	25.4329742116357
0.773100000000000	19.1939919548703
0.773200000000000	21.5071990600562
0.773300000000000	20.1991469964524
0.773400000000000	28.6848730016252
0.773500000000000	25.4508610511008
0.773600000000000	21.8465368333160
0.773700000000000	21.0884883312154
0.773800000000000	13.4828388523868
0.773900000000000	4.09823259925744
0.774000000000000	-3.11162239364456
0.774100000000000	-5.38778400185907
0.774200000000000	-10.6029153877608
0.774300000000000	-14.8756302370034
0.774400000000000	-2.02189665897929
0.774500000000000	-1.23887127064329
0.774600000000000	4.82859210150562
0.774700000000000	1.35720655983922
0.774800000000000	4.41505174449997
0.774900000000000	6.10911862041516
0.775000000000000	-4.88255056561244
0.775100000000000	-3.51067550172867
0.775200000000000	-1.35321838769254
0.775300000000000	-7.32316008338351
0.775400000000000	-6.82693451231006
0.775500000000000	0.788370704715955
0.775600000000000	15.5898537973205
0.775700000000000	28.3895725410434
0.775800000000000	28.7835987477894
0.775900000000000	31.8707870635509
0.776000000000000	26.7226888831796
0.776100000000000	30.4884843266659
0.776200000000000	26.5313358005462
0.776300000000000	25.8702984083498
0.776400000000000	21.3435285922906
0.776500000000000	30.7844645041187
0.776600000000000	30.3245276483617
0.776700000000000	30.9825492243511
0.776800000000000	40.2073190870463
0.776900000000000	47.3422526572517
0.777000000000000	43.0816323724031
0.777100000000000	30.9647048052415
0.777200000000000	35.0366242051713
0.777300000000000	23.0414056842102
0.777400000000000	14.2775817308510
0.777500000000000	9.08972221617461
0.777600000000000	6.72866988655899
0.777700000000000	7.48783026638212
0.777800000000000	7.48926433401668
0.777900000000000	16.6796289781121
0.778000000000000	13.3342534741749
0.778100000000000	14.7637892428781
0.778200000000000	8.76213992134931
0.778300000000000	0.472817125050023
0.778400000000000	-5.51300159584283
0.778500000000000	-15.2753558854317
0.778600000000000	-13.3699129519531
0.778700000000000	-8.73474009438464
0.778800000000000	-5.74634018758149
0.778900000000000	-2.08773753819429
0.779000000000000	5.28356967063222
0.779100000000000	9.25522747453275
0.779200000000000	9.26621142656273
0.779300000000000	10.4017260653464
0.779400000000000	7.93609851790123
0.779500000000000	6.60416704551935
0.779600000000000	9.53959292447224
0.779700000000000	10.3709639503574
0.779800000000000	15.0798094475382
0.779900000000000	19.1387126565457
0.780000000000000	29.1792338942714
0.780100000000000	27.2615717223836
0.780200000000000	39.6860973745352
0.780300000000000	34.1016569013424
0.780400000000000	45.5957202233544
0.780500000000000	36.0393196536377
0.780600000000000	36.1570495462024
0.780700000000000	30.5954910207107
0.780800000000000	23.0182922436540
0.780900000000000	20.9560853900817
0.781000000000000	24.4884133107393
0.781100000000000	28.1625484299082
0.781200000000000	32.5915604068418
0.781300000000000	32.9459210414139
0.781400000000000	33.8668914143484
0.781500000000000	24.3389739039290
0.781600000000000	19.9362274951353
0.781700000000000	10.4160567885506
0.781800000000000	2.71393802041188
0.781900000000000	-4.92360629235292
0.782000000000000	-7.33793084938019
0.782100000000000	-4.62786826822261
0.782200000000000	-1.17032438476816
0.782300000000000	3.82057521925502
0.782400000000000	4.19213413134567
0.782500000000000	7.75392656667258
0.782600000000000	5.21598656700589
0.782700000000000	-1.48802278827020
0.782800000000000	-6.69602697830857
0.782900000000000	-7.29047933101370
0.783000000000000	-18.6992772430703
0.783100000000000	-6.24495065145244
0.783200000000000	-2.91902561543696
0.783300000000000	-1.19412578552929
0.783400000000000	17.5623940082729
0.783500000000000	18.5720373779392
0.783600000000000	27.5938851653585
0.783700000000000	35.4216977383466
0.783800000000000	23.1569346555723
0.783900000000000	23.3035387195192
0.784000000000000	10.6133058171583
0.784100000000000	15.5585359823943
0.784200000000000	18.5120736660263
0.784300000000000	27.5391908341315
0.784400000000000	29.0019506549521
0.784500000000000	37.8761425648365
0.784600000000000	41.8558082273726
0.784700000000000	47.3027972967325
0.784800000000000	52.2965263335627
0.784900000000000	38.8423131983321
0.785000000000000	29.3618655862725
0.785100000000000	23.0448029377206
0.785200000000000	16.8221077150318
0.785300000000000	12.8476112133557
0.785400000000000	20.7865183698130
0.785500000000000	15.7503357211489
0.785600000000000	18.6558190291177
0.785700000000000	17.5491794146570
0.785800000000000	18.2391634933065
0.785900000000000	19.0855460328877
0.786000000000000	10.8365233923648
0.786100000000000	5.29908754819361
0.786200000000000	-4.84582526118087
0.786300000000000	-12.9140264727680
0.786400000000000	-9.11801190491730
0.786500000000000	-12.6818089290853
0.786600000000000	-0.667873216511772
0.786700000000000	0.161362986877668
0.786800000000000	-2.13751494276163
0.786900000000000	3.03627778693848
0.787000000000000	5.08092531522616
0.787100000000000	5.73513783614424
0.787200000000000	4.01016620874741
0.787300000000000	3.15183050670069
0.787400000000000	3.89189430232430
0.787500000000000	1.02107433015701
0.787600000000000	5.17524976098533
0.787700000000000	9.69566921033566
0.787800000000000	21.4898765092828
0.787900000000000	30.2680494802967
0.788000000000000	36.8937035110155
0.788100000000000	42.9244540257177
0.788200000000000	34.1994578793431
0.788300000000000	36.2957285549333
0.788400000000000	25.7187895101658
0.788500000000000	30.3219755847748
0.788600000000000	32.9820649945691
0.788700000000000	28.7102580966837
0.788800000000000	25.0104600374376
0.788900000000000	34.1067360290856
0.789000000000000	36.3956623821218
0.789100000000000	35.2010385698387
0.789200000000000	34.9976391628481
0.789300000000000	26.6697866631368
0.789400000000000	23.0940028636715
0.789500000000000	19.7991679520189
0.789600000000000	9.52119221290968
0.789700000000000	-5.10613887494779
0.789800000000000	4.04557964073332
0.789900000000000	3.96441029540391
0.790000000000000	0.0426728466871484
0.790100000000000	4.76119365445899
0.790200000000000	9.95464053519829
0.790300000000000	3.82031286531713
0.790400000000000	1.16123809924279
0.790500000000000	-4.33750264982565
0.790600000000000	-5.68145119940603
0.790700000000000	-12.1264564199015
0.790800000000000	-16.5555061046356
0.790900000000000	-16.8198315559259
0.791000000000000	-9.26341099867173
0.791100000000000	-3.83579329669090
0.791200000000000	11.5244600314146
0.791300000000000	7.71120227527105
0.791400000000000	16.1803614564626
0.791500000000000	15.0429746447707
0.791600000000000	22.0522972558630
0.791700000000000	17.5068517997910
0.791800000000000	10.4480859215646
0.791900000000000	11.6612311323973
0.792000000000000	17.2610064177882
0.792100000000000	22.2482256749237
0.792200000000000	20.2951800522273
0.792300000000000	30.2010766366942
0.792400000000000	40.7160471732128
0.792500000000000	48.7144671373985
0.792600000000000	45.2970170270769
0.792700000000000	36.2694767735953
0.792800000000000	35.1152431652186
0.792900000000000	24.6257318255015
0.793000000000000	18.2174662954027
0.793100000000000	20.0366296481175
0.793200000000000	18.9830641099299
0.793300000000000	22.3716379320511
0.793400000000000	22.8225903651247
0.793500000000000	27.6303864468150
0.793600000000000	24.2672181656519
0.793700000000000	18.8385312579295
0.793800000000000	18.1480658178567
0.793900000000000	6.44669290314200
0.794000000000000	-5.82336731825188
0.794100000000000	-3.72275978693344
0.794200000000000	-13.2833412981238
0.794300000000000	-9.72806044019197
0.794400000000000	-9.95790089488003
0.794500000000000	4.72549644695283
0.794600000000000	9.18915239763644
0.794700000000000	5.40918771850843
0.794800000000000	2.92699877121201
0.794900000000000	5.55445513885535
0.795000000000000	-0.553654481383175
0.795100000000000	-5.66191725367019
0.795200000000000	-1.97850033996734
0.795300000000000	-1.66043442095176
0.795400000000000	0.129630396037530
0.795500000000000	9.29955538019473
0.795600000000000	16.2810601189617
0.795700000000000	25.7758961090455
0.795800000000000	32.9096893460733
0.795900000000000	36.4974211644643
0.796000000000000	29.3171825322065
0.796100000000000	29.4618192609375
0.796200000000000	27.6725935161680
0.796300000000000	19.0064027517453
0.796400000000000	22.8184684612523
0.796500000000000	23.9293229741103
0.796600000000000	30.0831854904940
0.796700000000000	37.6037592782325
0.796800000000000	39.1681938578366
0.796900000000000	46.0261527263883
0.797000000000000	42.3278008950295
0.797100000000000	41.5825246888820
0.797200000000000	28.8258093538565
0.797300000000000	19.8236399521499
0.797400000000000	14.1553181697872
0.797500000000000	10.5385060639820
0.797600000000000	10.8084771775849
0.797700000000000	5.04093424731244
0.797800000000000	12.9024415990032
0.797900000000000	9.35615401810200
0.798000000000000	16.3617957679190
0.798100000000000	8.20792168380765
0.798200000000000	6.70737468993741
0.798300000000000	4.62339168482454
0.798400000000000	-6.95247443107256
0.798500000000000	-15.1389392902771
0.798600000000000	-17.2472330243178
0.798700000000000	-13.9034327779415
0.798800000000000	-7.76773122768286
0.798900000000000	-5.03794764972802
0.799000000000000	5.69630838275371
0.799100000000000	7.58527308054837
0.799200000000000	12.7517693436013
0.799300000000000	13.4371278095089
0.799400000000000	9.40846046881136
0.799500000000000	7.32941419168554
0.799600000000000	8.37968311904855
0.799700000000000	5.56368897654994
0.799800000000000	3.92562356663537
0.799900000000000	19.3204824587106
0.800000000000000	22.3033962532935
0.800100000000000	35.1815256253145
0.800200000000000	38.2478751817145
0.800300000000000	46.0250947113091
0.800400000000000	37.0086846161240
0.800500000000000	35.6522554700894
0.800600000000000	33.5071394832122
0.800700000000000	29.3314945134938
0.800800000000000	23.8133905792312
0.800900000000000	21.9802074787445
0.801000000000000	22.0129400653727
0.801100000000000	29.7716832172665
0.801200000000000	28.7253768756245
0.801300000000000	41.5308548599561
0.801400000000000	31.9566136076936
0.801500000000000	29.4677742997062
0.801600000000000	21.8170461270529
0.801700000000000	13.6226911498915
0.801800000000000	1.19040658416408
0.801900000000000	2.22160047642820
0.802000000000000	-5.00562388552715
0.802100000000000	-4.28469428362257
0.802200000000000	-0.915297292937519
0.802300000000000	5.86842965317038
0.802400000000000	9.06377206905417
0.802500000000000	5.46857665463588
0.802600000000000	-2.47884411340565
0.802700000000000	-3.32845100431623
0.802800000000000	-11.2572948931767
0.802900000000000	-14.5798762638313
0.803000000000000	-10.5368532784958
0.803100000000000	-12.8831425131214
0.803200000000000	-0.492317924237149
0.803300000000000	5.03999816273041
0.803400000000000	9.61728176979216
0.803500000000000	19.1721025705159
0.803600000000000	27.3002633808793
0.803700000000000	26.9462690995499
0.803800000000000	22.8099660092022
0.803900000000000	27.5127792610679
0.804000000000000	20.3019444115105
0.804100000000000	24.1394058158824
0.804200000000000	24.0078093116729
0.804300000000000	25.3470454400338
0.804400000000000	30.3065532685750
0.804500000000000	34.9128917805996
0.804600000000000	47.6346423206294
0.804700000000000	49.6658829878467
0.804800000000000	43.8760616514957
0.804900000000000	37.0331684757568
0.805000000000000	32.0989592260390
0.805100000000000	21.8583643454649
0.805200000000000	16.8966516087067
0.805300000000000	13.7675549925299
0.805400000000000	14.6828278805857
0.805500000000000	15.9870352302580
0.805600000000000	22.3059378021197
0.805700000000000	18.0387671916709
0.805800000000000	23.9768385840187
0.805900000000000	20.1977054713168
0.806000000000000	12.0101923835838
0.806100000000000	3.13065266443841
0.806200000000000	-9.69154786627841
0.806300000000000	-9.10933771565581
0.806400000000000	-13.8660944318754
0.806500000000000	-14.2095484922995
0.806600000000000	-6.60697728229826
0.806700000000000	-0.552419531214920
0.806800000000000	9.58363427998022
0.806900000000000	7.50782998440356
0.807000000000000	3.02718589534991
0.807100000000000	1.63346663210534
0.807200000000000	-0.534499759433313
0.807300000000000	-3.76052886044041
0.807400000000000	-2.93248018839408
0.807500000000000	3.30011343462593
0.807600000000000	3.24650884086382
0.807700000000000	10.4319233451933
0.807800000000000	16.5033549587121
0.807900000000000	31.2430056011584
0.808000000000000	36.1584713927474
0.808100000000000	37.2608774740110
0.808200000000000	37.4147501785173
0.808300000000000	32.4597163701791
0.808400000000000	31.4711131173488
0.808500000000000	32.6825935808696
0.808600000000000	25.9137051628569
0.808700000000000	29.5222647437472
0.808800000000000	31.1586010903219
0.808900000000000	34.5397103356152
0.809000000000000	45.2188841354008
0.809100000000000	34.3772702497171
0.809200000000000	36.2657936560454
0.809300000000000	36.8087431473461
0.809400000000000	23.7827399496143
0.809500000000000	17.4627142259979
0.809600000000000	6.56533021086133
0.809700000000000	7.21504969207698
0.809800000000000	3.44321101864180
0.809900000000000	-0.0654474026423948
0.810000000000000	3.61177612375511
0.810100000000000	5.55474987433171
0.810200000000000	11.1861602101976
0.810300000000000	0.519392790006556
0.810400000000000	6.98292005920804
0.810500000000000	-6.87948458836337
0.810600000000000	-14.5175637585809
0.810700000000000	-13.5632996404041
0.810800000000000	-10.4913463895047
0.810900000000000	-7.56622410936599
0.811000000000000	-3.33529979402873
0.811100000000000	-4.75543988032938
0.811200000000000	10.5605041312138
0.811300000000000	12.4542619043185
0.811400000000000	10.1232660426342
0.811500000000000	22.5380283294004
0.811600000000000	13.8684548885872
0.811700000000000	10.7473525285861
0.811800000000000	7.31212608134404
0.811900000000000	11.8923248269032
0.812000000000000	20.2221387424113
0.812100000000000	17.3915915721456
0.812200000000000	35.3888072698082
0.812300000000000	35.2734286267568
0.812400000000000	41.9010378489620
0.812500000000000	46.4785513489099
0.812600000000000	48.5903799433400
0.812700000000000	36.2976024681400
0.812800000000000	38.5348611107773
0.812900000000000	28.1215571072671
0.813000000000000	17.4780136712715
0.813100000000000	15.2821177331767
0.813200000000000	18.4938504041231
0.813300000000000	21.6406988005246
0.813400000000000	32.5040948120658
0.813500000000000	23.0689454690711
0.813600000000000	35.9493815286580
0.813700000000000	13.1351951672415
0.813800000000000	13.6802986132894
0.813900000000000	4.71185708323577
0.814000000000000	-1.34024497134429
0.814100000000000	-6.68559999668328
0.814200000000000	-13.3597270755311
0.814300000000000	-8.20640963469405
0.814400000000000	-11.2589561261245
0.814500000000000	-3.68918870426825
0.814600000000000	8.01809921483064
0.814700000000000	8.32497486529389
0.814800000000000	1.52018656453028
0.814900000000000	6.69300271905984
0.815000000000000	-2.80541190816130
0.815100000000000	-5.64959384966160
0.815200000000000	-5.63867087777560
0.815300000000000	-4.69145405152898
0.815400000000000	7.40473291758970
0.815500000000000	8.18119619693702
0.815600000000000	17.2522610767828
0.815700000000000	23.8601149721082
0.815800000000000	25.7208668661493
0.815900000000000	33.6679032997480
0.816000000000000	33.2647912869861
0.816100000000000	30.2655928004139
0.816200000000000	27.1293404405512
0.816300000000000	26.2507023370903
0.816400000000000	20.9806008341493
0.816500000000000	28.2679858400955
0.816600000000000	33.5069469435146
0.816700000000000	35.8438111869542
0.816800000000000	41.5876899138220
0.816900000000000	40.7668903092886
0.817000000000000	42.6605819501129
0.817100000000000	35.0348541009738
0.817200000000000	34.5680605037378
0.817300000000000	21.7989818037307
0.817400000000000	12.4152190329040
0.817500000000000	6.72727454274158
0.817600000000000	-0.678496069896170
0.817700000000000	9.76647965724439
0.817800000000000	9.16266947134021
0.817900000000000	14.5463959732571
0.818000000000000	9.28173515920032
0.818100000000000	13.9398728611297
0.818200000000000	4.06315720344887
0.818300000000000	0.475143927776145
0.818400000000000	-10.2382192988532
0.818500000000000	-13.2848792978892
0.818600000000000	-11.3443193938711
0.818700000000000	-13.3936420340189
0.818800000000000	-7.82368779367655
0.818900000000000	1.74946087313950
0.819000000000000	3.13324583036615
0.819100000000000	11.1650267050585
0.819200000000000	15.6231941910668
0.819300000000000	15.6212653980131
0.819400000000000	11.8224171919435
0.819500000000000	15.6296223911505
0.819600000000000	1.69981630486456
0.819700000000000	4.18815046028496
0.819800000000000	12.0203113511038
0.819900000000000	16.5717623638974
0.820000000000000	27.8432779835920
0.820100000000000	29.8060149666823
0.820200000000000	40.1203752934274
0.820300000000000	44.9821895347796
0.820400000000000	37.9523624311204
0.820500000000000	36.1397620325898
0.820600000000000	25.5890730840221
0.820700000000000	24.5469659395877
0.820800000000000	25.2667985897712
0.820900000000000	28.1589052884215
0.821000000000000	30.2328693462070
0.821100000000000	30.5872911149341
0.821200000000000	31.0508872675295
0.821300000000000	29.6502387381412
0.821400000000000	34.8189497655023
0.821500000000000	28.3386210481186
0.821600000000000	17.6315945050518
0.821700000000000	9.85503260529981
0.821800000000000	2.87152220489079
0.821900000000000	-5.36988116558905
0.822000000000000	-7.41186520137195
0.822100000000000	-5.26233617467383
0.822200000000000	-3.05114272061700
0.822300000000000	6.85425835140419
0.822400000000000	5.87813709660972
0.822500000000000	7.36139076087512
0.822600000000000	10.0921091204622
0.822700000000000	-2.22857532005776
0.822800000000000	-7.02741123792989
0.822900000000000	-14.2699626119314
0.823000000000000	-10.0642553818515
0.823100000000000	-11.0848176407933
0.823200000000000	-6.56116073716297
0.823300000000000	5.58763234115586
0.823400000000000	7.54298122756367
0.823500000000000	11.0111667026935
0.823600000000000	29.2153804215570
0.823700000000000	29.7734826275920
0.823800000000000	26.6116910590991
0.823900000000000	16.1008524811565
0.824000000000000	18.2312775844020
0.824100000000000	26.0357925386910
0.824200000000000	23.3177174560607
0.824300000000000	23.0318731680294
0.824400000000000	29.8610992273235
0.824500000000000	36.9691990546115
0.824600000000000	42.0365995335517
0.824700000000000	41.7831591910711
0.824800000000000	49.5055329645795
0.824900000000000	41.3332555099720
0.825000000000000	32.5370218166639
0.825100000000000	28.9893864697976
0.825200000000000	15.4155137204109
0.825300000000000	15.3849310513833
0.825400000000000	15.2020945121828
0.825500000000000	12.9393900688351
0.825600000000000	21.2391950289100
0.825700000000000	19.9948342594664
0.825800000000000	23.8333728383411
0.825900000000000	18.2433084188500
0.826000000000000	7.82753794212632
0.826100000000000	6.34396573509473
0.826200000000000	-2.04990854595572
0.826300000000000	-8.38347349653397
0.826400000000000	-10.7679232963463
0.826500000000000	-13.5157913831067
0.826600000000000	-12.8140142002730
0.826700000000000	-0.439987980354649
0.826800000000000	5.61055552794384
0.826900000000000	9.63648385243202
0.827000000000000	4.15749899774077
0.827100000000000	4.17670931208742
0.827200000000000	5.63894214762340
0.827300000000000	2.56344744113464
0.827400000000000	1.80090320178715
0.827500000000000	-1.93208758757302
0.827600000000000	8.38043895986731
0.827700000000000	14.4681869153935
0.827800000000000	24.1042367787826
0.827900000000000	21.9507551356983
0.828000000000000	32.5163397079770
0.828100000000000	42.6543315148200
0.828200000000000	40.4320387654902
0.828300000000000	28.3229349296452
0.828400000000000	27.2058805616159
0.828500000000000	18.7920084475286
0.828600000000000	25.6803748409654
0.828700000000000	26.0940617796618
0.828800000000000	27.8076426580756
0.828900000000000	31.6088324184829
0.829000000000000	35.2983656692676
0.829100000000000	33.6931433609668
0.829200000000000	32.7685391356249
0.829300000000000	33.4734420458518
0.829400000000000	24.9378541173707
0.829500000000000	19.2708106836459
0.829600000000000	9.89204657901776
0.829700000000000	2.74506005827437
0.829800000000000	0.186724611567596
0.829900000000000	-2.23365881459104
0.830000000000000	2.65890761924952
0.830100000000000	6.81365056787771
0.830200000000000	7.48576108510070
0.830300000000000	1.66872988628074
0.830400000000000	0.965214212980040
0.830500000000000	-5.41894264971095
0.830600000000000	-6.80554313651964
0.830700000000000	-12.6284190564678
0.830800000000000	-15.8161425702001
0.830900000000000	-15.5782522542410
0.831000000000000	-10.4306944100920
0.831100000000000	-7.24152267591137
0.831200000000000	11.7917175464550
0.831300000000000	10.6507728829412
0.831400000000000	9.64801435287055
0.831500000000000	17.1967761083533
0.831600000000000	18.8334151999203
0.831700000000000	11.9237817570381
0.831800000000000	12.1751784177314
0.831900000000000	13.7522129104883
0.832000000000000	16.9038795855501
0.832100000000000	25.9978427692269
0.832200000000000	24.9530625963138
0.832300000000000	40.7749339185096
0.832400000000000	46.7331147099303
0.832500000000000	46.0386029147757
0.832600000000000	40.0721646483783
0.832700000000000	34.8152215181788
0.832800000000000	31.1494456471949
0.832900000000000	25.3860815884666
0.833000000000000	23.3247801985925
0.833100000000000	23.5397890038508
0.833200000000000	24.3381342394777
0.833300000000000	26.8867264238256
0.833400000000000	26.0958846295964
0.833500000000000	26.9195390130252
0.833600000000000	26.3826052221133
0.833700000000000	22.7557963672396
0.833800000000000	11.0582122759297
0.833900000000000	8.04954864656064
0.834000000000000	-2.04238561188917
0.834100000000000	-13.1314140461909
0.834200000000000	-11.8926877687192
0.834300000000000	-8.83470976244202
0.834400000000000	-4.26135052613856
0.834500000000000	0.811309040551308
0.834600000000000	3.90872581935385
0.834700000000000	7.21028207357872
0.834800000000000	4.98615372675893
0.834900000000000	0.245061324355277
0.835000000000000	1.12245906408318
0.835100000000000	-5.30680399162114
0.835200000000000	-6.86168496911890
0.835300000000000	-8.32550220784364
0.835400000000000	3.06854016512617
0.835500000000000	5.70740007201463
0.835600000000000	19.3770667815684
0.835700000000000	20.2638829686963
0.835800000000000	30.4012700389593
0.835900000000000	30.6411006559548
0.836000000000000	30.9079053023525
0.836100000000000	24.1143008102353
0.836200000000000	23.7167369338617
0.836300000000000	26.6442543852657
0.836400000000000	31.2993182704961
0.836500000000000	29.1367983636818
0.836600000000000	25.8969640880056
0.836700000000000	35.5961520662367
0.836800000000000	42.5457038658902
0.836900000000000	40.5774381974535
0.837000000000000	47.4150340980596
0.837100000000000	35.6103990295714
0.837200000000000	32.5765574364758
0.837300000000000	21.5526248156683
0.837400000000000	14.1499844117395
0.837500000000000	15.4040880126649
0.837600000000000	4.38175275580498
0.837700000000000	7.64193643694207
0.837800000000000	6.50145635396196
0.837900000000000	14.2369674598872
0.838000000000000	14.8178896134407
0.838100000000000	12.6212452163737
0.838200000000000	9.22537193424678
0.838300000000000	-4.87273755953593
0.838400000000000	-2.96942722058982
0.838500000000000	-18.3648460431933
0.838600000000000	-12.8782095356881
0.838700000000000	-19.2889379124191
0.838800000000000	-6.13531091593274
0.838900000000000	-1.60518165324948
0.839000000000000	7.89083128269454
0.839100000000000	11.2728228813564
0.839200000000000	15.7966527188174
0.839300000000000	9.82858582597125
0.839400000000000	4.80881641007240
0.839500000000000	1.14774737773125
0.839600000000000	12.6811342482307
0.839700000000000	11.0169376798840
0.839800000000000	13.9391049983900
0.839900000000000	19.8195777295834
0.840000000000000	23.0086908651979
0.840100000000000	34.1314845522629
0.840200000000000	38.4415378403562
0.840300000000000	43.1905644359290
0.840400000000000	39.0559259996676
0.840500000000000	45.0540374257024
0.840600000000000	28.3747750367341
0.840700000000000	30.2043373794680
0.840800000000000	26.9593558133998
0.840900000000000	23.6132346000628
0.841000000000000	36.0929613021914
0.841100000000000	28.2093059725374
0.841200000000000	32.0963460211802
0.841300000000000	40.5072389199271
0.841400000000000	37.1502580925667
0.841500000000000	22.1324490773565
0.841600000000000	22.9593608633886
0.841700000000000	12.3118983169819
0.841800000000000	4.90587479750822
0.841900000000000	-4.13948590287794
0.842000000000000	-9.00037643915847
0.842100000000000	-8.54834209433096
0.842200000000000	-5.16430901442073
0.842300000000000	0.0883165479674428
0.842400000000000	0.823526923633111
0.842500000000000	8.19887107778829
0.842600000000000	3.75888199833320
0.842700000000000	-0.322921714834235
0.842800000000000	-9.61007807136613
0.842900000000000	-7.25515808899408
0.843000000000000	-18.9117958657423
0.843100000000000	-11.1546722234706
0.843200000000000	-2.16002877166711
0.843300000000000	9.66191902192180
0.843400000000000	10.1327315074472
0.843500000000000	21.3310149770410
0.843600000000000	30.4959054281788
0.843700000000000	23.2842373225934
0.843800000000000	22.2934023151098
0.843900000000000	29.5798639610832
0.844000000000000	20.4320781612938
0.844100000000000	22.9876956283732
0.844200000000000	22.1256585459555
0.844300000000000	27.8145245443767
0.844400000000000	33.5136953298678
0.844500000000000	39.0307673706207
0.844600000000000	33.5889982680701
0.844700000000000	42.6915269415518
0.844800000000000	41.4598322638357
0.844900000000000	35.4920564929823
0.845000000000000	29.2061233737511
0.845100000000000	23.0840954395579
0.845200000000000	15.1702982941365
0.845300000000000	15.7946088185139
0.845400000000000	12.5056777860620
0.845500000000000	14.0332556096069
0.845600000000000	13.4770355758986
0.845700000000000	22.8108080507849
0.845800000000000	13.4458750385898
0.845900000000000	18.2727010489420
0.846000000000000	9.66987488724347
0.846100000000000	4.17141243577496
0.846200000000000	-7.23056623368402
0.846300000000000	-8.96691148746326
0.846400000000000	-10.1524795406663
0.846500000000000	-11.4630777309359
0.846600000000000	-7.85371049469869
0.846700000000000	-2.92293618613015
0.846800000000000	1.81880106331786
0.846900000000000	6.44094729978613
0.847000000000000	6.05368793205661
0.847100000000000	0.588074522787267
0.847200000000000	6.81750854958919
0.847300000000000	-1.23376388170923
0.847400000000000	-0.639764472095152
0.847500000000000	0.721906907942882
0.847600000000000	7.88368197933266
0.847700000000000	17.7647348088913
0.847800000000000	14.4330795243485
0.847900000000000	30.0688716878417
0.848000000000000	33.5870575423965
0.848100000000000	33.1669056798318
0.848200000000000	35.8111263732035
0.848300000000000	33.4917917522894
0.848400000000000	37.1478077827566
0.848500000000000	22.1953928719437
0.848600000000000	31.5910482485819
0.848700000000000	26.6811312689314
0.848800000000000	32.4290797936598
0.848900000000000	32.5807114363650
0.849000000000000	34.1034608064322
0.849100000000000	40.8523814639388
0.849200000000000	39.4704246394454
0.849300000000000	34.9004841403729
0.849400000000000	23.8475638428963
0.849500000000000	19.4360588291700
0.849600000000000	8.18409757715621
0.849700000000000	7.74542140261030
0.849800000000000	1.78034277393672
0.849900000000000	1.07734492152598
0.850000000000000	-1.16165587140690
0.850100000000000	14.0354093034367
0.850200000000000	10.3858895711568
0.850300000000000	5.84228739628678
0.850400000000000	4.33417060467132
0.850500000000000	-2.59562823604086
0.850600000000000	-9.29373168559411
0.850700000000000	-14.4081873345338
0.850800000000000	-18.5972698558983
0.850900000000000	-7.81034190020347
0.851000000000000	-4.69391851652160
0.851100000000000	-1.17476152579238
0.851200000000000	5.67106593993264
0.851300000000000	16.4023806262538
0.851400000000000	11.3857053697679
0.851500000000000	9.43266792658605
0.851600000000000	14.6860132701733
0.851700000000000	12.2236153764972
0.851800000000000	18.0625933523510
0.851900000000000	11.1587198986004
0.852000000000000	11.3342720826521
0.852100000000000	17.3707463665452
0.852200000000000	27.6622265860900
0.852300000000000	38.4615301896059
0.852400000000000	33.4831780540046
0.852500000000000	42.3928016137185
0.852600000000000	40.6075919843249
0.852700000000000	42.7103077732005
0.852800000000000	39.7854049248885
0.852900000000000	29.0312427182785
0.853000000000000	25.1464381761620
0.853100000000000	18.6716523872602
0.853200000000000	17.8277988200092
0.853300000000000	22.9231080817644
0.853400000000000	28.0423418491961
0.853500000000000	33.8832743255262
0.853600000000000	26.4775943061597
0.853700000000000	18.2996142714426
0.853800000000000	11.5212762331642
0.853900000000000	2.92407307833692
0.854000000000000	0.729038818521932
0.854100000000000	-5.90577059505242
0.854200000000000	-9.38851905072921
0.854300000000000	-7.78035323763041
0.854400000000000	-6.43254398241147
0.854500000000000	-3.43582439883911
0.854600000000000	3.66363366208270
0.854700000000000	6.38457736065857
0.854800000000000	1.08364439173037
0.854900000000000	-5.43718655374350
0.855000000000000	-3.74524364762883
0.855100000000000	-8.55781016372339
0.855200000000000	-9.05974509868591
0.855300000000000	-1.46693520166836
0.855400000000000	-2.10311472159511
0.855500000000000	7.29229562471435
0.855600000000000	25.1438852194974
0.855700000000000	23.8970837386703
0.855800000000000	26.2688255578445
0.855900000000000	32.6709818397984
0.856000000000000	27.0059311647467
0.856100000000000	26.6890595897590
0.856200000000000	24.3276250538550
0.856300000000000	24.0441773396820
0.856400000000000	27.9213283830376
0.856500000000000	27.2033670888411
0.856600000000000	30.6504289035811
0.856700000000000	37.2092083411614
0.856800000000000	36.9283272355880
0.856900000000000	43.8024456580450
0.857000000000000	38.9837023746836
0.857100000000000	37.7321755168668
0.857200000000000	27.9487681049238
0.857300000000000	18.3436265901517
0.857400000000000	8.86123061184923
0.857500000000000	10.2038736228617
0.857600000000000	9.41799648384685
0.857700000000000	6.88968742283289
0.857800000000000	6.56297381234954
0.857900000000000	9.17223476516015
0.858000000000000	16.4658278108340
0.858100000000000	8.67304145052583
0.858200000000000	7.13989532152480
0.858300000000000	-0.285935675323723
0.858400000000000	-3.77373538452311
0.858500000000000	-13.8798857180185
0.858600000000000	-14.4412210229627
0.858700000000000	-7.93094355479599
0.858800000000000	-6.85099615841235
0.858900000000000	3.95456547923492
0.859000000000000	4.32952671495642
0.859100000000000	11.0663709442670
0.859200000000000	15.3076887040530
0.859300000000000	15.1848473307767
0.859400000000000	7.44419658862892
0.859500000000000	1.55127262999380
0.859600000000000	8.49519695872223
0.859700000000000	4.82680581100392
0.859800000000000	18.0222851747542
0.859900000000000	19.3814350967952
0.860000000000000	27.7485832545824
0.860100000000000	35.5060936963203
0.860200000000000	42.6935671906407
0.860300000000000	40.8855141839893
0.860400000000000	41.0221213887526
0.860500000000000	38.5064986245564
0.860600000000000	36.2273911190895
0.860700000000000	29.6686071018309
0.860800000000000	23.3121148128503
0.860900000000000	27.2749710343390
0.861000000000000	26.7980138416548
0.861100000000000	25.8320359444640
0.861200000000000	32.1095674675170
0.861300000000000	29.7757467105330
0.861400000000000	29.5310351621888
0.861500000000000	29.1162093264552
0.861600000000000	13.9619577545128
0.861700000000000	7.00731329520790
0.861800000000000	8.00123974734014
0.861900000000000	-0.953822005961719
0.862000000000000	-3.03874388305578
0.862100000000000	-1.41044933535524
0.862200000000000	1.93297590109196
0.862300000000000	2.47125428463162
0.862400000000000	6.99977211845682
0.862500000000000	2.71969025751653
0.862600000000000	2.43167778231785
0.862700000000000	-1.50666933223682
0.862800000000000	-7.35446357511600
0.862900000000000	-10.8442284869211
0.863000000000000	-9.47581190008352
0.863100000000000	-10.1040205485990
0.863200000000000	-4.05444845465333
0.863300000000000	1.49162499624495
0.863400000000000	11.1546460187084
0.863500000000000	21.3813757000538
0.863600000000000	18.0436752789776
0.863700000000000	29.9683672214255
0.863800000000000	26.8879429054739
0.863900000000000	27.3275080773621
0.864000000000000	23.7871748580251
0.864100000000000	15.5050998265530
0.864200000000000	20.4873404550751
0.864300000000000	23.4581241556719
0.864400000000000	26.2999661614736
0.864500000000000	42.2114564509631
0.864600000000000	41.0788736020949
0.864700000000000	43.7135540585778
0.864800000000000	46.2181745315669
0.864900000000000	38.4232736471192
0.865000000000000	31.8284689661949
0.865100000000000	26.5246008167316
0.865200000000000	21.1359938465433
0.865300000000000	17.9732720202886
0.865400000000000	16.3725322089830
0.865500000000000	18.4974109110503
0.865600000000000	16.8952679553161
0.865700000000000	14.2497666521827
0.865800000000000	25.6292092514751
0.865900000000000	14.2763220125906
0.866000000000000	15.2414863082120
0.866100000000000	7.61061844954360
0.866200000000000	-1.94094077626262
0.866300000000000	-8.44384695125606
0.866400000000000	-12.7540472565255
0.866500000000000	-13.2505704966995
0.866600000000000	-10.3269143870102
0.866700000000000	-5.50993078842934
0.866800000000000	0.164164469363673
0.866900000000000	11.4074758952289
0.867000000000000	1.08436192540926
0.867100000000000	5.98306409728088
0.867200000000000	2.74141375065578
0.867300000000000	4.05224208003730
0.867400000000000	0.562739690618921
0.867500000000000	-2.06954106228507
0.867600000000000	9.45233049886881
0.867700000000000	17.4477076605180
0.867800000000000	21.7672910977771
0.867900000000000	29.3112186557599
0.868000000000000	36.1817495675226
0.868100000000000	36.4762285264106
0.868200000000000	41.9194303266048
0.868300000000000	28.6855833231438
0.868400000000000	35.1291590132809
0.868500000000000	24.4254076487579
0.868600000000000	22.6129191529325
0.868700000000000	26.5946870125123
0.868800000000000	30.2916567826314
0.868900000000000	35.1988126833760
0.869000000000000	39.1368821749878
0.869100000000000	34.6399623030536
0.869200000000000	39.6174963090433
0.869300000000000	34.7271580998345
0.869400000000000	27.3869473100149
0.869500000000000	17.2261634885192
0.869600000000000	9.80992568202913
0.869700000000000	0.631753200373883
0.869800000000000	0.775771616979757
0.869900000000000	3.80865605893477
0.870000000000000	-1.01372722621124
0.870100000000000	5.31892247868063
0.870200000000000	4.03377544749892
0.870300000000000	11.7955130116501
0.870400000000000	5.70770404163415
0.870500000000000	3.06501981945556
0.870600000000000	-8.13023578134555
0.870700000000000	-9.99891333445410
0.870800000000000	-12.0397806646774
0.870900000000000	-9.41233931191550
0.871000000000000	-7.23992951548552
0.871100000000000	0.640567993715726
0.871200000000000	1.50166029117129
0.871300000000000	17.2277469804687
0.871400000000000	16.0780114185207
0.871500000000000	16.8824720785076
0.871600000000000	12.6900854600590
0.871700000000000	15.9331280263671
0.871800000000000	13.9111084464171
0.871900000000000	14.6869666746616
0.872000000000000	18.2654867609393
0.872100000000000	20.6624982787228
0.872200000000000	32.1483326226183
0.872300000000000	34.6159698434986
0.872400000000000	37.9221659996943
0.872500000000000	43.1608486381398
0.872600000000000	41.4188416736317
0.872700000000000	40.0789117530141
0.872800000000000	34.9459094957097
0.872900000000000	23.7918358355465
0.873000000000000	23.4583887780043
0.873100000000000	18.5552256465746
0.873200000000000	23.3573303455457
0.873300000000000	20.4179571584106
0.873400000000000	25.1823308846759
0.873500000000000	25.4058532505029
0.873600000000000	25.2296012012895
0.873700000000000	23.6321551033918
0.873800000000000	12.8228906036097
0.873900000000000	2.45029937959110
0.874000000000000	-4.37412329002267
0.874100000000000	-11.6611618067617
0.874200000000000	-8.87297400069318
0.874300000000000	-9.24366674779928
0.874400000000000	-4.27376959527112
0.874500000000000	-4.40583487699248
0.874600000000000	3.50287861666497
0.874700000000000	3.12019610674207
0.874800000000000	6.83700475869337
0.874900000000000	4.26619299187743
0.875000000000000	-0.709980204131929
0.875100000000000	1.21262695583085
0.875200000000000	-9.86485843397295
0.875300000000000	-5.75225329662685
0.875400000000000	-0.269278215540364
0.875500000000000	7.77098562019026
0.875600000000000	18.2210195880633
0.875700000000000	28.4922032931117
0.875800000000000	27.7310013998216
0.875900000000000	33.0738465187926
0.876000000000000	25.7415970183493
0.876100000000000	24.2215680751514
0.876200000000000	26.5076404089776
0.876300000000000	23.6445899732041
0.876400000000000	21.5979865391463
0.876500000000000	21.1509398953122
0.876600000000000	29.6025086923756
0.876700000000000	39.7643125748128
0.876800000000000	42.0000738102514
0.876900000000000	40.2861479345021
0.877000000000000	41.4189412440777
0.877100000000000	40.1429568468505
0.877200000000000	31.5847045504072
0.877300000000000	14.0154756989161
0.877400000000000	14.7594355614355
0.877500000000000	11.6796941840595
0.877600000000000	6.85623290217154
0.877700000000000	4.64302358857242
0.877800000000000	11.1833305562810
0.877900000000000	14.3970320395844
0.878000000000000	12.1429009901435
0.878100000000000	10.5883754451416
0.878200000000000	6.75397824255528
0.878300000000000	1.49956216924149
0.878400000000000	-5.77648198951128
0.878500000000000	-10.4185729199007
0.878600000000000	-15.9666781411531
0.878700000000000	-16.7417315075444
0.878800000000000	-7.08892705766775
0.878900000000000	-1.05416285795252
0.879000000000000	0.880033689991487
0.879100000000000	10.8546139563282
0.879200000000000	14.3982330189103
0.879300000000000	10.5679837010874
0.879400000000000	15.1295879747238
0.879500000000000	8.55263977142413
0.879600000000000	1.93628843506576
0.879700000000000	7.97764796221256
0.879800000000000	14.3235584154049
0.879900000000000	14.9091989047771
0.880000000000000	24.5480300026581
0.880100000000000	37.6723668490405
0.880200000000000	41.9586192230109
0.880300000000000	41.6319131657723
0.880400000000000	40.4533529322156
0.880500000000000	39.5129743857380
0.880600000000000	34.4159843606107
0.880700000000000	28.7963375877606
0.880800000000000	22.1804403709104
0.880900000000000	23.9231370609795
0.881000000000000	27.0672390614149
0.881100000000000	33.4546085745242
0.881200000000000	36.4490626121518
0.881300000000000	33.3388845110337
0.881400000000000	31.5905023668752
0.881500000000000	26.7665193593270
0.881600000000000	26.3986314192024
0.881700000000000	14.9982966938235
0.881800000000000	9.00011782224800
0.881900000000000	-2.37297456753371
0.882000000000000	-3.24951177127158
0.882100000000000	-10.5044373439374
0.882200000000000	-6.26092818839108
0.882300000000000	2.10878465700088
0.882400000000000	1.82497324206143
0.882500000000000	0.717859857360441
0.882600000000000	3.22501045814029
0.882700000000000	3.11007694337069
0.882800000000000	-6.90604810545541
0.882900000000000	-10.2940001094839
0.883000000000000	-4.24027620634996
0.883100000000000	-4.50581009310481
0.883200000000000	-7.43509228859083
0.883300000000000	2.61537698693089
0.883400000000000	4.03962302103918
0.883500000000000	20.3956109210944
0.883600000000000	24.3684280321879
0.883700000000000	27.3936162456814
0.883800000000000	29.6543277084108
0.883900000000000	24.6374937494835
0.884000000000000	15.6599015235457
0.884100000000000	13.7974773456065
0.884200000000000	20.8967340964972
0.884300000000000	22.5064032907425
0.884400000000000	27.6944360828189
0.884500000000000	30.2211895803069
0.884600000000000	40.2990219167587
0.884700000000000	47.7492647526072
0.884800000000000	41.7556940789129
0.884900000000000	39.1494852019148
0.885000000000000	30.2107664375649
0.885100000000000	25.4637632637706
0.885200000000000	18.0804513733236
0.885300000000000	18.6932236370700
0.885400000000000	10.6461054003096
0.885500000000000	16.8438252468945
0.885600000000000	18.8028493663234
0.885700000000000	14.7195430471324
0.885800000000000	20.9685791938500
0.885900000000000	13.3564208202194
0.886000000000000	6.31417488168578
0.886100000000000	2.46433141611312
0.886200000000000	-1.40444646883708
0.886300000000000	-9.55944657298216
0.886400000000000	-9.20779519599383
0.886500000000000	-14.4376421189349
0.886600000000000	-9.09637604772428
0.886700000000000	-1.71251325783070
0.886800000000000	5.25377181387155
0.886900000000000	4.46172633983162
0.887000000000000	6.81397626401112
0.887100000000000	6.62363230548117
0.887200000000000	3.78642634986938
0.887300000000000	1.81566723125180
0.887400000000000	0.463595920780506
0.887500000000000	-0.786859342773465
0.887600000000000	5.59909900633020
0.887700000000000	15.0314845770233
0.887800000000000	17.2460459327396
0.887900000000000	27.7403947864873
0.888000000000000	28.0642906763177
0.888100000000000	42.4669633158822
0.888200000000000	41.0018686420014
0.888300000000000	32.9846747075451
0.888400000000000	28.5784573617555
0.888500000000000	33.1885751295686
0.888600000000000	25.2632803824214
0.888700000000000	20.6171633053086
0.888800000000000	32.9589961965388
0.888900000000000	34.9889477134803
0.889000000000000	41.5629427652152
0.889100000000000	43.6139793202785
0.889200000000000	30.4812882432199
0.889300000000000	32.0692584431218
0.889400000000000	32.7008044866714
0.889500000000000	16.4163259899604
0.889600000000000	6.56539107005942
0.889700000000000	2.96541781938527
0.889800000000000	4.50997814414696
0.889900000000000	0.863065908145126
0.890000000000000	8.85734670295995
0.890100000000000	4.47627673959918
0.890200000000000	4.67519412479238
0.890300000000000	5.75406577941303
0.890400000000000	2.78027702699656
0.890500000000000	-0.400571680069389
0.890600000000000	-1.18459798883661
0.890700000000000	-16.4955226111463
0.890800000000000	-20.3384952781154
0.890900000000000	-15.6518713254890
0.891000000000000	-13.4085974635429
0.891100000000000	-0.311612772490925
0.891200000000000	6.84003965200227
0.891300000000000	11.0554679354794
0.891400000000000	19.9615674706665
0.891500000000000	14.8182009220225
0.891600000000000	17.1328334029282
0.891700000000000	16.1247316505174
0.891800000000000	12.4374658625094
0.891900000000000	13.2597802755331
0.892000000000000	14.4273630627179
0.892100000000000	19.6147761686175
0.892200000000000	28.0694671753559
0.892300000000000	36.5576841092697
0.892400000000000	40.5508237312759
0.892500000000000	45.2283187440051
0.892600000000000	46.6273974416806
0.892700000000000	32.6554701777533
0.892800000000000	31.7176219956307
0.892900000000000	27.0851142996570
0.893000000000000	21.7212858883746
0.893100000000000	25.6303566174459
0.893200000000000	23.1849705266250
0.893300000000000	24.7022338580386
0.893400000000000	28.2355598379168
0.893500000000000	24.3310282203907
0.893600000000000	28.6507418866892
0.893700000000000	21.2843096755412
0.893800000000000	8.91817728404624
0.893900000000000	-0.326288344524720
0.894000000000000	0.544516389224517
0.894100000000000	-10.0308072815438
0.894200000000000	-10.8728439597491
0.894300000000000	-11.0862943391587
0.894400000000000	-9.69708949136991
0.894500000000000	-3.16577999733990
0.894600000000000	4.31095858359145
0.894700000000000	-1.62370260355427
0.894800000000000	6.16975616738311
0.894900000000000	-0.439235914723740
0.895000000000000	1.20790031584014
0.895100000000000	-5.58181418478369
0.895200000000000	-7.55966057985467
0.895300000000000	-8.57023881946098
0.895400000000000	-3.97779176668457
0.895500000000000	10.9500269449323
0.895600000000000	13.0132959013446
0.895700000000000	27.7995297544008
0.895800000000000	33.6816452833179
0.895900000000000	33.1315829876234
0.896000000000000	33.6768852820877
0.896100000000000	27.8417999223073
0.896200000000000	23.8785477082848
0.896300000000000	27.2277812839529
0.896400000000000	14.8191285635431
0.896500000000000	24.6982352757593
0.896600000000000	30.2879610632986
0.896700000000000	34.2896491776001
0.896800000000000	45.8136121473867
0.896900000000000	43.2951267227183
0.897000000000000	43.5057697842422
0.897100000000000	35.2191206472340
0.897200000000000	30.0523690802882
0.897300000000000	12.9483688548512
0.897400000000000	17.3608803314655
0.897500000000000	11.0543014774658
0.897600000000000	4.92691476479761
0.897700000000000	11.4699402003404
0.897800000000000	14.3540473465524
0.897900000000000	9.61761615736549
0.898000000000000	16.2719993852024
0.898100000000000	12.8059535814638
0.898200000000000	5.06128785135334
0.898300000000000	-0.536351673037109
0.898400000000000	-1.57913674593436
0.898500000000000	-13.5820054039705
0.898600000000000	-17.6863655745791
0.898700000000000	-12.2069558368168
0.898800000000000	-6.14125806503711
0.898900000000000	-2.86347765234623
0.899000000000000	3.59559895840190
0.899100000000000	13.2417512896584
0.899200000000000	17.9898839017060
0.899300000000000	11.8666311126644
0.899400000000000	12.6621313676127
0.899500000000000	1.53365922609537
0.899600000000000	3.55241227403979
0.899700000000000	4.50698274912781
0.899800000000000	6.19857174997370
0.899900000000000	17.5462625196131
0.900000000000000	23.1585144713457
0.900100000000000	30.6874600825832
0.900200000000000	43.4972548162531
0.900300000000000	42.9738576509702
0.900400000000000	45.3305373125005
0.900500000000000	38.7340152780997
0.900600000000000	38.2076731790045
0.900700000000000	29.1874711876745
0.900800000000000	26.0861998623742
0.900900000000000	26.5220495807011
0.901000000000000	22.9183421918952
0.901100000000000	25.9799548743752
0.901200000000000	36.1534202872141
0.901300000000000	37.1578923151756
0.901400000000000	30.1492893562441
0.901500000000000	27.3795475194674
0.901600000000000	19.9144456115805
0.901700000000000	12.8236663124482
0.901800000000000	3.77309147058061
0.901900000000000	-7.86741454221957
0.902000000000000	-2.76225831760242
0.902100000000000	-4.64702215543058
0.902200000000000	-1.10176280927579
0.902300000000000	3.22715274950786
0.902400000000000	5.90910078935361
0.902500000000000	5.08736450632231
0.902600000000000	0.691178081082141
0.902700000000000	-1.44071348424124
0.902800000000000	-7.06432300696645
0.902900000000000	-7.44144790935267
0.903000000000000	-4.22707570069406
0.903100000000000	-12.2738782815382
0.903200000000000	-2.10151735203221
0.903300000000000	4.41678347173494
0.903400000000000	12.1913862007558
0.903500000000000	21.6698481771969
0.903600000000000	25.8250781504334
0.903700000000000	26.4958677991514
0.903800000000000	20.9555615148111
0.903900000000000	19.8058190171972
0.904000000000000	23.9358254306903
0.904100000000000	21.0612237336197
0.904200000000000	21.6954365181040
0.904300000000000	28.9076405842136
0.904400000000000	32.5785455423290
0.904500000000000	38.1582915074091
0.904600000000000	42.1821317858714
0.904700000000000	43.7034426773750
0.904800000000000	43.5086821102391
0.904900000000000	34.0232084258069
0.905000000000000	30.7655656193200
0.905100000000000	28.5208075676792
0.905200000000000	17.5756055731861
0.905300000000000	15.2713515666729
0.905400000000000	15.1607594114012
0.905500000000000	23.1319824021027
0.905600000000000	15.5997306358610
0.905700000000000	16.4520239925976
0.905800000000000	22.2557127460351
0.905900000000000	19.2126619618558
0.906000000000000	8.46922886037691
0.906100000000000	-0.744064173929534
0.906200000000000	-6.28811538119921
0.906300000000000	-13.7897416107634
0.906400000000000	-12.4921049006273
0.906500000000000	-12.2515009792419
0.906600000000000	-19.1657417634982
0.906700000000000	-2.34816718449315
0.906800000000000	-0.151385785371202
0.906900000000000	4.49285894455654
0.907000000000000	8.75424420432193
0.907100000000000	4.60732447530453
0.907200000000000	-0.800074367781921
0.907300000000000	-0.358184534297584
0.907400000000000	-3.55654590087367
0.907500000000000	-1.06977309157361
0.907600000000000	-0.149629209786600
0.907700000000000	15.5843307433898
0.907800000000000	20.8864557811119
0.907900000000000	30.2483683752806
0.908000000000000	32.0054578769660
0.908100000000000	37.8620100004205
0.908200000000000	41.5050313880302
0.908300000000000	33.7223120751411
0.908400000000000	33.1185473595081
0.908500000000000	27.7425030505382
0.908600000000000	25.1000147519275
0.908700000000000	25.9424298551766
0.908800000000000	28.6522338891332
0.908900000000000	37.3266698506897
0.909000000000000	39.8845650123777
0.909100000000000	35.5144478615730
0.909200000000000	42.2535797883587
0.909300000000000	32.5887971808872
0.909400000000000	26.8840709572145
0.909500000000000	17.3796030675081
0.909600000000000	11.9152753673078
0.909700000000000	-0.363188079155449
0.909800000000000	0.0265452058086435
0.909900000000000	0.646201760040677
0.910000000000000	9.14203186105393
0.910100000000000	14.8550507907437
0.910200000000000	7.91947570535507
0.910300000000000	9.40091157235769
0.910400000000000	-0.245786195284076
0.910500000000000	-2.00543311992642
0.910600000000000	-10.7961062049918
0.910700000000000	-11.2279951136859
0.910800000000000	-8.21537910613483
0.910900000000000	-12.9564216910647
0.911000000000000	-6.44585281834234
0.911100000000000	2.87548398290370
0.911200000000000	4.63513474083634
0.911300000000000	9.08651564207814
0.911400000000000	17.9665965051011
0.911500000000000	16.2172233301621
0.911600000000000	21.6276951237213
0.911700000000000	19.2514006968647
0.911800000000000	10.6007052245801
0.911900000000000	16.9886618742602
0.912000000000000	11.9001940110903
0.912100000000000	23.1929623025773
0.912200000000000	29.7147289224546
0.912300000000000	36.9128664278891
0.912400000000000	40.7887839359915
0.912500000000000	41.6323439183422
0.912600000000000	42.5444481418899
0.912700000000000	40.5836966946474
0.912800000000000	33.7088447461373
0.912900000000000	29.7153184924584
0.913000000000000	19.8756516827360
0.913100000000000	17.0715630162338
0.913200000000000	21.4094464136660
0.913300000000000	22.1061104716947
0.913400000000000	29.3984839172749
0.913500000000000	23.2427839209712
0.913600000000000	24.8386980811394
0.913700000000000	22.1627519571784
0.913800000000000	12.7626107889415
0.913900000000000	2.80266529883907
0.914000000000000	1.20244311758863
0.914100000000000	-5.22564614507877
0.914200000000000	-5.17955061712133
0.914300000000000	-7.50014678656102
0.914400000000000	-7.57005039952082
0.914500000000000	-1.85376252347996
0.914600000000000	4.36085872869050
0.914700000000000	9.09347244448783
0.914800000000000	4.20052639069888
0.914900000000000	-3.43968935288492
0.915000000000000	-5.41481956085685
0.915100000000000	-3.74067043100263
0.915200000000000	-7.12861351637925
0.915300000000000	-2.28401805743276
0.915400000000000	1.43809853489080
0.915500000000000	3.48621346428092
0.915600000000000	20.7787254500397
0.915700000000000	20.8146031706081
0.915800000000000	29.9932532212018
0.915900000000000	32.8575351128527
0.916000000000000	32.8377701269165
0.916100000000000	33.0964691673783
0.916200000000000	28.4773828364970
0.916300000000000	19.9539802443093
0.916400000000000	20.3905240984202
0.916500000000000	29.7323349995913
0.916600000000000	33.5830710114276
0.916700000000000	37.8162251244492
0.916800000000000	41.5346713702120
0.916900000000000	45.2143160472956
0.917000000000000	39.9516204862720
0.917100000000000	42.9125121296526
0.917200000000000	28.3667412423339
0.917300000000000	20.2243357518249
0.917400000000000	12.2060499344421
0.917500000000000	9.76268844264166
0.917600000000000	8.19855247438636
0.917700000000000	6.19266960172738
0.917800000000000	14.5855846146630
0.917900000000000	11.6627098497621
0.918000000000000	11.2412327439172
0.918100000000000	12.9599147374785
0.918200000000000	4.68466215210835
0.918300000000000	-1.73624546390023
0.918400000000000	-12.4281561046612
0.918500000000000	-15.0803992615113
0.918600000000000	-13.1970539624028
0.918700000000000	-14.3115458666471
0.918800000000000	-9.00212317321140
0.918900000000000	-5.36888881595603
0.919000000000000	-0.793112489857361
0.919100000000000	7.07353461239433
0.919200000000000	10.5521800209091
0.919300000000000	10.6278427182318
0.919400000000000	13.1791691432889
0.919500000000000	6.20283303204383
0.919600000000000	9.82780046231561
0.919700000000000	11.6476801211904
0.919800000000000	11.5623284198604
0.919900000000000	16.3269569907528
0.920000000000000	26.6282130976575
0.920100000000000	32.8221622617926
0.920200000000000	39.1565877635861
0.920300000000000	44.5326931905009
0.920400000000000	43.6092020102761
0.920500000000000	33.1506489363366
0.920600000000000	28.4307145744421
0.920700000000000	31.1586819295528
0.920800000000000	22.7305407359395
0.920900000000000	22.3187199232562
0.921000000000000	31.0714185369793
0.921100000000000	32.2405188717970
0.921200000000000	36.8795368288115
0.921300000000000	32.5518499693157
0.921400000000000	37.4830303933808
0.921500000000000	25.7345158276221
0.921600000000000	19.7838716574944
0.921700000000000	7.92499446534823
0.921800000000000	3.14089494698721
0.921900000000000	-3.86894039504693
0.922000000000000	-3.79220449173574
0.922100000000000	-7.99626845242228
0.922200000000000	-4.89998690755041
0.922300000000000	-0.460049680026756
0.922400000000000	2.74355585530227
0.922500000000000	2.82861340822577
0.922600000000000	1.51070803367801
0.922700000000000	-6.13641978674390
0.922800000000000	-8.92375045585388
0.922900000000000	-16.6922401545421
0.923000000000000	-16.7129210341730
0.923100000000000	-8.20092803962274
0.923200000000000	-7.82065688504683
0.923300000000000	3.09575539181743
0.923400000000000	9.56771732497765
0.923500000000000	21.7146859040608
0.923600000000000	16.4876845982064
0.923700000000000	25.5972864132219
0.923800000000000	29.3815452589699
0.923900000000000	24.7808234618279
0.924000000000000	21.6301357995239
0.924100000000000	17.5091040432123
0.924200000000000	31.4327914463833
0.924300000000000	25.0009843329038
0.924400000000000	34.8925641636201
0.924500000000000	43.5410720191947
0.924600000000000	42.1613568423401
0.924700000000000	44.9792491137956
0.924800000000000	42.0459603497756
0.924900000000000	35.0442994322210
0.925000000000000	33.6341223211879
0.925100000000000	23.8887863939859
0.925200000000000	12.4178348138107
0.925300000000000	15.0867218752580
0.925400000000000	18.3647458003671
0.925500000000000	16.0204858176118
0.925600000000000	20.4840204059339
0.925700000000000	20.0820572384783
0.925800000000000	13.3548021784120
0.925900000000000	14.3733667844652
0.926000000000000	8.99153224382573
0.926100000000000	-2.96864578505275
0.926200000000000	-11.7441450216146
0.926300000000000	-8.86326602370311
0.926400000000000	-12.3165058580886
0.926500000000000	-14.7778045559146
0.926600000000000	-13.5511521429396
0.926700000000000	0.858144167915514
0.926800000000000	5.86054172550635
0.926900000000000	4.55417982029422
0.927000000000000	7.24498044147063
0.927100000000000	7.54429303317146
0.927200000000000	2.26840175463694
0.927300000000000	0.748256615427346
0.927400000000000	5.03231164978107
0.927500000000000	0.815202430575726
0.927600000000000	9.74228560593432
0.927700000000000	16.0817476303319
0.927800000000000	19.4456357367325
0.927900000000000	33.7392855159270
0.928000000000000	33.4419604862336
0.928100000000000	39.1769001342042
0.928200000000000	36.8085869694548
0.928300000000000	32.5194383420709
0.928400000000000	33.1052133275165
0.928500000000000	27.8631295394841
0.928600000000000	24.5691722667864
0.928700000000000	29.1447936295981
0.928800000000000	32.0293903165935
0.928900000000000	36.7511731173756
0.929000000000000	38.0303114818469
0.929100000000000	33.4117198002485
0.929200000000000	38.3716966613457
0.929300000000000	35.6566876377028
0.929400000000000	22.8249718961583
0.929500000000000	13.7595363717223
0.929600000000000	7.93289460705942
0.929700000000000	4.82542128637467
0.929800000000000	2.27662132054493
0.929900000000000	0.755234155967797
0.930000000000000	9.47763760325424
0.930100000000000	3.17456454658031
0.930200000000000	4.22427120339282
0.930300000000000	15.2936145785284
0.930400000000000	4.72625638464240
0.930500000000000	1.37123781054601
0.930600000000000	-10.5509874157456
0.930700000000000	-12.8634448423465
0.930800000000000	-8.54252082920370
0.930900000000000	-12.5138510373087
0.931000000000000	-8.86960111176602
0.931100000000000	0.119379937877032
0.931200000000000	0.442166297767068
0.931300000000000	16.5745887105747
0.931400000000000	15.7005211627932
0.931500000000000	15.2283767301782
0.931600000000000	15.4958726354589
0.931700000000000	13.6859341845140
0.931800000000000	10.8501987588969
0.931900000000000	7.10661000440324
0.932000000000000	14.0977095600959
0.932100000000000	22.1947732486775
0.932200000000000	26.6116118420328
0.932300000000000	35.0163536072599
0.932400000000000	41.0356664646005
0.932500000000000	44.7898075205036
0.932600000000000	43.2064710362665
0.932700000000000	36.7180303348413
0.932800000000000	28.9433230677274
0.932900000000000	22.8559192720065
0.933000000000000	23.6411563915722
0.933100000000000	19.0739216391474
0.933200000000000	23.2165518719246
0.933300000000000	25.3908273928907
0.933400000000000	29.1988533594408
0.933500000000000	29.3667695793186
0.933600000000000	24.9646936700017
0.933700000000000	21.5342789941364
0.933800000000000	15.1587802672172
0.933900000000000	5.64794161525402
0.934000000000000	-5.05854974571936
0.934100000000000	-9.00104117232802
0.934200000000000	-4.24396250413960
0.934300000000000	-10.4439855151799
0.934400000000000	-9.32902930698299
0.934500000000000	-0.734510897430802
0.934600000000000	1.55986827761599
0.934700000000000	9.85011700437132
0.934800000000000	6.14001214363169
0.934900000000000	3.10392018843837
0.935000000000000	-4.27737799540700
0.935100000000000	-2.32641728449160
0.935200000000000	-9.10829568587537
0.935300000000000	-0.773526183573397
0.935400000000000	-6.43542264019914
0.935500000000000	12.8328864954460
0.935600000000000	14.4237167192403
0.935700000000000	23.7425338870394
0.935800000000000	29.2172517775457
0.935900000000000	32.8949664684708
0.936000000000000	32.1136591278107
0.936100000000000	33.6519582527540
0.936200000000000	25.2270095965846
0.936300000000000	24.4100153197461
0.936400000000000	25.7843364806117
0.936500000000000	27.7668539890627
0.936600000000000	30.9824631799597
0.936700000000000	38.9731602966232
0.936800000000000	38.3029916099411
0.936900000000000	41.5383020961740
0.937000000000000	42.4995919543929
0.937100000000000	35.8976498827066
0.937200000000000	30.5435666718863
0.937300000000000	19.0455889541351
0.937400000000000	11.3193996078385
0.937500000000000	9.70935307989320
0.937600000000000	7.53516121088573
0.937700000000000	4.63479692798548
0.937800000000000	11.3787631478967
0.937900000000000	13.1126354120542
0.938000000000000	8.56833859137328
0.938100000000000	4.34491866302214
0.938200000000000	4.20106977778909
0.938300000000000	4.35790955116313
0.938400000000000	-6.15520572917807
0.938500000000000	-6.19773542131188
0.938600000000000	-17.7072742930011
0.938700000000000	-12.9212731030560
0.938800000000000	-12.2441245113958
0.938900000000000	3.00221483079238
0.939000000000000	0.231058812502047
0.939100000000000	9.69011194796677
0.939200000000000	13.2594288285395
0.939300000000000	8.37492409572264
0.939400000000000	13.5080668095462
0.939500000000000	5.39257887918795
0.939600000000000	2.07619805003958
0.939700000000000	7.81417950972245
0.939800000000000	10.8195669953288
0.939900000000000	18.2979408674628
0.940000000000000	24.6256789772738
0.940100000000000	37.1569935582985
0.940200000000000	39.5265309122236
0.940300000000000	43.6683257506994
0.940400000000000	36.2014468936061
0.940500000000000	40.9317272415014
0.940600000000000	30.5905325893718
0.940700000000000	31.6010130267300
0.940800000000000	21.4531551912730
0.940900000000000	24.8434773269675
0.941000000000000	18.6052312249000
0.941100000000000	27.6016525628464
0.941200000000000	34.9711170798594
0.941300000000000	34.4251448238529
0.941400000000000	35.4517899719243
0.941500000000000	28.3597175373577
0.941600000000000	15.5012171845203
0.941700000000000	12.3272114943878
0.941800000000000	3.05520330336973
0.941900000000000	3.32296143751936
0.942000000000000	-3.15695339774225
0.942100000000000	-1.10588648097689
0.942200000000000	0.0968489805653388
0.942300000000000	0.605901445761235
0.942400000000000	6.82176744518086
0.942500000000000	7.51665628970955
0.942600000000000	5.92965455360118
0.942700000000000	-1.76814497980683
0.942800000000000	-10.2543652004577
0.942900000000000	-7.54857915499731
0.943000000000000	-12.6173923622015
0.943100000000000	-5.25246209107110
0.943200000000000	-5.61305021271182
0.943300000000000	7.74942921387742
0.943400000000000	17.1037496291554
0.943500000000000	15.4189929787001
0.943600000000000	25.1803075392408
0.943700000000000	28.3899625178591
0.943800000000000	25.5881940716574
0.943900000000000	19.3393008194387
0.944000000000000	15.8334337108675
0.944100000000000	23.2564115922202
0.944200000000000	22.3260517371701
0.944300000000000	20.4511734491296
0.944400000000000	27.8778205311323
0.944500000000000	40.8849920304927
0.944600000000000	40.4529096319753
0.944700000000000	47.4411294184805
0.944800000000000	45.9890216269833
0.944900000000000	35.7956594769127
0.945000000000000	35.2537573522797
0.945100000000000	27.2105889659694
0.945200000000000	14.1101282097559
0.945300000000000	16.6795264116918
0.945400000000000	17.5870300616986
0.945500000000000	19.4240257515373
0.945600000000000	17.2515392738924
0.945700000000000	23.0007429222225
0.945800000000000	15.1553583924511
0.945900000000000	12.5708404968352
0.946000000000000	10.1051607215552
0.946100000000000	1.66376689231350
0.946200000000000	-6.56588348490623
0.946300000000000	-7.68838685510185
0.946400000000000	-10.5931612670465
0.946500000000000	-14.1129523162775
0.946600000000000	-10.2529546783429
0.946700000000000	1.10496785565396
0.946800000000000	3.88183071520304
0.946900000000000	4.41572343249900
0.947000000000000	3.08366682115559
0.947100000000000	6.80696292999017
0.947200000000000	1.78593209617913
0.947300000000000	-2.68858122164670
0.947400000000000	-0.656351027933431
0.947500000000000	1.23570188640830
0.947600000000000	6.20414025558953
0.947700000000000	10.9979497196300
0.947800000000000	21.6795443986360
0.947900000000000	29.3196305396067
0.948000000000000	34.5889624234097
0.948100000000000	37.7830714963141
0.948200000000000	35.8060491809770
0.948300000000000	38.2301316969658
0.948400000000000	31.8204779326995
0.948500000000000	24.2961432460966
0.948600000000000	30.3274975006487
0.948700000000000	20.7479013706558
0.948800000000000	28.2971015718068
0.948900000000000	36.4874426752395
0.949000000000000	42.9863709783097
0.949100000000000	36.8800803250951
0.949200000000000	43.5809184583796
0.949300000000000	36.8973075054043
0.949400000000000	27.5746989430043
0.949500000000000	15.7328185265361
0.949600000000000	8.97575787564560
0.949700000000000	9.29761747272349
0.949800000000000	5.71493677401397
0.949900000000000	2.86332507064185
0.950000000000000	4.78268016115373
0.950100000000000	11.7056143275765
0.950200000000000	10.1967116556924
0.950300000000000	7.29550942258869
0.950400000000000	4.27851363819136
0.950500000000000	0.124066315084848
0.950600000000000	-9.16906108102175
0.950700000000000	-13.1445205931703
0.950800000000000	-16.1244609409897
0.950900000000000	-11.0448839156111
0.951000000000000	-8.00423255414882
0.951100000000000	0.947087986556344
0.951200000000000	3.04147922677369
0.951300000000000	10.9149004048604
0.951400000000000	20.2922665235173
0.951500000000000	19.4228090056799
0.951600000000000	22.0300657192390
0.951700000000000	18.6176785799273
0.951800000000000	13.5990534747437
0.951900000000000	15.5245477898925
0.952000000000000	16.5202070897345
0.952100000000000	21.2430777482492
0.952200000000000	26.1995578086814
0.952300000000000	38.2610015078003
0.952400000000000	43.8850550985864
0.952500000000000	43.3622015054841
0.952600000000000	42.5929960007097
0.952700000000000	39.6976805228041
0.952800000000000	35.8482399888290
0.952900000000000	23.3149151600028
0.953000000000000	22.4559231941323
0.953100000000000	22.4336792026628
0.953200000000000	22.8612218625011
0.953300000000000	25.7056050055224
0.953400000000000	26.6162167486728
0.953500000000000	25.9321722308710
0.953600000000000	23.8198908918077
0.953700000000000	25.6146301908636
0.953800000000000	16.6849479201679
0.953900000000000	9.46522602076654
0.954000000000000	3.10610978348481
0.954100000000000	-6.70978045125091
0.954200000000000	-10.8372850540106
0.954300000000000	-8.54036226397449
0.954400000000000	-4.14621190077460
0.954500000000000	-7.32119258902649
0.954600000000000	5.01997260444861
0.954700000000000	-0.807499617749304
0.954800000000000	3.98706831432986
0.954900000000000	1.19879716506242
0.955000000000000	-7.83047753657949
0.955100000000000	-6.33784179818273
0.955200000000000	-4.63536040554562
0.955300000000000	-1.91553295180349
0.955400000000000	-2.75783071346157
0.955500000000000	3.50692066750288
0.955600000000000	20.3568496407276
0.955700000000000	24.0891897942295
0.955800000000000	27.4414448437697
0.955900000000000	30.9828463571433
0.956000000000000	29.5956917621470
0.956100000000000	29.9885765685349
0.956200000000000	28.1626409992909
0.956300000000000	18.7842576213620
0.956400000000000	17.8983870620989
0.956500000000000	26.5656022738270
0.956600000000000	30.0261580231021
0.956700000000000	40.9277647919434
0.956800000000000	40.0228973367632
0.956900000000000	41.6026312513433
0.957000000000000	37.6626498545071
0.957100000000000	40.8139612224428
0.957200000000000	32.5933555459245
0.957300000000000	20.1641011649533
0.957400000000000	13.1419441597674
0.957500000000000	12.0152750736009
0.957600000000000	4.17311654580555
0.957700000000000	7.30690626179813
0.957800000000000	9.13543132495024
0.957900000000000	12.4871886110676
0.958000000000000	21.1611667342459
0.958100000000000	7.00263081594840
0.958200000000000	1.47530350906355
0.958300000000000	4.93628370665564
0.958400000000000	-7.09803066686638
0.958500000000000	-10.1535225228763
0.958600000000000	-17.9372028222837
0.958700000000000	-15.7552814124654
0.958800000000000	-8.66389762595768
0.958900000000000	-4.38594952579992
0.959000000000000	8.49100140695898
0.959100000000000	10.6118014069075
0.959200000000000	10.3583546719922
0.959300000000000	9.96220129360160
0.959400000000000	9.16649970494478
0.959500000000000	10.2956118915429
0.959600000000000	8.54882828758442
0.959700000000000	10.0579676277386
0.959800000000000	7.67686968163985
0.959900000000000	16.4739071962873
0.960000000000000	29.1022064184761
0.960100000000000	28.5056284407092
0.960200000000000	40.4915807741589
0.960300000000000	38.5940239131768
0.960400000000000	43.9002696483732
0.960500000000000	36.7812850674445
0.960600000000000	38.4720133832432
0.960700000000000	27.4893814388399
0.960800000000000	27.0746549230865
0.960900000000000	20.6968025937291
0.961000000000000	24.6489274364589
0.961100000000000	30.1078801850992
0.961200000000000	23.9196123421735
0.961300000000000	33.4217413882431
0.961400000000000	29.5838061026500
0.961500000000000	25.8192125972616
0.961600000000000	20.6297007441002
0.961700000000000	17.3859279851480
0.961800000000000	-0.227956360437968
0.961900000000000	-3.33218222571890
0.962000000000000	-6.86879345338193
0.962100000000000	-6.15461363850409
0.962200000000000	-0.993355916835432
0.962300000000000	3.94926931915786
0.962400000000000	4.57822280652190
0.962500000000000	1.93967013024655
0.962600000000000	1.03296424800105
0.962700000000000	2.06243537311890
0.962800000000000	-5.54843400642650
0.962900000000000	-8.08302408562378
0.963000000000000	-7.85572643362698
0.963100000000000	-7.16517840831608
0.963200000000000	-9.35991835641891
0.963300000000000	5.42733547495646
0.963400000000000	9.30703722817069
0.963500000000000	20.2163337387866
0.963600000000000	21.5327679904684
0.963700000000000	26.6848568494419
0.963800000000000	21.0029648811126
0.963900000000000	27.7036869041240
0.964000000000000	15.7879168520407
0.964100000000000	14.7912514667422
0.964200000000000	17.5576688041092
0.964300000000000	24.7871226801657
0.964400000000000	33.5866119805049
0.964500000000000	37.1584533596919
0.964600000000000	43.0182573268422
0.964700000000000	41.3677760646166
0.964800000000000	42.1755615391321
0.964900000000000	40.4338443560123
0.965000000000000	39.3539368955851
0.965100000000000	23.2410744974327
0.965200000000000	14.0260477534528
0.965300000000000	11.7818067815833
0.965400000000000	16.0810037540524
0.965500000000000	19.1827926419068
0.965600000000000	22.3121782475626
0.965700000000000	23.3197998842620
0.965800000000000	20.3618850430009
0.965900000000000	20.0300758866184
0.966000000000000	12.5321245883027
0.966100000000000	3.97670301705258
0.966200000000000	-1.74028216804852
0.966300000000000	-13.5990334403534
0.966400000000000	-15.8842349062868
0.966500000000000	-12.5994550728345
0.966600000000000	-10.3376983065602
0.966700000000000	-5.75212227370449
0.966800000000000	5.63986671053194
0.966900000000000	4.74235370619049
0.967000000000000	9.90503209903855
0.967100000000000	1.10142767622419
0.967200000000000	6.67480463669698
0.967300000000000	-0.647684838920712
0.967400000000000	-7.41655061037814
0.967500000000000	-0.979093762055015
0.967600000000000	4.52109317210144
0.967700000000000	15.6914217409508
0.967800000000000	22.1667810567489
0.967900000000000	27.2620884395654
0.968000000000000	35.5704183707063
0.968100000000000	37.1014125374508
0.968200000000000	37.2984050709432
0.968300000000000	37.1853877232228
0.968400000000000	32.6441923334095
0.968500000000000	21.9624214461874
0.968600000000000	29.2519953932900
0.968700000000000	29.2410720722387
0.968800000000000	28.8757177606666
0.968900000000000	30.6286962901046
0.969000000000000	36.5526636552410
0.969100000000000	39.5477688128109
0.969200000000000	32.6921200750779
0.969300000000000	31.2643729163898
0.969400000000000	25.1726341632982
0.969500000000000	18.6062866621557
0.969600000000000	11.9091149160513
0.969700000000000	7.15238081056287
0.969800000000000	6.33771052148941
0.969900000000000	-1.48192329789013
0.970000000000000	0.398232721707149
0.970100000000000	10.7935841386569
0.970200000000000	3.55275076972676
0.970300000000000	4.96868496982811
0.970400000000000	7.64181831212405
0.970500000000000	-6.06197755107589
0.970600000000000	-4.58152510079514
0.970700000000000	-8.37978986799532
0.970800000000000	-17.4546727942414
0.970900000000000	-10.0176363650518
0.971000000000000	-13.6105922302287
0.971100000000000	-3.11038790852479
0.971200000000000	6.59087013647300
0.971300000000000	12.3944760119223
0.971400000000000	18.7435808408738
0.971500000000000	19.5376146861305
0.971600000000000	20.6962637846423
0.971700000000000	11.8988490876757
0.971800000000000	12.1018792459950
0.971900000000000	18.0542125551451
0.972000000000000	17.6924210339631
0.972100000000000	22.4238914770022
0.972200000000000	28.7150265925129
0.972300000000000	40.6287557203587
0.972400000000000	48.3786632434353
0.972500000000000	40.5515163899862
0.972600000000000	44.3811343373059
0.972700000000000	43.5568069735939
0.972800000000000	34.9476192909919
0.972900000000000	18.8872724208813
0.973000000000000	20.0850687134430
0.973100000000000	18.7254847847637
0.973200000000000	19.6881024456816
0.973300000000000	26.7437258113296
0.973400000000000	31.8957815226237
0.973500000000000	28.5244639373391
0.973600000000000	28.9805091387224
0.973700000000000	25.8858695734172
0.973800000000000	13.5318867804534
0.973900000000000	4.64726331110768
0.974000000000000	-0.825936663785257
0.974100000000000	-5.69165836025395
0.974200000000000	-14.1427472677040
0.974300000000000	-7.40585884816904
0.974400000000000	-7.27690627816432
0.974500000000000	-3.81563041551202
0.974600000000000	5.65417993959119
0.974700000000000	5.30247577552590
0.974800000000000	3.85878097967485
0.974900000000000	1.44220001997148
0.975000000000000	-2.42860102357933
0.975100000000000	-1.68901200921970
0.975200000000000	-12.1176072797763
0.975300000000000	-6.58768526474408
0.975400000000000	-6.44670848431581
0.975500000000000	10.2358315018982
0.975600000000000	11.4237226633051
0.975700000000000	21.3410315804334
0.975800000000000	26.7144741838673
0.975900000000000	35.8710481338363
0.976000000000000	31.9092357648837
0.976100000000000	28.6890586576831
0.976200000000000	24.2155832712741
0.976300000000000	26.3670441146964
0.976400000000000	19.1506471767951
0.976500000000000	24.0198475543319
0.976600000000000	32.7111688424480
0.976700000000000	31.1422570701133
0.976800000000000	40.9132899627346
0.976900000000000	41.4237733654588
0.977000000000000	47.0676992408442
0.977100000000000	40.3129561366978
0.977200000000000	29.4601280566178
0.977300000000000	22.3225037757205
0.977400000000000	13.1954977943751
0.977500000000000	19.1490241018546
0.977600000000000	6.74918960772725
0.977700000000000	1.89419595933706
0.977800000000000	8.82070362835674
0.977900000000000	11.5685665161174
0.978000000000000	8.59352739851665
0.978100000000000	12.4767045928077
0.978200000000000	11.1884084198256
0.978300000000000	-1.52995034612941
0.978400000000000	-11.0008340955072
0.978500000000000	-14.7620104760640
0.978600000000000	-13.9903352590157
0.978700000000000	-14.4047599167207
0.978800000000000	-15.8346815122431
0.978900000000000	-1.38058329805754
0.979000000000000	5.57719584383979
0.979100000000000	3.59189740551811
0.979200000000000	12.9036548610186
0.979300000000000	15.0228769137916
0.979400000000000	12.5181784013679
0.979500000000000	6.73950215143085
0.979600000000000	9.22632864536492
0.979700000000000	2.83690379937914
0.979800000000000	4.45794485144465
0.979900000000000	20.4000152920214
0.980000000000000	25.6824813259553
0.980100000000000	35.5123086550249
0.980200000000000	36.6468907006266
0.980300000000000	47.5177150919059
0.980400000000000	39.9054363598844
0.980500000000000	40.2333882554004
0.980600000000000	29.3308482844217
0.980700000000000	24.6516619118136
0.980800000000000	21.5648798797070
0.980900000000000	22.7815241856649
0.981000000000000	26.8818305576728
0.981100000000000	32.0425839708613
0.981200000000000	35.3224645985400
0.981300000000000	35.6891523307357
0.981400000000000	34.3203371245407
0.981500000000000	26.9558151721462
0.981600000000000	18.4314620214485
0.981700000000000	11.2861664243652
0.981800000000000	4.96072105142203
0.981900000000000	-4.70639761773629
0.982000000000000	-0.379038018965243
0.982100000000000	-0.187344149699140
0.982200000000000	0.258736795377144
0.982300000000000	3.31963819389197
0.982400000000000	1.99612158474876
0.982500000000000	-2.02491780448174
0.982600000000000	1.35434713398836
0.982700000000000	-4.43796572440493
0.982800000000000	-2.75315992647210
0.982900000000000	-4.34644469293461
0.983000000000000	-10.5035876194323
0.983100000000000	-11.2577022647451
0.983200000000000	-8.18443511528767
0.983300000000000	0.839026635393720
0.983400000000000	13.3319047584885
0.983500000000000	18.6990162432266
0.983600000000000	30.0139349271907
0.983700000000000	23.4510206553329
0.983800000000000	16.8770654543765
0.983900000000000	23.2777439419671
0.984000000000000	16.8698976619630
0.984100000000000	20.5871860347566
0.984200000000000	20.7865009997214
0.984300000000000	29.3197156894739
0.984400000000000	24.8702749238423
0.984500000000000	38.7631065780466
0.984600000000000	44.8248159582021
0.984700000000000	40.9389694985389
0.984800000000000	47.1816535105710
0.984900000000000	46.1827705296371
0.985000000000000	32.8604569409935
0.985100000000000	28.0393496098769
0.985200000000000	19.1203793779451
0.985300000000000	10.0132640150114
0.985400000000000	15.8705569991746
0.985500000000000	14.0753256883113
0.985600000000000	17.2548811682764
0.985700000000000	21.7850375271976
0.985800000000000	22.4667612920982
0.985900000000000	11.4498616684274
0.986000000000000	15.7065483992969
0.986100000000000	4.91154766979945
0.986200000000000	-5.87724558816818
0.986300000000000	-8.08794595128261
0.986400000000000	-17.0170382472563
0.986500000000000	-12.9498034548383
0.986600000000000	-6.34279330053965
0.986700000000000	-4.46941981715519
0.986800000000000	1.68152747973605
0.986900000000000	3.83086657180490
0.987000000000000	9.03246455221519
0.987100000000000	6.02243917147361
0.987200000000000	3.38220790971278
0.987300000000000	6.25942895064910
0.987400000000000	0.786303682836582
0.987500000000000	-1.39089988857671
0.987600000000000	6.42967016773521
0.987700000000000	6.15845392223653
0.987800000000000	15.3096671070033
0.987900000000000	27.4220852215432
0.988000000000000	32.4070294552697
0.988100000000000	37.0067360112830
0.988200000000000	40.5083774480976
0.988300000000000	35.5934855202745
0.988400000000000	24.3253455672153
0.988500000000000	25.2879534291149
0.988600000000000	30.4992605232682
0.988700000000000	23.2388796303412
0.988800000000000	20.2348963094977
0.988900000000000	26.7113268216519
0.989000000000000	33.7543350399220
0.989100000000000	41.6596433689417
0.989200000000000	35.9354128687764
0.989300000000000	33.6035826810790
0.989400000000000	24.5324517319197
0.989500000000000	14.8462146335364
0.989600000000000	12.9763650335763
0.989700000000000	-1.90878964983990
0.989800000000000	-3.93547661037461
0.989900000000000	0.129393384979215
0.990000000000000	6.80767043459657
0.990100000000000	10.6219378395108
0.990200000000000	2.40815143400432
0.990300000000000	9.86180769709647
0.990400000000000	1.96436497737073
0.990500000000000	-2.00701955548630
0.990600000000000	-13.4930784056552
0.990700000000000	-13.5631189009894
0.990800000000000	-17.3482074758371
0.990900000000000	-15.5593384511122
0.991000000000000	-3.60257937028464
0.991100000000000	2.80096407899530
0.991200000000000	8.80767799696905
0.991300000000000	10.0728706130784
0.991400000000000	14.2401048569079
0.991500000000000	20.2557472410867
0.991600000000000	11.7208854458720
0.991700000000000	14.9748657089547
0.991800000000000	10.6852206970474
0.991900000000000	14.1588446359379
0.992000000000000	11.9808591446792
0.992100000000000	20.8832590969694
0.992200000000000	23.2535876741982
0.992300000000000	36.7187661104621
0.992400000000000	41.5825387200031
0.992500000000000	39.4629934435793
0.992600000000000	43.2710196972892
0.992700000000000	39.8589397564013
0.992800000000000	30.4012703683029
0.992900000000000	29.3615042390489
0.993000000000000	19.7598731327593
0.993100000000000	13.7778982744643
0.993200000000000	19.1424364168542
0.993300000000000	19.8172790494330
0.993400000000000	23.6341987767188
0.993500000000000	22.7546963017653
0.993600000000000	29.1333559486206
0.993700000000000	17.8903110537881
0.993800000000000	14.6818890674706
0.993900000000000	5.54053890859175
0.994000000000000	-0.146356351597234
0.994100000000000	-11.1120477855088
0.994200000000000	-9.54841634079307
0.994300000000000	-7.17940504136664
0.994400000000000	-7.18499927033520
0.994500000000000	-2.85369282298090
0.994600000000000	4.39239832814964
0.994700000000000	5.10429708814264
0.994800000000000	11.1507550423243
0.994900000000000	2.83305309043224
0.995000000000000	-8.21948949761798
0.995100000000000	-3.23646274481193
0.995200000000000	-4.96882786697816
0.995300000000000	-8.93871631682678
0.995400000000000	-2.51196684564266
0.995500000000000	9.92085176164758
0.995600000000000	13.1929669321629
0.995700000000000	22.7086847680429
0.995800000000000	31.0458488090476
0.995900000000000	29.1334750378834
0.996000000000000	32.8031681383306
0.996100000000000	28.9040700691401
0.996200000000000	31.0390072005284
0.996300000000000	24.5040913162935
0.996400000000000	21.1841466480614
0.996500000000000	28.7677723399258
0.996600000000000	29.4235068907174
0.996700000000000	40.0878656723558
0.996800000000000	36.5493976848661
0.996900000000000	46.7339032933037
0.997000000000000	43.1290561106414
0.997100000000000	38.5941688941328
0.997200000000000	27.7261597282060
0.997300000000000	23.0217462605972
0.997400000000000	13.1911086516279
0.997500000000000	9.75239053265368
0.997600000000000	5.13672250882334
0.997700000000000	10.8416504183471
0.997800000000000	10.9225860803401
0.997900000000000	16.0657582027221
0.998000000000000	16.4431958792741
0.998100000000000	8.82772268399562
0.998200000000000	2.67925354418811
0.998300000000000	-3.48593023554685
0.998400000000000	-10.4194244579192
0.998500000000000	-16.4598514929043
0.998600000000000	-18.1062360795283
0.998700000000000	-14.3542073911962
0.998800000000000	-11.7746540732779
0.998900000000000	0.350832075751775
0.999000000000000	5.33973590700099
0.999100000000000	13.4136445055525
0.999200000000000	14.0524482786291
0.999300000000000	14.6188250815817
0.999400000000000	12.1748517893428
0.999500000000000	4.46140148020234
0.999600000000000	3.53541932682747
0.999700000000000	6.30337982425011
0.999800000000000	10.0373544822741
0.999900000000000	20.0586692075860
1	24.8808441783307